mob_id,item_id,chance_text,min,max,questid
100100,4000019,36%,1,1,0
100100,2060000,3%,1,1,0
100100,2061000,3%,1,1,0
100100,2000000,2%,1,1,0
100100,2010009,2%,1,1,0
100100,4010000,0.9%,1,1,0
100100,4020000,0.9%,1,1,0
100100,2380000,0.1%,1,1,0
100100,1002067,0.09%,1,1,0
100100,2040002,0.03%,1,1,0
100100,2041001,0.03%,1,1,0
100101,4000000,36%,1,1,0
100101,2060000,3%,1,1,0
100101,2061000,3%,1,1,0
100101,2000000,2%,1,1,0
100101,2010009,2%,1,1,0
100101,4010001,0.9%,1,1,0
100101,4020001,0.9%,1,1,0
100101,2380001,0.1%,1,1,0
100101,1040013,0.08%,1,1,0
100101,1040017,0.08%,1,1,0
100101,1041012,0.08%,1,1,0
100101,1060004,0.08%,1,1,0
100101,1060013,0.08%,1,1,0
100101,2041006,0.03%,1,1,0
100121,4000483,40%,1,1,0
100124,1902031,0.1%,1,1,0
100124,1912024,0.1%,1,1,0
100130,4000493,36%,1,1,0
100130,2010000,2%,1,1,0
100130,2010009,2%,1,1,0
100130,4010005,0.9%,1,1,0
100130,4020005,0.9%,1,1,0
100130,2380015,0.1%,1,1,0
100130,1002008,0.09%,1,1,0
100130,1040010,0.08%,1,1,0
100130,1041004,0.08%,1,1,0
100130,1060007,0.08%,1,1,0
100130,2040003,0.03%,1,1,0
100131,4000494,36%,1,1,0
100131,2000000,2%,1,1,0
100131,2010009,2%,1,1,0
100131,4010006,0.9%,1,1,0
100131,4020006,0.9%,1,1,0
100131,2380016,0.1%,1,1,0
100131,1002002,0.09%,1,1,0
100131,1002019,0.09%,1,1,0
100131,1040013,0.08%,1,1,0
100131,1041012,0.08%,1,1,0
100131,1060004,0.08%,1,1,0
100131,1072005,0.08%,1,1,0
100131,2040400,0.03%,1,1,0
100131,2040618,0.03%,1,1,0
100132,4000495,36%,1,1,0
100132,2000000,2%,1,1,0
100132,2010009,2%,1,1,0
100132,4010000,0.9%,1,1,0
100132,4020007,0.9%,1,1,0
100132,2380017,0.1%,1,1,0
100132,1002001,0.09%,1,1,0
100132,1002003,0.09%,1,1,0
100132,1040014,0.08%,1,1,0
100132,1040015,0.08%,1,1,0
100132,1041014,0.08%,1,1,0
100132,1060008,0.08%,1,1,0
100132,1061014,0.08%,1,1,0
100132,1072004,0.08%,1,1,0
100132,1082003,0.06%,1,1,0
100132,1442000,0.045%,1,1,0
100132,2040823,0.03%,1,1,0
100132,2041018,0.03%,1,1,0
100133,4000496,36%,1,1,0
100133,2000000,2%,1,1,0
100133,2010009,2%,1,1,0
100133,4010001,0.9%,1,1,0
100133,4020003,0.9%,1,1,0
100133,1032001,0.1%,1,1,0
100133,2380018,0.1%,1,1,0
100133,1002007,0.09%,1,1,0
100133,1002041,0.09%,1,1,0
100133,1040038,0.08%,1,1,0
100133,1041064,0.08%,1,1,0
100133,1060028,0.08%,1,1,0
100133,1061023,0.08%,1,1,0
100133,1072009,0.08%,1,1,0
100133,1082000,0.06%,1,1,0
100133,1442006,0.045%,1,1,0
100133,2041004,0.03%,1,1,0
100133,2048000,0.03%,1,1,0
100134,4000497,36%,1,1,0
100134,2000000,2%,1,1,0
100134,2010009,2%,1,1,0
100134,4010002,0.9%,1,1,0
100134,4020002,0.9%,1,1,0
100134,1032003,0.1%,1,1,0
100134,2380019,0.1%,1,1,0
100134,1002042,0.09%,1,1,0
100134,1002051,0.09%,1,1,0
100134,1040009,0.08%,1,1,0
100134,1060009,0.08%,1,1,0
100134,1072050,0.08%,1,1,0
100134,1051000,0.045%,1,1,0
100134,2040500,0.03%,1,1,0
100134,2044400,0.03%,1,1,0
120100,4000011,36%,1,1,0
120100,2060000,3%,1,1,0
120100,2061000,3%,1,1,0
120100,2000000,2%,1,1,0
120100,2010009,2%,1,1,0
120100,4010002,0.9%,1,1,0
120100,4020002,0.9%,1,1,0
120100,2380002,0.1%,1,1,0
120100,1002610,0.09%,1,1,0
120100,1060007,0.08%,1,1,0
120100,1061009,0.08%,1,1,0
120100,1062000,0.08%,1,1,0
120100,1332006,0.05%,1,1,0
120100,2041007,0.03%,1,1,0
130100,4001358,99.9999%,1,1,28248
130100,4032498,99.9999%,1,1,22004
130100,4031773,60%,1,1,2145
130100,4000003,36%,1,1,0
130100,4032374,4%,1,1,2405
130100,4032378,4%,1,1,2408
130100,2060000,3%,1,1,0
130100,2061000,3%,1,1,0
130100,2000000,2%,1,1,0
130100,2010009,2%,1,1,0
130100,4032460,0.9999%,1,1,22529
130100,4010003,0.9%,1,1,0
130100,4020003,0.9%,1,1,0
130100,4030009,0.5%,1,1,0
130100,2380003,0.1%,1,1,0
130100,1061014,0.08%,1,1,0
130100,1072007,0.08%,1,1,0
130100,1082003,0.06%,1,1,0
130100,1332000,0.05%,1,1,0
130100,1452003,0.05%,1,1,0
130100,1492000,0.05%,1,1,0
130100,2040402,0.03%,1,1,0
130100,2041008,0.03%,1,1,0
130101,4001359,99.9999%,1,1,28248
130101,4000016,50%,1,1,0
130101,4031846,5%,1,1,2173
130101,2060000,3%,1,1,0
130101,2061000,3%,1,1,0
130101,2000000,2%,1,1,0
130101,2010009,2%,1,1,0
130101,4010004,0.9%,1,1,0
130101,4020004,0.9%,1,1,0
130101,1032003,0.1%,1,1,0
130101,2380004,0.1%,1,1,0
130101,1061029,0.08%,1,1,0
130101,1072060,0.08%,1,1,0
130101,1082029,0.06%,1,1,0
130101,1052095,0.045%,1,1,0
130101,1322007,0.045%,1,1,0
130101,1372002,0.045%,1,1,0
130101,1402001,0.045%,1,1,0
130101,2040502,0.03%,1,1,0
130101,2041009,0.03%,1,1,0
210100,4000004,99.9999%,1,1,0
210100,4031273,50%,1,1,2104
210100,4000010,36%,1,1,0
210100,4032376,4%,1,1,2406
210100,4032377,4%,1,1,2407
210100,2060000,3%,1,1,0
210100,2061000,3%,1,1,0
210100,2000000,2%,1,1,0
210100,2010009,2%,1,1,0
210100,4010005,0.9%,1,1,0
210100,4020005,0.9%,1,1,0
210100,4030000,0.3%,1,1,0
210100,1342000,0.15%,1,1,0
210100,2380005,0.1%,1,1,0
210100,1002019,0.09%,1,1,0
210100,1072023,0.08%,1,1,0
210100,1082019,0.06%,1,1,0
210100,1432001,0.05%,1,1,0
210100,1482000,0.05%,1,1,0
210100,1322007,0.045%,1,1,0
210100,1412001,0.045%,1,1,0
210100,1412012,0.045%,1,1,0
210100,2040602,0.03%,1,1,0
210100,2041018,0.03%,1,1,0
1110100,4031146,100%,1,1,2065
1110100,4001348,99.9999%,1,1,28231
1110100,4032620,99.9999%,1,1,2357
1110100,4000012,36%,1,1,0
1110100,4032379,4%,1,1,2409
1110100,2060000,3%,1,1,0
1110100,2061000,3%,1,1,0
1110100,2000000,2%,1,1,0
1110100,2000001,2%,1,1,0
1110100,2000003,2%,1,1,0
1110100,4010004,0.9%,1,1,0
1110100,4020002,0.9%,1,1,0
1110100,4020003,0.9%,1,1,0
1110100,1032001,0.1%,1,1,0
1110100,2380011,0.1%,1,1,0
1110100,1002010,0.09%,1,1,0
1110100,1002033,0.09%,1,1,0
1110100,1002143,0.09%,1,1,0
1110100,1041017,0.08%,1,1,0
1110100,1041044,0.08%,1,1,0
1110100,1041063,0.08%,1,1,0
1110100,1061012,0.08%,1,1,0
1110100,1061037,0.08%,1,1,0
1110100,1061059,0.08%,1,1,0
1110100,1072285,0.08%,1,1,0
1110100,1432005,0.05%,1,1,0
1110100,1452003,0.05%,1,1,0
1110100,1462002,0.05%,1,1,0
1110100,1482001,0.05%,1,1,0
1110100,1302007,0.045%,1,1,0
1110100,1322000,0.045%,1,1,0
1110100,1412012,0.045%,1,1,0
1110100,2043102,0.03%,1,1,0
1110100,2048000,0.03%,1,1,0
1110100,1092008,0.007%,1,1,0
1110101,4001344,99.9999%,1,1,0
1110101,4001347,99.9999%,1,1,28229
1110101,4001360,99.9999%,1,1,28248
1110101,4032460,99.9999%,1,1,22529
1110101,4032624,99.9999%,1,1,2380
1110101,4000005,36%,1,1,0
1110101,4001356,10%,1,1,0
1110101,4032374,4%,1,1,2405
1110101,4032376,4%,1,1,2406
1110101,2060000,3%,1,1,0
1110101,2061000,3%,1,1,0
1110101,2000000,2%,1,1,0
1110101,2000001,2%,1,1,0
1110101,2000003,2%,1,1,0
1110101,4010001,0.9%,1,1,0
1110101,4020000,0.9%,1,1,0
1110101,4030009,0.5%,1,1,0
1110101,1032001,0.1%,1,1,0
1110101,2380008,0.1%,1,1,0
1110101,1002039,0.09%,1,1,0
1110101,1002613,0.09%,1,1,0
1110101,1041018,0.08%,1,1,0
1110101,1041061,0.08%,1,1,0
1110101,1061013,0.08%,1,1,0
1110101,1061057,0.08%,1,1,0
1110101,1482000,0.05%,1,1,0
1110101,1092003,0.045%,1,1,0
1110101,1302006,0.045%,1,1,0
1110101,1382000,0.045%,1,1,0
1110101,1442000,0.045%,1,1,0
1110101,2040802,0.03%,1,1,0
1110130,4000012,36%,1,1,0
1110130,4032317,9%,1,1,0
1110130,4032318,9%,1,1,0
1110130,4032316,5%,1,1,21714
1110130,4032318,5%,1,1,0
1110130,2060000,3%,1,1,0
1110130,2061000,3%,1,1,0
1110130,2000000,2%,1,1,0
1110130,2000001,2%,1,1,0
1110130,2000003,2%,1,1,0
1110130,4010004,0.9%,1,1,0
1110130,4020002,0.9%,1,1,0
1110130,4020003,0.9%,1,1,0
1110130,1032001,0.1%,1,1,0
1110130,1002010,0.09%,1,1,0
1110130,1002033,0.09%,1,1,0
1110130,1002143,0.09%,1,1,0
1110130,1041017,0.08%,1,1,0
1110130,1041044,0.08%,1,1,0
1110130,1041063,0.08%,1,1,0
1110130,1061012,0.08%,1,1,0
1110130,1061037,0.08%,1,1,0
1110130,1061059,0.08%,1,1,0
1110130,1072285,0.08%,1,1,0
1110130,1432005,0.05%,1,1,0
1110130,1452003,0.05%,1,1,0
1110130,1462002,0.05%,1,1,0
1110130,1482001,0.05%,1,1,0
1110130,1092008,0.045%,1,1,0
1110130,1302007,0.045%,1,1,0
1110130,1322000,0.045%,1,1,0
1110130,1412012,0.045%,1,1,0
1110130,2043102,0.03%,1,1,0
1110130,2048000,0.03%,1,1,0
1120100,4001349,99.9999%,1,1,28235
1120100,4001361,99.9999%,1,1,28250
1120100,4001365,99.9999%,1,1,28192
1120100,4032622,99.9999%,1,1,2359
1120100,4000006,36%,1,1,0
1120100,4032378,4%,1,1,2408
1120100,4032379,4%,1,1,2409
1120100,2060000,3%,1,1,0
1120100,2061000,3%,1,1,0
1120100,2000000,2%,1,1,0
1120100,2000003,2%,1,1,0
1120100,4010003,0.9%,1,1,0
1120100,4020002,0.9%,1,1,0
1120100,4030010,0.2%,1,1,0
1120100,1342000,0.15%,1,1,0
1120100,1032001,0.1%,1,1,0
1120100,2380010,0.1%,1,1,0
1120100,1040037,0.08%,1,1,0
1120100,1041026,0.08%,1,1,0
1120100,1060027,0.08%,1,1,0
1120100,1061022,0.08%,1,1,0
1120100,1482001,0.05%,1,1,0
1120100,1092000,0.045%,1,1,0
1120100,1422000,0.045%,1,1,0
1120100,2043002,0.03%,1,1,0
1130100,4031147,100%,1,1,2065
1130100,4032460,99.9999%,1,1,22529
1130100,4000018,36%,1,1,0
1130100,2060000,3%,1,1,0
1130100,2061000,3%,1,1,0
1130100,2000000,2%,1,1,0
1130100,2000003,2%,1,1,0
1130100,4010005,0.9%,1,1,0
1130100,4020004,0.9%,1,1,0
1130100,1032003,0.1%,1,1,0
1130100,2381000,0.1%,1,1,0
1130100,1002118,0.09%,1,1,0
1130100,1040019,0.08%,1,1,0
1130100,1041045,0.08%,1,1,0
1130100,1060015,0.08%,1,1,0
1130100,1061038,0.08%,1,1,0
1130100,1072008,0.08%,1,1,0
1130100,1492001,0.05%,1,1,0
1130100,1092007,0.045%,1,1,0
1130100,1312016,0.045%,1,1,0
1130100,1372001,0.045%,1,1,0
1130100,1382004,0.045%,1,1,0
1130100,1402001,0.045%,1,1,0
1130100,1402009,0.045%,1,1,0
1130100,2043202,0.03%,1,1,0
1140100,4000195,36%,1,1,0
1140100,2060000,3%,1,1,0
1140100,2061000,3%,1,1,0
1140100,2000000,2%,1,1,0
1140100,2000003,2%,1,1,0
1140100,4032460,0.9999%,1,1,22529
1140100,4010000,0.9%,1,1,0
1140100,4010004,0.9%,1,1,0
1140100,4020007,0.9%,1,1,0
1140100,4030012,0.5%,1,1,0
1140100,2381001,0.1%,1,1,0
1140100,1002107,0.09%,1,1,0
1140100,1002113,0.09%,1,1,0
1140100,1041029,0.08%,1,1,0
1140100,1041062,0.08%,1,1,0
1140100,1061027,0.08%,1,1,0
1140100,1061058,0.08%,1,1,0
1140100,1072046,0.08%,1,1,0
1140100,1072066,0.08%,1,1,0
1140100,1082018,0.06%,1,1,0
1140100,1082180,0.06%,1,1,0
1140100,1050003,0.045%,1,1,0
1140100,1050010,0.045%,1,1,0
1140100,1412012,0.045%,1,1,0
1140100,2040501,0.03%,1,1,0
1140100,2040801,0.03%,1,1,0
1140100,2044802,0.03%,1,1,0
1140100,2048001,0.03%,1,1,0
1140130,4000195,36%,1,1,0
1140130,2060000,3%,1,1,0
1140130,2061000,3%,1,1,0
1140130,2000000,2%,1,1,0
1140130,2000003,2%,1,1,0
1140130,4010000,0.9%,1,1,0
1140130,4010004,0.9%,1,1,0
1140130,4020007,0.9%,1,1,0
1140130,1002107,0.09%,1,1,0
1140130,1002113,0.09%,1,1,0
1140130,1041029,0.08%,1,1,0
1140130,1041062,0.08%,1,1,0
1140130,1061027,0.08%,1,1,0
1140130,1061058,0.08%,1,1,0
1140130,1072046,0.08%,1,1,0
1140130,1072066,0.08%,1,1,0
1140130,1082018,0.06%,1,1,0
1140130,1082180,0.06%,1,1,0
1140130,1050003,0.045%,1,1,0
1140130,1050010,0.045%,1,1,0
1140130,1412012,0.045%,1,1,0
1140130,2040501,0.03%,1,1,0
1140130,2040801,0.03%,1,1,0
1140130,2044802,0.03%,1,1,0
1140130,2048001,0.03%,1,1,0
1210100,4001349,99.9999%,1,1,28235
1210100,4032130,99.9999%,1,1,20707
1210100,4032453,99.9999%,1,1,22503
1210100,4032340,20%,1,1,21710
1210100,4000021,5%,1,1,0
1210100,4031846,5%,1,1,2173
1210100,4000017,4%,1,1,0
1210100,2060000,3%,1,1,0
1210100,2061000,3%,1,1,0
1210100,2000000,2%,1,1,0
1210100,2010009,2%,1,1,0
1210100,4010006,0.9%,1,1,0
1210100,4020006,0.9%,1,1,0
1210100,4030011,0.2%,1,1,0
1210100,2380006,0.1%,1,1,0
1210100,1002008,0.09%,1,1,0
1210100,1002610,0.09%,1,1,0
1210100,1040034,0.08%,1,1,0
1210100,1041014,0.08%,1,1,0
1210100,1061028,0.08%,1,1,0
1210100,1062002,0.08%,1,1,0
1210100,1472000,0.05%,1,1,0
1210100,1422000,0.045%,1,1,0
1210100,2040702,0.03%,1,1,0
1210100,2041021,0.03%,1,1,0
1210100,1442012,0.01%,1,1,0
1210100,1442013,0.01%,1,1,0
1210101,4001341,99.9999%,1,1,28172
1210101,4001342,99.9999%,1,1,28175
1210101,4001343,99.9999%,1,1,0
1210101,4001350,99.9999%,1,1,28235
1210101,4001357,99.9999%,1,1,28244
1210101,4000002,36%,1,1,0
1210101,4003004,20%,1,1,0
1210101,4000021,5%,1,1,0
1210101,4032377,4%,1,1,2407
1210101,2060000,3%,1,1,0
1210101,2061000,3%,1,1,0
1210101,2000000,2%,1,1,0
1210101,4010002,0.9%,1,1,0
1210101,4020001,0.9%,1,1,0
1210101,4030012,0.5%,1,1,0
1210101,1342000,0.15%,1,1,0
1210101,1032003,0.1%,1,1,0
1210101,2380009,0.1%,1,1,0
1210101,1040011,0.08%,1,1,0
1210101,1040014,0.08%,1,1,0
1210101,1040034,0.08%,1,1,0
1210101,1041012,0.08%,1,1,0
1210101,1060024,0.08%,1,1,0
1210101,1072285,0.08%,1,1,0
1210101,1492000,0.05%,1,1,0
1210101,1052098,0.045%,1,1,0
1210101,1402018,0.045%,1,1,0
1210101,2040902,0.03%,1,1,0
1210102,4001345,99.9999%,1,1,28170
1210102,4001354,99.9999%,1,1,28209
1210102,4001364,99.9999%,1,1,28192
1210102,4000001,36%,1,1,0
1210102,4032314,15%,1,1,21709
1210102,2060000,3%,1,1,0
1210102,2061000,3%,1,1,0
1210102,2000000,2%,1,1,0
1210102,4010000,0.9%,1,1,0
1210102,4020007,0.9%,1,1,0
1210102,2330000,0.4%,1,1,0
1210102,4030001,0.2%,1,1,0
1210102,2380007,0.1%,1,1,0
1210102,1002043,0.09%,1,1,0
1210102,1072004,0.08%,1,1,0
1210102,1072015,0.08%,1,1,0
1210102,1072031,0.08%,1,1,0
1210102,1002419,0.06%,1,1,0
1210102,1082012,0.06%,1,1,0
1210102,1432037,0.06%,1,1,0
1210102,1432000,0.05%,1,1,0
1210102,1052095,0.045%,1,1,0
1210102,1312000,0.045%,1,1,0
1210102,2040705,0.03%,1,1,0
1210103,4032620,99.9999%,1,1,2357
1210103,4032621,99.9999%,1,1,2378
1210103,4000037,36%,1,1,0
1210103,2060000,3%,1,1,0
1210103,2061000,3%,1,1,0
1210103,2000000,2%,1,1,0
1210103,2000003,2%,1,1,0
1210103,4006000,1%,1,1,0
1210103,4010002,0.9%,1,1,0
1210103,4020005,0.9%,1,1,0
1210103,2330000,0.4%,1,1,0
1210103,1342000,0.15%,1,1,0
1210103,2380012,0.1%,1,1,0
1210103,1002075,0.09%,1,1,0
1210103,1040035,0.08%,1,1,0
1210103,1041062,0.08%,1,1,0
1210103,1060025,0.08%,1,1,0
1210103,1061058,0.08%,1,1,0
1210103,1072019,0.08%,1,1,0
1210103,1082180,0.06%,1,1,0
1210103,1432000,0.05%,1,1,0
1210103,1492001,0.05%,1,1,0
1210103,1402018,0.045%,1,1,0
1210103,1412012,0.045%,1,1,0
1210103,2041004,0.03%,1,1,0
1210103,2041015,0.03%,1,1,0
1210103,2043302,0.03%,1,1,0
1210103,2048001,0.03%,1,1,0
1210103,1432008,0.005%,1,1,0
2100100,4000324,36%,1,1,0
2100100,4003004,20%,1,1,0
2100100,2060000,3%,1,1,0
2100100,2061000,3%,1,1,0
2100100,2000001,2%,1,1,0
2100100,2000003,2%,1,1,0
2100100,4010001,0.9%,1,1,0
2100100,4010007,0.9%,1,1,0
2100100,4020006,0.9%,1,1,0
2100100,1032009,0.1%,1,1,0
2100100,1902059,0.1%,1,1,0
2100100,1912052,0.1%,1,1,0
2100100,2381004,0.1%,1,1,0
2100100,1002119,0.09%,1,1,0
2100100,1072007,0.08%,1,1,0
2100100,1072288,0.08%,1,1,0
2100100,1082002,0.06%,1,1,0
2100100,1332010,0.05%,1,1,0
2100100,1050005,0.045%,1,1,0
2100100,1050025,0.045%,1,1,0
2100100,1382002,0.045%,1,1,0
2100100,2040420,0.03%,1,1,0
2100100,2040601,0.03%,1,1,0
2100100,2049000,0.015%,1,1,0
2100101,4000325,36%,1,1,0
2100101,4003004,20%,1,1,0
2100101,2060000,3%,1,1,0
2100101,2061000,3%,1,1,0
2100101,2000001,2%,1,1,0
2100101,2000003,2%,1,1,0
2100101,2002002,2%,1,1,0
2100101,4010006,0.9%,1,1,0
2100101,4010007,0.9%,1,1,0
2100101,4020001,0.9%,1,1,0
2100101,2381005,0.1%,1,1,0
2100101,1002129,0.09%,1,1,0
2100101,1041027,0.08%,1,1,0
2100101,1060017,0.08%,1,1,0
2100101,1061025,0.08%,1,1,0
2100101,1061028,0.08%,1,1,0
2100101,1082183,0.06%,1,1,0
2100101,1472006,0.05%,1,1,0
2100101,1092021,0.045%,1,1,0
2100101,2044210,0.03%,1,1,0
2100101,2044602,0.03%,1,1,0
2100102,4000329,36%,1,1,0
2100102,2060000,3%,1,1,0
2100102,2061000,3%,1,1,0
2100102,2000001,2%,1,1,0
2100102,2000003,2%,1,1,0
2100102,2022155,2%,1,1,0
2100102,4010002,0.9%,1,1,0
2100102,4010007,0.9%,1,1,0
2100102,4020004,0.9%,1,1,0
2100102,1032006,0.1%,1,1,0
2100102,2381010,0.1%,1,1,0
2100102,1002048,0.09%,1,1,0
2100102,1040044,0.08%,1,1,0
2100102,1060033,0.08%,1,1,0
2100102,1072027,0.08%,1,1,0
2100102,1082183,0.06%,1,1,0
2100102,1082186,0.06%,1,1,0
2100102,1462003,0.05%,1,1,0
2100102,1050024,0.045%,1,1,0
2100102,1051004,0.045%,1,1,0
2100102,2040705,0.03%,1,1,0
2100102,2043212,0.03%,1,1,0
2100102,2044102,0.03%,1,1,0
2100102,2044901,0.03%,1,1,0
2100103,4000330,36%,1,1,0
2100103,2060000,3%,1,1,0
2100103,2061000,3%,1,1,0
2100103,2000001,2%,1,1,0
2100103,2000003,2%,1,1,0
2100103,2022155,2%,1,1,0
2100103,4010003,0.9%,1,1,0
2100103,4010007,0.9%,1,1,0
2100103,4020004,0.9%,1,1,0
2100103,2381023,0.1%,1,1,0
2100103,1002096,0.09%,1,1,0
2100103,1041058,0.08%,1,1,0
2100103,1061054,0.08%,1,1,0
2100103,1072054,0.08%,1,1,0
2100103,1072078,0.08%,1,1,0
2100103,1072291,0.08%,1,1,0
2100103,1082016,0.06%,1,1,0
2100103,1432002,0.05%,1,1,0
2100103,1050011,0.045%,1,1,0
2100103,1092002,0.045%,1,1,0
2100103,1322009,0.045%,1,1,0
2100103,2040501,0.03%,1,1,0
2100103,2044314,0.03%,1,1,0
2100104,4000331,36%,1,1,0
2100104,2060000,3%,1,1,0
2100104,2061000,3%,1,1,0
2100104,2000001,2%,1,1,0
2100104,2000003,2%,1,1,0
2100104,2002003,2%,1,1,0
2100104,2022155,2%,1,1,0
2100104,4004001,1%,1,1,0
2100104,4010007,0.9%,1,1,0
2100104,4020005,0.9%,1,1,0
2100104,4020006,0.9%,1,1,0
2100104,2381028,0.1%,1,1,0
2100104,1002004,0.09%,1,1,0
2100104,1040068,0.08%,1,1,0
2100104,1060057,0.08%,1,1,0
2100104,1072087,0.08%,1,1,0
2100104,1082052,0.06%,1,1,0
2100104,1082186,0.06%,1,1,0
2100104,1092019,0.045%,1,1,0
2100104,1322003,0.045%,1,1,0
2100104,1442001,0.045%,1,1,0
2100104,2041002,0.03%,1,1,0
2100104,2043214,0.03%,1,1,0
2100105,4000328,36%,1,1,0
2100105,2060000,3%,1,1,0
2100105,2061000,3%,1,1,0
2100105,2000001,2%,1,1,0
2100105,2000003,2%,1,1,0
2100105,4006001,1%,1,1,0
2100105,4010004,0.9%,1,1,0
2100105,4010007,0.9%,1,1,0
2100105,2330000,0.4%,1,1,0
2100105,2381015,0.1%,1,1,0
2100105,1002013,0.09%,1,1,0
2100105,1002119,0.09%,1,1,0
2100105,1072007,0.08%,1,1,0
2100105,1072086,0.08%,1,1,0
2100105,1082020,0.06%,1,1,0
2100105,1452003,0.05%,1,1,0
2100105,1482003,0.05%,1,1,0
2100105,1052101,0.045%,1,1,0
2100105,1302006,0.045%,1,1,0
2100105,1372004,0.045%,1,1,0
2100105,2040316,0.03%,1,1,0
2100105,2040319,0.03%,1,1,0
2100105,2040902,0.03%,1,1,0
2100105,2044002,0.03%,1,1,0
2100105,2044412,0.03%,1,1,0
2100106,4000326,36%,1,1,0
2100106,2060000,3%,1,1,0
2100106,2061000,3%,1,1,0
2100106,2000001,2%,1,1,0
2100106,2000003,2%,1,1,0
2100106,2002004,2%,1,1,0
2100106,4010007,0.9%,1,1,0
2100106,4020000,0.9%,1,1,0
2100106,4020007,0.9%,1,1,0
2100106,2330000,0.4%,1,1,0
2100106,1032004,0.1%,1,1,0
2100106,2381019,0.1%,1,1,0
2100106,1002055,0.09%,1,1,0
2100106,1040049,0.08%,1,1,0
2100106,1060037,0.08%,1,1,0
2100106,1082068,0.06%,1,1,0
2100106,1432001,0.05%,1,1,0
2100106,1492002,0.05%,1,1,0
2100106,1050001,0.045%,1,1,0
2100106,1402002,0.045%,1,1,0
2100106,2040926,0.03%,1,1,0
2100106,2044501,0.03%,1,1,0
2100107,4000327,36%,1,1,0
2100107,2060000,3%,1,1,0
2100107,2061000,3%,1,1,0
2100107,2000001,2%,1,1,0
2100107,2000003,2%,1,1,0
2100107,4010007,0.9%,1,1,0
2100107,4020002,0.9%,1,1,0
2100107,4020003,0.9%,1,1,0
2100107,2070002,0.1%,1,1,0
2100107,2381025,0.1%,1,1,0
2100107,1002141,0.09%,1,1,0
2100107,1040059,0.08%,1,1,0
2100107,1041054,0.08%,1,1,0
2100107,1060045,0.08%,1,1,0
2100107,1061050,0.08%,1,1,0
2100107,1332004,0.05%,1,1,0
2100107,1492003,0.05%,1,1,0
2100107,1051011,0.045%,1,1,0
2100107,1382017,0.045%,1,1,0
2100107,2048001,0.03%,1,1,0
2100108,4000333,36%,1,1,0
2100108,4031568,30%,1,1,3911
2100108,4003004,20%,1,1,0
2100108,2060000,3%,1,1,0
2100108,2061000,3%,1,1,0
2100108,2000001,2%,1,1,0
2100108,2000003,2%,1,1,0
2100108,2002005,2%,1,1,0
2100108,4004002,1%,1,1,0
2100108,4010001,0.9%,1,1,0
2100108,4010002,0.9%,1,1,0
2100108,4010007,0.9%,1,1,0
2100108,2381030,0.1%,1,1,0
2100108,1002164,0.09%,1,1,0
2100108,1040062,0.08%,1,1,0
2100108,1060051,0.08%,1,1,0
2100108,1082005,0.06%,1,1,0
2100108,1332009,0.05%,1,1,0
2100108,1482003,0.05%,1,1,0
2100108,1050029,0.045%,1,1,0
2100108,1412004,0.045%,1,1,0
2100108,2043002,0.03%,1,1,0
2100108,2043701,0.03%,1,1,0
2100108,2044014,0.03%,1,1,0
2100108,2044214,0.03%,1,1,0
2100108,2044801,0.03%,1,1,0
2110200,4000015,36%,1,1,0
2110200,4032390,36%,1,1,0
2110200,2060000,3%,1,1,0
2110200,2061000,3%,1,1,0
2110200,2000001,2%,1,1,0
2110200,2000003,2%,1,1,0
2110200,2002003,2%,1,1,0
2110200,4010000,0.9%,1,1,0
2110200,4020006,0.9%,1,1,0
2110200,4030012,0.5%,1,1,0
2110200,2330000,0.4%,1,1,0
2110200,1342001,0.15%,1,1,0
2110200,2381007,0.1%,1,1,0
2110200,1002005,0.09%,1,1,0
2110200,1002038,0.09%,1,1,0
2110200,1040044,0.08%,1,1,0
2110200,1041008,0.08%,1,1,0
2110200,1060002,0.08%,1,1,0
2110200,1060033,0.08%,1,1,0
2110200,1061006,0.08%,1,1,0
2110200,1072073,0.08%,1,1,0
2110200,1082000,0.06%,1,1,0
2110200,1462004,0.05%,1,1,0
2110200,1492002,0.05%,1,1,0
2110200,1050006,0.045%,1,1,0
2110200,1052104,0.045%,1,1,0
2110200,1092000,0.045%,1,1,0
2110200,1302004,0.045%,1,1,0
2110200,1442001,0.045%,1,1,0
2110200,1382012,0.04%,1,1,0
2110200,2043214,0.03%,1,1,0
2110200,2044102,0.03%,1,1,0
2110300,4000350,36%,1,1,0
2110300,2060000,3%,1,1,0
2110300,2061000,3%,1,1,0
2110300,2000001,2%,1,1,0
2110300,2000003,2%,1,1,0
2110300,2002004,2%,1,1,0
2110300,4010007,0.9%,1,1,0
2110300,4020000,0.9%,1,1,0
2110300,4020007,0.9%,1,1,0
2110300,1032004,0.1%,1,1,0
2110300,2381020,0.1%,1,1,0
2110300,1002055,0.09%,1,1,0
2110300,1002619,0.09%,1,1,0
2110300,1040049,0.08%,1,1,0
2110300,1060037,0.08%,1,1,0
2110300,1082068,0.06%,1,1,0
2110300,1432001,0.05%,1,1,0
2110300,1050001,0.045%,1,1,0
2110300,1402002,0.045%,1,1,0
2110300,2043214,0.03%,1,1,0
2110300,2044501,0.03%,1,1,0
2110301,4000351,36%,1,1,0
2110301,2060000,3%,1,1,0
2110301,2061000,3%,1,1,0
2110301,2000001,2%,1,1,0
2110301,2000003,2%,1,1,0
2110301,2002005,2%,1,1,0
2110301,4004002,1%,1,1,0
2110301,4010001,0.9%,1,1,0
2110301,4010002,0.9%,1,1,0
2110301,4010007,0.9%,1,1,0
2110301,2330001,0.4%,1,1,0
2110301,2381031,0.1%,1,1,0
2110301,1002164,0.09%,1,1,0
2110301,1040062,0.08%,1,1,0
2110301,1060051,0.08%,1,1,0
2110301,1082005,0.06%,1,1,0
2110301,1332009,0.05%,1,1,0
2110301,1492003,0.05%,1,1,0
2110301,1050029,0.045%,1,1,0
2110301,1412004,0.045%,1,1,0
2110301,2043002,0.03%,1,1,0
2110301,2043114,0.03%,1,1,0
2110301,2043701,0.03%,1,1,0
2130100,4000018,36%,1,1,0
2130100,4000215,36%,1,1,0
2130100,2060000,3%,1,1,0
2130100,2061000,3%,1,1,0
2130100,2000001,2%,1,1,0
2130100,2000003,2%,1,1,0
2130100,4006001,1%,1,1,0
2130100,4031153,1%,1,1,2070
2130100,4032460,0.9999%,1,1,22529
2130100,4010001,0.9%,1,1,0
2130100,4020007,0.9%,1,1,0
2130100,2012002,0.6%,1,1,0
2130100,2070009,0.1%,1,1,0
2130100,2381008,0.1%,1,1,0
2130100,1002097,0.09%,1,1,0
2130100,1002616,0.09%,1,1,0
2130100,1041028,0.08%,1,1,0
2130100,1061006,0.08%,1,1,0
2130100,1061026,0.08%,1,1,0
2130100,1072085,0.08%,1,1,0
2130100,1072087,0.08%,1,1,0
2130100,1472006,0.05%,1,1,0
2130100,1472009,0.05%,1,1,0
2130100,1472012,0.05%,1,1,0
2130100,1051003,0.045%,1,1,0
2130100,1051004,0.045%,1,1,0
2130100,2044012,0.03%,1,1,0
2130100,2044202,0.03%,1,1,0
2130100,2044210,0.03%,1,1,0
2130103,4000034,36%,1,1,0
2130103,2000001,2%,1,1,0
2130103,2010003,2%,1,1,0
2130103,4010002,0.9%,1,1,0
2130103,4020006,0.9%,1,1,0
2130103,2381006,0.1%,1,1,0
2130103,1002027,0.09%,1,1,0
2130103,1041021,0.08%,1,1,0
2130103,1041031,0.08%,1,1,0
2130103,1061018,0.08%,1,1,0
2130103,1061028,0.08%,1,1,0
2130103,1072069,0.08%,1,1,0
2130103,1332008,0.05%,1,1,0
2130103,1482002,0.05%,1,1,0
2130103,1050005,0.045%,1,1,0
2130103,2040617,0.03%,1,1,0
2130103,2040816,0.03%,1,1,0
2130103,2040902,0.03%,1,1,0
2130103,2048003,0.03%,1,1,0
2220000,2210006,36%,1,1,0
2220000,4000000,36%,1,1,0
2220000,4000016,36%,1,1,0
2220000,4000019,36%,1,1,0
2220000,2060000,30%,1,1,0
2220000,2061000,30%,1,1,0
2220000,2000000,20%,1,1,0
2220000,2010009,20%,1,1,0
2220000,2020014,20%,1,1,0
2220000,2022468,20%,1,1,0
2220000,2022468,20%,1,1,0
2220000,2022468,20%,1,1,0
2220000,4010000,9%,1,1,0
2220000,4020000,9%,1,1,0
2220000,2330000,4%,1,1,0
2220000,1002049,1.5%,1,1,0
2220000,1002073,1.5%,1,1,0
2220000,1002150,1.5%,1,1,0
2220000,1002159,1.5%,1,1,0
2220000,1002619,1.5%,1,1,0
2220000,4001002,1.2%,1,1,0
2220000,2070000,1%,1,1,0
2220000,1040023,0.8%,1,1,0
2220000,1040041,0.8%,1,1,0
2220000,1040050,0.8%,1,1,0
2220000,1041024,0.8%,1,1,0
2220000,1041033,0.8%,1,1,0
2220000,1041060,0.8%,1,1,0
2220000,1050025,0.7%,1,1,0
2220000,1051005,0.7%,1,1,0
2220000,1052104,0.7%,1,1,0
2220000,1082001,0.6%,1,1,0
2220000,1082018,0.6%,1,1,0
2220000,1082028,0.6%,1,1,0
2220000,1082039,0.6%,1,1,0
2220000,1082186,0.6%,1,1,0
2220000,1072052,0.48%,1,1,0
2220000,1072069,0.48%,1,1,0
2220000,1072074,0.48%,1,1,0
2220000,1072087,0.48%,1,1,0
2220000,1072291,0.48%,1,1,0
2220000,2040001,0.3%,1,1,0
2220000,2040002,0.3%,1,1,0
2220000,2040301,0.3%,1,1,0
2220000,2040302,0.3%,1,1,0
2220000,2040401,0.3%,1,1,0
2220000,2040402,0.3%,1,1,0
2220000,2040418,0.3%,1,1,0
2220000,2040501,0.3%,1,1,0
2220000,2040601,0.3%,1,1,0
2220000,2040928,0.3%,1,1,0
2220000,2041016,0.3%,1,1,0
2220000,2043114,0.3%,1,1,0
2220000,2043201,0.3%,1,1,0
2220000,2043302,0.3%,1,1,0
2220000,2043701,0.3%,1,1,0
2220000,2043702,0.3%,1,1,0
2220000,2043801,0.3%,1,1,0
2220000,2044001,0.3%,1,1,0
2220000,2044801,0.3%,1,1,0
2220000,2044902,0.3%,1,1,0
2220100,4001351,99.9999%,1,1,28237
2220100,4032459,99.9999%,1,1,22524
2220100,4000009,36%,1,1,0
2220100,2022016,10%,1,1,8164
2220100,2060000,3%,1,1,0
2220100,2061000,3%,1,1,0
2220100,2000001,2%,1,1,0
2220100,2000002,2%,1,1,0
2220100,2000003,2%,1,1,0
2220100,2002002,2%,1,1,0
2220100,4010006,0.9%,1,1,0
2220100,4020005,0.9%,1,1,0
2220100,4020006,0.9%,1,1,0
2220100,4030012,0.5%,1,1,0
2220100,2381002,0.1%,1,1,0
2220100,1002127,0.09%,1,1,0
2220100,1002178,0.09%,1,1,0
2220100,1002613,0.09%,1,1,0
2220100,1002616,0.09%,1,1,0
2220100,1002619,0.09%,1,1,0
2220100,1040012,0.08%,1,1,0
2220100,1041027,0.08%,1,1,0
2220100,1060010,0.08%,1,1,0
2220100,1061025,0.08%,1,1,0
2220100,1072011,0.08%,1,1,0
2220100,1072020,0.08%,1,1,0
2220100,1332001,0.05%,1,1,0
2220100,1332006,0.05%,1,1,0
2220100,1432001,0.05%,1,1,0
2220100,1051000,0.045%,1,1,0
2220100,1382002,0.045%,1,1,0
2220100,1412012,0.045%,1,1,0
2220100,1442001,0.045%,1,1,0
2220100,2044002,0.03%,1,1,0
2230100,4001373,99.9999%,1,1,28282
2230100,4000007,36%,1,1,0
2230100,2060000,3%,1,1,0
2230100,2061000,3%,1,1,0
2230100,2000001,2%,1,1,0
2230100,2000002,2%,1,1,0
2230100,2000003,2%,1,1,0
2230100,2002001,2%,1,1,0
2230100,4010004,0.9%,1,1,0
2230100,4020005,0.9%,1,1,0
2230100,4020007,0.9%,1,1,0
2230100,1032008,0.1%,1,1,0
2230100,1032009,0.1%,1,1,0
2230100,2381024,0.1%,1,1,0
2230100,1002047,0.09%,1,1,0
2230100,1040021,0.08%,1,1,0
2230100,1041007,0.08%,1,1,0
2230100,1041032,0.08%,1,1,0
2230100,1041060,0.08%,1,1,0
2230100,1060071,0.08%,1,1,0
2230100,1061056,0.08%,1,1,0
2230100,1062006,0.08%,1,1,0
2230100,1432002,0.05%,1,1,0
2230100,1482003,0.05%,1,1,0
2230100,1050026,0.045%,1,1,0
2230100,1051012,0.045%,1,1,0
2230100,1302004,0.045%,1,1,0
2230100,1422001,0.045%,1,1,0
2230100,2040823,0.03%,1,1,0
2230100,2044010,0.03%,1,1,0
2230100,2044402,0.03%,1,1,0
2230101,4000008,36%,1,1,0
2230101,2060000,3%,1,1,0
2230101,2061000,3%,1,1,0
2230101,2000001,2%,1,1,0
2230101,2000002,2%,1,1,0
2230101,2000003,2%,1,1,0
2230101,2002000,2%,1,1,0
2230101,4032321,0.9999%,1,1,21727
2230101,4032461,0.9999%,1,1,22531
2230101,4010002,0.9%,1,1,0
2230101,4010003,0.9%,1,1,0
2230101,4020003,0.9%,1,1,0
2230101,1342001,0.15%,1,1,0
2230101,1032000,0.1%,1,1,0
2230101,1032004,0.1%,1,1,0
2230101,2381016,0.1%,1,1,0
2230101,1002035,0.09%,1,1,0
2230101,1002158,0.09%,1,1,0
2230101,1040009,0.08%,1,1,0
2230101,1040021,0.08%,1,1,0
2230101,1040026,0.08%,1,1,0
2230101,1040048,0.08%,1,1,0
2230101,1060018,0.08%,1,1,0
2230101,1060038,0.08%,1,1,0
2230101,1082183,0.06%,1,1,0
2230101,1432003,0.05%,1,1,0
2230101,1452001,0.05%,1,1,0
2230101,1492003,0.05%,1,1,0
2230101,1050030,0.045%,1,1,0
2230101,1050031,0.045%,1,1,0
2230101,1312007,0.045%,1,1,0
2230101,1372003,0.045%,1,1,0
2230101,1412002,0.045%,1,1,0
2230101,2044302,0.03%,1,1,0
2230101,1442014,0.01%,1,1,0
2230102,4031155,100%,1,1,2071
2230102,4001372,99.9999%,1,1,28282
2230102,4000020,50%,1,1,0
2230102,4003004,10%,1,1,0
2230102,2061000,3%,1,1,0
2230102,4000021,2.5%,1,1,0
2230102,2000003,2%,1,1,0
2230102,2060000,1.5%,1,1,0
2230102,2000001,1%,1,1,0
2230102,2002004,1%,1,1,0
2230102,4007001,1%,1,1,0
2230102,4032462,0.9999%,1,1,22532
2230102,4010003,0.45%,1,1,0
2230102,4020004,0.45%,1,1,0
2230102,2330001,0.2%,1,1,0
2230102,2381022,0.1%,1,1,0
2230102,1002064,0.09%,1,1,0
2230102,1002151,0.075%,1,1,0
2230102,1002166,0.075%,1,1,0
2230102,1032000,0.05%,1,1,0
2230102,1032002,0.05%,1,1,0
2230102,1082186,0.05%,1,1,0
2230102,1040079,0.04%,1,1,0
2230102,1041013,0.04%,1,1,0
2230102,1060050,0.04%,1,1,0
2230102,1060069,0.04%,1,1,0
2230102,1061024,0.04%,1,1,0
2230102,1072033,0.04%,1,1,0
2230102,1072039,0.04%,1,1,0
2230102,1332025,0.04%,1,1,0
2230102,1412011,0.04%,1,1,0
2230102,1432012,0.04%,1,1,0
2230102,1452022,0.04%,1,1,0
2230102,1472032,0.04%,1,1,0
2230102,1051005,0.035%,1,1,0
2230102,1382017,0.035%,1,1,0
2230102,1402006,0.035%,1,1,0
2230102,1412005,0.035%,1,1,0
2230102,1432003,0.025%,1,1,0
2230102,1452005,0.025%,1,1,0
2230102,1462004,0.025%,1,1,0
2230103,4000097,36%,1,1,0
2230103,4031072,30%,1,1,9004
2230103,2060000,3%,1,1,0
2230103,2061000,3%,1,1,0
2230103,2000001,2%,1,1,0
2230103,2000003,2%,1,1,0
2230103,2002006,2%,1,1,0
2230103,4004003,1%,1,1,0
2230103,4010003,0.9%,1,1,0
2230103,4131000,0.6%,1,1,0
2230103,2070000,0.1%,1,1,0
2230103,2381011,0.1%,1,1,0
2230103,1002020,0.09%,1,1,0
2230103,1072288,0.08%,1,1,0
2230103,1072291,0.08%,1,1,0
2230103,1082017,0.06%,1,1,0
2230103,1332020,0.05%,1,1,0
2230103,1462003,0.05%,1,1,0
2230103,1050023,0.045%,1,1,0
2230103,1302003,0.045%,1,1,0
2230103,1312003,0.045%,1,1,0
2230103,1402010,0.045%,1,1,0
2230103,2040319,0.03%,1,1,0
2230103,2040900,0.03%,1,1,0
2230103,2044114,0.03%,1,1,0
2230103,2044802,0.03%,1,1,0
2230104,4000098,36%,1,1,0
2230104,2060000,3%,1,1,0
2230104,2061000,3%,1,1,0
2230104,2000002,2%,1,1,0
2230104,2000003,2%,1,1,0
2230104,2002007,2%,1,1,0
2230104,4004002,1%,1,1,0
2230104,4010001,0.9%,1,1,0
2230104,4010002,0.9%,1,1,0
2230104,4131010,0.6%,1,1,0
2230104,2070002,0.1%,1,1,0
2230104,2381027,0.1%,1,1,0
2230104,1002162,0.09%,1,1,0
2230104,1041041,0.08%,1,1,0
2230104,1061034,0.08%,1,1,0
2230104,1082042,0.06%,1,1,0
2230104,1082043,0.06%,1,1,0
2230104,1332010,0.05%,1,1,0
2230104,1050028,0.045%,1,1,0
2230104,1052104,0.045%,1,1,0
2230104,1382002,0.045%,1,1,0
2230104,2040601,0.03%,1,1,0
2230104,2040929,0.03%,1,1,0
2230104,2043112,0.03%,1,1,0
2230105,4000161,36%,1,1,0
2230105,2060000,3%,1,1,0
2230105,2061000,3%,1,1,0
2230105,4031259,3%,1,1,3080
2230105,2000001,2%,1,1,0
2230105,2000003,2%,1,1,0
2230105,2002004,2%,1,1,0
2230105,4004003,1%,1,1,0
2230105,4010001,0.9%,1,1,0
2230105,4131000,0.6%,1,1,0
2230105,4030012,0.5%,1,1,0
2230105,1032005,0.1%,1,1,0
2230105,2070000,0.1%,1,1,0
2230105,2381013,0.1%,1,1,0
2230105,1041042,0.08%,1,1,0
2230105,1061035,0.08%,1,1,0
2230105,1072007,0.08%,1,1,0
2230105,1072046,0.08%,1,1,0
2230105,1082016,0.06%,1,1,0
2230105,1492002,0.05%,1,1,0
2230105,1050011,0.045%,1,1,0
2230105,1312003,0.045%,1,1,0
2230105,1322004,0.045%,1,1,0
2230105,2040617,0.03%,1,1,0
2230105,2040900,0.03%,1,1,0
2230105,2043015,0.03%,1,1,0
2230106,4031269,100%,1,1,3629
2230106,4000163,36%,1,1,0
2230106,4031269,30%,1,1,3629
2230106,2060000,3%,1,1,0
2230106,2061000,3%,1,1,0
2230106,4031260,3%,1,1,3080
2230106,4031268,3%,1,1,3629
2230106,2000001,2%,1,1,0
2230106,2000003,2%,1,1,0
2230106,2002001,2%,1,1,0
2230106,2002005,2%,1,1,0
2230106,4010003,0.9%,1,1,0
2230106,4020004,0.9%,1,1,0
2230106,2381021,0.1%,1,1,0
2230106,1002146,0.09%,1,1,0
2230106,1002158,0.09%,1,1,0
2230106,1040040,0.08%,1,1,0
2230106,1041040,0.08%,1,1,0
2230106,1041050,0.08%,1,1,0
2230106,1060060,0.08%,1,1,0
2230106,1061033,0.08%,1,1,0
2230106,1061046,0.08%,1,1,0
2230106,1332009,0.05%,1,1,0
2230106,1332013,0.05%,1,1,0
2230106,1052104,0.045%,1,1,0
2230106,2040001,0.03%,1,1,0
2230106,2040401,0.03%,1,1,0
2230106,2040417,0.03%,1,1,0
2230107,4000162,36%,1,1,0
2230107,2060000,3%,1,1,0
2230107,2061000,3%,1,1,0
2230107,2000001,2%,1,1,0
2230107,2000003,2%,1,1,0
2230107,2002000,2%,1,1,0
2230107,4010002,0.9%,1,1,0
2230107,4020005,0.9%,1,1,0
2230107,2381017,0.1%,1,1,0
2230107,1041034,0.08%,1,1,0
2230107,1041051,0.08%,1,1,0
2230107,1041058,0.08%,1,1,0
2230107,1061047,0.08%,1,1,0
2230107,1061054,0.08%,1,1,0
2230107,1062006,0.08%,1,1,0
2230107,1072051,0.08%,1,1,0
2230107,1072288,0.08%,1,1,0
2230107,1082026,0.06%,1,1,0
2230107,1332004,0.05%,1,1,0
2230107,1402000,0.045%,1,1,0
2230107,2041004,0.03%,1,1,0
2230107,2043110,0.03%,1,1,0
2230107,2044302,0.03%,1,1,0
2230108,4000160,36%,1,1,0
2230108,2060000,3%,1,1,0
2230108,2061000,3%,1,1,0
2230108,4031261,3%,1,1,3080
2230108,2000001,2%,1,1,0
2230108,2000003,2%,1,1,0
2230108,2002003,2%,1,1,0
2230108,4006001,1%,1,1,0
2230108,4010000,0.9%,1,1,0
2230108,4020007,0.9%,1,1,0
2230108,1032004,0.1%,1,1,0
2230108,2381009,0.1%,1,1,0
2230108,1002119,0.09%,1,1,0
2230108,1002131,0.09%,1,1,0
2230108,1041027,0.08%,1,1,0
2230108,1061025,0.08%,1,1,0
2230108,1072054,0.08%,1,1,0
2230108,1072065,0.08%,1,1,0
2230108,1050024,0.045%,1,1,0
2230108,1051005,0.045%,1,1,0
2230108,1052101,0.045%,1,1,0
2230108,2040623,0.03%,1,1,0
2230108,2044202,0.03%,1,1,0
2230109,4031209,50%,1,1,0
2230109,4000164,36%,1,1,0
2230109,2060000,3%,1,1,0
2230109,2061000,3%,1,1,0
2230109,4031264,3%,1,1,3081
2230109,2000002,2%,1,1,0
2230109,2000003,2%,1,1,0
2230109,2002002,2%,1,1,0
2230109,4004002,1%,1,1,0
2230109,4010004,0.9%,1,1,0
2230109,4020003,0.9%,1,1,0
2230109,4131010,0.6%,1,1,0
2230109,1032007,0.1%,1,1,0
2230109,2070002,0.1%,1,1,0
2230109,2381026,0.1%,1,1,0
2230109,1002034,0.09%,1,1,0
2230109,1002065,0.09%,1,1,0
2230109,1002619,0.09%,1,1,0
2230109,1040041,0.08%,1,1,0
2230109,1060030,0.08%,1,1,0
2230109,1072027,0.08%,1,1,0
2230109,1072054,0.08%,1,1,0
2230109,1050021,0.045%,1,1,0
2230109,1051007,0.045%,1,1,0
2230109,1372003,0.045%,1,1,0
2230109,2040701,0.03%,1,1,0
2230110,4000196,36%,1,1,0
2230110,2060000,3%,1,1,0
2230110,2061000,3%,1,1,0
2230110,2000001,2%,1,1,0
2230110,2000003,2%,1,1,0
2230110,2002003,2%,1,1,0
2230110,4010000,0.9%,1,1,0
2230110,4020001,0.9%,1,1,0
2230110,4020002,0.9%,1,1,0
2230110,2330000,0.4%,1,1,0
2230110,2381014,0.1%,1,1,0
2230110,1002058,0.09%,1,1,0
2230110,1002121,0.09%,1,1,0
2230110,1002131,0.09%,1,1,0
2230110,1002616,0.09%,1,1,0
2230110,1040020,0.08%,1,1,0
2230110,1060014,0.08%,1,1,0
2230110,1072053,0.08%,1,1,0
2230110,1072087,0.08%,1,1,0
2230110,1082006,0.06%,1,1,0
2230110,1082026,0.06%,1,1,0
2230110,1082043,0.06%,1,1,0
2230110,1332010,0.05%,1,1,0
2230110,2040901,0.03%,1,1,0
2230110,2041016,0.03%,1,1,0
2230110,2044312,0.03%,1,1,0
2230110,2044805,0.03%,1,1,0
2230111,4000197,36%,1,1,0
2230111,2060000,3%,1,1,0
2230111,2061000,3%,1,1,0
2230111,2000001,2%,1,1,0
2230111,2000003,2%,1,1,0
2230111,2002000,2%,1,1,0
2230111,4010001,0.9%,1,1,0
2230111,4010005,0.9%,1,1,0
2230111,4020003,0.9%,1,1,0
2230111,2381018,0.1%,1,1,0
2230111,1040042,0.08%,1,1,0
2230111,1041023,0.08%,1,1,0
2230111,1060031,0.08%,1,1,0
2230111,1061019,0.08%,1,1,0
2230111,1082049,0.06%,1,1,0
2230111,1082051,0.06%,1,1,0
2230111,1452005,0.05%,1,1,0
2230111,1302002,0.045%,1,1,0
2230111,1372004,0.045%,1,1,0
2230111,2040301,0.03%,1,1,0
2230111,2043801,0.03%,1,1,0
2230111,2044301,0.03%,1,1,0
2230111,2049000,0.015%,1,1,0
2230131,4000008,36%,1,1,0
2230131,2060000,3%,1,1,0
2230131,2061000,3%,1,1,0
2230131,2000001,2%,1,1,0
2230131,2000002,2%,1,1,0
2230131,2000003,2%,1,1,0
2230131,2002000,2%,1,1,0
2230131,4010002,0.9%,1,1,0
2230131,4010003,0.9%,1,1,0
2230131,4020003,0.9%,1,1,0
2230131,1032000,0.1%,1,1,0
2230131,1032004,0.1%,1,1,0
2230131,2381083,0.1%,1,1,0
2230131,1002035,0.09%,1,1,0
2230131,1002158,0.09%,1,1,0
2230131,1040009,0.08%,1,1,0
2230131,1040021,0.08%,1,1,0
2230131,1040026,0.08%,1,1,0
2230131,1040048,0.08%,1,1,0
2230131,1060018,0.08%,1,1,0
2230131,1060038,0.08%,1,1,0
2230131,1082183,0.06%,1,1,0
2230131,1432003,0.05%,1,1,0
2230131,1452001,0.05%,1,1,0
2230131,1492003,0.05%,1,1,0
2230131,1050030,0.045%,1,1,0
2230131,1050031,0.045%,1,1,0
2230131,1312007,0.045%,1,1,0
2230131,1372003,0.045%,1,1,0
2230131,1412002,0.045%,1,1,0
2230131,2044302,0.03%,1,1,0
2230131,2049100,0.03%,1,1,0
2230200,4031209,50%,1,1,0
2230200,4000165,36%,1,1,0
2230200,2060000,3%,1,1,0
2230200,2061000,3%,1,1,0
2230200,4031262,3%,1,1,3081
2230200,2000001,2%,1,1,0
2230200,2000003,2%,1,1,0
2230200,4004000,1%,1,1,0
2230200,4006000,1%,1,1,0
2230200,4010006,0.9%,1,1,0
2230200,4020002,0.9%,1,1,0
2230200,2381029,0.1%,1,1,0
2230200,1002160,0.09%,1,1,0
2230200,1040062,0.08%,1,1,0
2230200,1040072,0.08%,1,1,0
2230200,1060051,0.08%,1,1,0
2230200,1060061,0.08%,1,1,0
2230200,1072086,0.08%,1,1,0
2230200,1072291,0.08%,1,1,0
2230200,1412000,0.045%,1,1,0
2230200,1412006,0.045%,1,1,0
2230200,1422001,0.045%,1,1,0
2230200,2040501,0.03%,1,1,0
2230200,2044601,0.03%,1,1,0
2300100,4032623,99.9999%,1,1,2379
2300100,4000042,36%,1,1,0
2300100,4003004,20%,1,1,0
2300100,2060000,3%,1,1,0
2300100,2061000,3%,1,1,0
2300100,2000001,2%,1,1,0
2300100,2000003,2%,1,1,0
2300100,2010004,2%,1,1,0
2300100,4010001,0.9%,1,1,0
2300100,4020000,0.9%,1,1,0
2300100,2381003,0.1%,1,1,0
2300100,1002119,0.09%,1,1,0
2300100,1040009,0.08%,1,1,0
2300100,1040043,0.08%,1,1,0
2300100,1041039,0.08%,1,1,0
2300100,1060009,0.08%,1,1,0
2300100,1060032,0.08%,1,1,0
2300100,1061041,0.08%,1,1,0
2300100,1082002,0.06%,1,1,0
2300100,1452005,0.05%,1,1,0
2300100,1052098,0.045%,1,1,0
2300100,1052101,0.045%,1,1,0
2300100,2040024,0.03%,1,1,0
2300100,2041002,0.03%,1,1,0
2300100,2043112,0.03%,1,1,0
2300100,2044801,0.03%,1,1,0
2300100,2048004,0.03%,1,1,0
3000000,4000063,36%,1,1,0
3000000,2060000,3%,1,1,0
3000000,2061000,3%,1,1,0
3000000,2000001,2%,1,1,0
3000000,2000003,2%,1,1,0
3000000,4004000,1%,1,1,0
3000000,4006000,1%,1,1,0
3000000,4010002,0.9%,1,1,0
3000000,4020004,0.9%,1,1,0
3000000,1032006,0.1%,1,1,0
3000000,2381032,0.1%,1,1,0
3000000,1002137,0.09%,1,1,0
3000000,1002622,0.09%,1,1,0
3000000,1040021,0.08%,1,1,0
3000000,1040061,0.08%,1,1,0
3000000,1060017,0.08%,1,1,0
3000000,1060050,0.08%,1,1,0
3000000,1082037,0.06%,1,1,0
3000000,1312016,0.045%,1,1,0
3000000,1382018,0.045%,1,1,0
3000000,2040316,0.03%,1,1,0
3000000,2040620,0.03%,1,1,0
3000000,2041005,0.03%,1,1,0
3000000,2041016,0.03%,1,1,0
3000000,1312005,0.007%,1,1,0
3000001,4000068,36%,1,1,0
3000001,2050000,5%,1,1,0
3000001,2050001,5%,1,1,0
3000001,2050002,5%,1,1,0
3000001,2050003,5%,1,1,0
3000001,2050004,5%,1,1,0
3000001,2000001,2%,1,1,0
3000001,2000003,2%,1,1,0
3000001,4010002,0.9%,1,1,0
3000001,4020004,0.9%,1,1,0
3000001,2381033,0.1%,1,1,0
3000002,4000068,36%,1,1,0
3000003,4000068,0.36%,1,1,0
3000004,4000068,0.36%,1,1,0
3000005,4000106,36%,1,1,0
3000005,2060000,3%,1,1,0
3000005,2061000,3%,1,1,0
3000005,2000002,2%,1,1,0
3000005,2000003,2%,1,1,0
3000005,4004001,1%,1,1,0
3000005,4010001,0.9%,1,1,0
3000005,4020000,0.9%,1,1,0
3000005,4131003,0.6%,1,1,0
3000005,1342001,0.15%,1,1,0
3000005,2381034,0.1%,1,1,0
3000005,1002013,0.09%,1,1,0
3000005,1040058,0.08%,1,1,0
3000005,1041058,0.08%,1,1,0
3000005,1060044,0.08%,1,1,0
3000005,1061054,0.08%,1,1,0
3000005,1072101,0.08%,1,1,0
3000005,1462000,0.05%,1,1,0
3000005,1050030,0.045%,1,1,0
3000005,1052107,0.045%,1,1,0
3000005,1322014,0.045%,1,1,0
3000005,1302030,0.04%,1,1,0
3000005,1422014,0.04%,1,1,0
3000005,2040701,0.03%,1,1,0
3000006,4031209,50%,1,1,0
3000006,4000166,36%,1,1,0
3000006,2060000,3%,1,1,0
3000006,2061000,3%,1,1,0
3000006,2000002,2%,1,1,0
3000006,2000003,2%,1,1,0
3000006,4004001,1%,1,1,0
3000006,4010005,0.9%,1,1,0
3000006,4020001,0.9%,1,1,0
3000006,4131003,0.6%,1,1,0
3000006,2381035,0.1%,1,1,0
3000006,1040040,0.08%,1,1,0
3000006,1041052,0.08%,1,1,0
3000006,1060060,0.08%,1,1,0
3000006,1061048,0.08%,1,1,0
3000006,1072086,0.08%,1,1,0
3000006,1072103,0.08%,1,1,0
3000006,1082005,0.06%,1,1,0
3000006,1082046,0.06%,1,1,0
3000006,1082189,0.06%,1,1,0
3000006,1462000,0.05%,1,1,0
3000006,1050002,0.045%,1,1,0
3000006,1382017,0.045%,1,1,0
3000006,2040422,0.03%,1,1,0
3000006,2040530,0.03%,1,1,0
3000006,2040601,0.03%,1,1,0
3100101,4000334,36%,1,1,0
3100101,2060000,3%,1,1,0
3100101,2061000,3%,1,1,0
3100101,2000002,2%,1,1,0
3100101,2000003,2%,1,1,0
3100101,4006000,1%,1,1,0
3100101,4010005,0.9%,1,1,0
3100101,4010007,0.9%,1,1,0
3100101,4020000,0.9%,1,1,0
3100101,4130005,0.6%,1,1,0
3100101,4130009,0.6%,1,1,0
3100101,1032007,0.1%,1,1,0
3100101,1002156,0.09%,1,1,0
3100101,1002622,0.09%,1,1,0
3100101,1040000,0.08%,1,1,0
3100101,1060075,0.08%,1,1,0
3100101,1072078,0.08%,1,1,0
3100101,1082046,0.06%,1,1,0
3100101,1332020,0.05%,1,1,0
3100101,1402010,0.045%,1,1,0
3100101,2044701,0.03%,1,1,0
3100102,4000335,36%,1,1,0
3100102,4003004,20%,1,1,0
3100102,2060000,3%,1,1,0
3100102,2061000,3%,1,1,0
3100102,2000002,2%,1,1,0
3100102,2000003,2%,1,1,0
3100102,4006000,1%,1,1,0
3100102,4010007,0.9%,1,1,0
3100102,4020002,0.9%,1,1,0
3100102,2381036,0.1%,1,1,0
3100102,1002181,0.09%,1,1,0
3100102,1041052,0.08%,1,1,0
3100102,1061048,0.08%,1,1,0
3100102,1072294,0.08%,1,1,0
3100102,1082069,0.06%,1,1,0
3100102,1462004,0.05%,1,1,0
3100102,1472011,0.05%,1,1,0
3100102,1050022,0.045%,1,1,0
3100102,2040401,0.03%,1,1,0
3100102,2041018,0.03%,1,1,0
3110100,4000032,36%,1,1,0
3110100,4031164,30%,1,1,2084
3110100,4031405,3%,1,1,0
3110100,2000002,2%,1,1,0
3110100,2000003,2%,1,1,0
3110100,4006000,1%,1,1,0
3110100,4007005,1%,1,1,0
3110100,4032463,0.9999%,1,1,22548
3110100,4010002,0.9%,1,1,0
3110100,4020002,0.9%,1,1,0
3110100,4130002,0.6%,1,1,0
3110100,4130008,0.6%,1,1,0
3110100,4130010,0.6%,1,1,0
3110100,1902019,0.1%,1,1,0
3110100,1912012,0.1%,1,1,0
3110100,1002622,0.09%,1,1,0
3110100,1041051,0.08%,1,1,0
3110100,1061047,0.08%,1,1,0
3110100,1072112,0.08%,1,1,0
3110100,1082046,0.06%,1,1,0
3110100,1082049,0.06%,1,1,0
3110100,1442024,0.06%,1,1,0
3110100,1332014,0.05%,1,1,0
3110100,1432005,0.05%,1,1,0
3110100,1051013,0.045%,1,1,0
3110100,1092012,0.045%,1,1,0
3110100,1322009,0.045%,1,1,0
3110100,1422001,0.045%,1,1,0
3110100,2041002,0.03%,1,1,0
3110100,2044802,0.03%,1,1,0
3110101,4000107,36%,1,1,0
3110101,2060000,3%,1,1,0
3110101,2061000,3%,1,1,0
3110101,2000002,2%,1,1,0
3110101,2000003,2%,1,1,0
3110101,2002009,2%,1,1,0
3110101,4004001,1%,1,1,0
3110101,4020001,0.9%,1,1,0
3110101,4130002,0.6%,1,1,0
3110101,4131001,0.6%,1,1,0
3110101,2330001,0.4%,1,1,0
3110101,1902020,0.1%,1,1,0
3110101,1912013,0.1%,1,1,0
3110101,1040062,0.08%,1,1,0
3110101,1041055,0.08%,1,1,0
3110101,1060051,0.08%,1,1,0
3110101,1061051,0.08%,1,1,0
3110101,1072077,0.08%,1,1,0
3110101,1072090,0.08%,1,1,0
3110101,1082007,0.06%,1,1,0
3110101,1082035,0.06%,1,1,0
3110101,1082189,0.06%,1,1,0
3110101,1462004,0.05%,1,1,0
3110101,1472014,0.05%,1,1,0
3110101,1050002,0.045%,1,1,0
3110101,1092007,0.045%,1,1,0
3110101,2041017,0.03%,1,1,0
3110101,2044012,0.03%,1,1,0
3110102,4031129,100%,1,1,3207
3110102,4000095,36%,1,1,0
3110102,4000021,5%,1,1,0
3110102,2060000,3%,1,1,0
3110102,2061000,3%,1,1,0
3110102,2000002,2%,1,1,0
3110102,2000003,2%,1,1,0
3110102,4004000,1%,1,1,0
3110102,4007001,1%,1,1,0
3110102,4007007,1%,1,1,0
3110102,4010001,0.9%,1,1,0
3110102,4010005,0.9%,1,1,0
3110102,4020002,0.9%,1,1,0
3110102,4130003,0.6%,1,1,0
3110102,4130004,0.6%,1,1,0
3110102,4130011,0.6%,1,1,0
3110102,4131002,0.6%,1,1,0
3110102,1002164,0.09%,1,1,0
3110102,1002173,0.09%,1,1,0
3110102,1040029,0.08%,1,1,0
3110102,1060020,0.08%,1,1,0
3110102,1072035,0.08%,1,1,0
3110102,1072294,0.08%,1,1,0
3110102,1082051,0.06%,1,1,0
3110102,1082068,0.06%,1,1,0
3110102,1332009,0.05%,1,1,0
3110102,1312006,0.045%,1,1,0
3110102,1322016,0.045%,1,1,0
3110102,1382012,0.04%,1,1,0
3110102,2044210,0.03%,1,1,0
3110102,2044401,0.03%,1,1,0
3110300,4000353,36%,1,1,0
3110300,2060000,3%,1,1,0
3110300,2061000,3%,1,1,0
3110300,2000002,2%,1,1,0
3110300,2000003,2%,1,1,0
3110300,4006000,1%,1,1,0
3110300,4007000,1%,1,1,0
3110300,4007004,1%,1,1,0
3110300,4007006,1%,1,1,0
3110300,4010005,0.9%,1,1,0
3110300,4010007,0.9%,1,1,0
3110300,4020000,0.9%,1,1,0
3110300,4130002,0.6%,1,1,0
3110300,4130009,0.6%,1,1,0
3110300,4130013,0.6%,1,1,0
3110300,1032007,0.1%,1,1,0
3110300,1002156,0.09%,1,1,0
3110300,1040000,0.08%,1,1,0
3110300,1060075,0.08%,1,1,0
3110300,1072078,0.08%,1,1,0
3110300,1072294,0.08%,1,1,0
3110300,1082046,0.06%,1,1,0
3110300,1332020,0.05%,1,1,0
3110300,1402010,0.045%,1,1,0
3110300,2040530,0.03%,1,1,0
3110300,2044410,0.03%,1,1,0
3110300,2044701,0.03%,1,1,0
3110300,2049100,0.03%,1,1,0
3110301,4000352,36%,1,1,0
3110301,2060000,3%,1,1,0
3110301,2061000,3%,1,1,0
3110301,2000002,2%,1,1,0
3110301,2000003,2%,1,1,0
3110301,4006000,1%,1,1,0
3110301,4010005,0.9%,1,1,0
3110301,4010007,0.9%,1,1,0
3110301,4020000,0.9%,1,1,0
3110301,4130001,0.6%,1,1,0
3110301,4130006,0.6%,1,1,0
3110301,1032007,0.1%,1,1,0
3110301,1002156,0.09%,1,1,0
3110301,1040000,0.08%,1,1,0
3110301,1060075,0.08%,1,1,0
3110301,1072078,0.08%,1,1,0
3110301,1082046,0.06%,1,1,0
3110301,1082189,0.06%,1,1,0
3110301,1332020,0.05%,1,1,0
3110301,1402010,0.045%,1,1,0
3110301,2040420,0.03%,1,1,0
3110301,2044701,0.03%,1,1,0
3110302,4000356,36%,1,1,0
3110302,4031694,5%,1,1,3312
3110302,2060000,3%,1,1,0
3110302,2061000,3%,1,1,0
3110302,2000002,2%,1,1,0
3110302,2000003,2%,1,1,0
3110302,2002005,2%,1,1,0
3110302,4007003,1%,1,1,0
3110302,4010005,0.9%,1,1,0
3110302,4020006,0.9%,1,1,0
3110302,4130010,0.6%,1,1,0
3110302,4130015,0.6%,1,1,0
3110302,1002025,0.09%,1,1,0
3110302,1002143,0.09%,1,1,0
3110302,1002180,0.09%,1,1,0
3110302,1040021,0.08%,1,1,0
3110302,1040063,0.08%,1,1,0
3110302,1040079,0.08%,1,1,0
3110302,1060016,0.08%,1,1,0
3110302,1060052,0.08%,1,1,0
3110302,1060069,0.08%,1,1,0
3110302,1072297,0.08%,1,1,0
3110302,1432003,0.05%,1,1,0
3110302,1051025,0.045%,1,1,0
3110302,1322003,0.045%,1,1,0
3110302,2040324,0.03%,1,1,0
3110302,2044210,0.03%,1,1,0
3110302,2044502,0.03%,1,1,0
3110303,4000356,36%,1,1,0
3110303,4031694,10%,1,1,3312
3110303,2060000,3%,1,1,0
3110303,2061000,3%,1,1,0
3110303,2000002,2%,1,1,0
3110303,2000003,2%,1,1,0
3110303,4004003,1%,1,1,0
3110303,4010001,0.9%,1,1,0
3110303,4020005,0.9%,1,1,0
3110303,4130001,0.6%,1,1,0
3110303,4130002,0.6%,1,1,0
3110303,4130016,0.6%,1,1,0
3110303,2330001,0.4%,1,1,0
3110303,1032018,0.1%,1,1,0
3110303,1002167,0.09%,1,1,0
3110303,1002183,0.09%,1,1,0
3110303,1040086,0.08%,1,1,0
3110303,1041076,0.08%,1,1,0
3110303,1060075,0.08%,1,1,0
3110303,1061071,0.08%,1,1,0
3110303,1072000,0.08%,1,1,0
3110303,1072129,0.08%,1,1,0
3110303,1072297,0.08%,1,1,0
3110303,1082010,0.06%,1,1,0
3110303,1082082,0.06%,1,1,0
3110303,1082085,0.06%,1,1,0
3110303,1432003,0.05%,1,1,0
3110303,1462005,0.05%,1,1,0
3110303,1472012,0.05%,1,1,0
3110303,1382018,0.045%,1,1,0
3110303,2040302,0.03%,1,1,0
3110303,2040417,0.03%,1,1,0
3110303,2044112,0.03%,1,1,0
3110303,2044310,0.03%,1,1,0
3110303,2044809,0.03%,1,1,0
3210100,4032629,99.9999%,1,1,2371
3210100,4000024,36%,1,1,0
3210100,4000021,5%,1,1,0
3210100,2000001,2%,1,1,0
3210100,2000002,2%,1,1,0
3210100,2000003,2%,1,1,0
3210100,4007001,1%,1,1,0
3210100,4007003,1%,1,1,0
3210100,4010001,0.9%,1,1,0
3210100,4010002,0.9%,1,1,0
3210100,4020000,0.9%,1,1,0
3210100,4020007,0.9%,1,1,0
3210100,4130011,0.6%,1,1,0
3210100,4130016,0.6%,1,1,0
3210100,4130017,0.6%,1,1,0
3210100,4001000,0.5%,1,1,0
3210100,2070001,0.1%,1,1,0
3210100,1002141,0.09%,1,1,0
3210100,1002178,0.09%,1,1,0
3210100,1040026,0.08%,1,1,0
3210100,1060019,0.08%,1,1,0
3210100,1072079,0.08%,1,1,0
3210100,1072091,0.08%,1,1,0
3210100,1072103,0.08%,1,1,0
3210100,1082044,0.06%,1,1,0
3210100,1082052,0.06%,1,1,0
3210100,1332020,0.05%,1,1,0
3210100,1452005,0.05%,1,1,0
3210100,1462005,0.05%,1,1,0
3210100,1472012,0.05%,1,1,0
3210100,1052107,0.045%,1,1,0
3210100,1372003,0.045%,1,1,0
3210100,1372012,0.045%,1,1,0
3210200,4000073,36%,1,1,0
3210200,4003004,20%,1,1,0
3210200,2050003,5%,1,1,0
3210200,4000021,5%,1,1,0
3210200,2000002,2%,1,1,0
3210200,2000003,2%,1,1,0
3210200,4004000,1%,1,1,0
3210200,4007000,1%,1,1,0
3210200,4007001,1%,1,1,0
3210200,4007006,1%,1,1,0
3210200,4020000,0.9%,1,1,0
3210200,4020001,0.9%,1,1,0
3210200,4130007,0.6%,1,1,0
3210200,4130016,0.6%,1,1,0
3210200,1032008,0.1%,1,1,0
3210200,2070001,0.1%,1,1,0
3210200,1002038,0.09%,1,1,0
3210200,1002145,0.09%,1,1,0
3210200,1002174,0.09%,1,1,0
3210200,1040073,0.08%,1,1,0
3210200,1060062,0.08%,1,1,0
3210200,1072002,0.08%,1,1,0
3210200,1072041,0.08%,1,1,0
3210200,1082042,0.06%,1,1,0
3210200,1332014,0.05%,1,1,0
3210200,1462005,0.05%,1,1,0
3210200,1050035,0.045%,1,1,0
3210200,1052107,0.045%,1,1,0
3210200,1322009,0.045%,1,1,0
3210200,1412006,0.045%,1,1,0
3210200,2044701,0.03%,1,1,0
3210201,4000073,36%,1,1,0
3210201,4003004,20%,1,1,0
3210201,4000021,5%,1,1,0
3210201,2000002,2%,1,1,0
3210201,2000003,2%,1,1,0
3210201,4004001,1%,1,1,0
3210201,4006001,1%,1,1,0
3210201,4010002,0.9%,1,1,0
3210201,4020003,0.9%,1,1,0
3210201,4020007,0.9%,1,1,0
3210201,4130003,0.6%,1,1,0
3210201,4130004,0.6%,1,1,0
3210201,4130012,0.6%,1,1,0
3210201,1002172,0.09%,1,1,0
3210201,1072083,0.08%,1,1,0
3210201,1072089,0.08%,1,1,0
3210201,1082070,0.06%,1,1,0
3210201,1332012,0.05%,1,1,0
3210201,1472013,0.05%,1,1,0
3210201,1492004,0.05%,1,1,0
3210201,1050036,0.045%,1,1,0
3210201,1051016,0.045%,1,1,0
3210201,1051024,0.045%,1,1,0
3210201,1442001,0.045%,1,1,0
3210201,2043114,0.03%,1,1,0
3210201,2044501,0.03%,1,1,0
3210202,4000073,36%,1,1,0
3210202,4003004,20%,1,1,0
3210202,4000021,5%,1,1,0
3210202,2000002,2%,1,1,0
3210202,2000003,2%,1,1,0
3210202,4004003,1%,1,1,0
3210202,4006000,1%,1,1,0
3210202,4010001,0.9%,1,1,0
3210202,4020005,0.9%,1,1,0
3210202,4130006,0.6%,1,1,0
3210202,4130012,0.6%,1,1,0
3210202,1032011,0.1%,1,1,0
3210202,2070003,0.1%,1,1,0
3210202,1002037,0.09%,1,1,0
3210202,1002163,0.09%,1,1,0
3210202,1002628,0.09%,1,1,0
3210202,1040028,0.08%,1,1,0
3210202,1041053,0.08%,1,1,0
3210202,1041066,0.08%,1,1,0
3210202,1060020,0.08%,1,1,0
3210202,1061049,0.08%,1,1,0
3210202,1061061,0.08%,1,1,0
3210202,1082045,0.06%,1,1,0
3210202,1332001,0.05%,1,1,0
3210202,1492004,0.05%,1,1,0
3210202,1302017,0.045%,1,1,0
3210202,1322015,0.045%,1,1,0
3210202,2043110,0.03%,1,1,0
3210202,2043701,0.03%,1,1,0
3210202,2044807,0.03%,1,1,0
3210203,4000108,36%,1,1,0
3210203,2060000,3%,1,1,0
3210203,2061000,3%,1,1,0
3210203,2000002,2%,1,1,0
3210203,2000003,2%,1,1,0
3210203,2002008,2%,1,1,0
3210203,4004003,1%,1,1,0
3210203,4010002,0.9%,1,1,0
3210203,4130003,0.6%,1,1,0
3210203,4131009,0.6%,1,1,0
3210203,1002153,0.09%,1,1,0
3210203,1002166,0.09%,1,1,0
3210203,1040021,0.08%,1,1,0
3210203,1060018,0.08%,1,1,0
3210203,1072080,0.08%,1,1,0
3210203,1072115,0.08%,1,1,0
3210203,1072126,0.08%,1,1,0
3210203,1082025,0.06%,1,1,0
3210203,1332031,0.05%,1,1,0
3210203,1482005,0.05%,1,1,0
3210203,1050039,0.045%,1,1,0
3210203,1051006,0.045%,1,1,0
3210203,1312007,0.045%,1,1,0
3210203,2040923,0.03%,1,1,0
3210203,2043212,0.03%,1,1,0
3210203,2044501,0.03%,1,1,0
3210203,2049100,0.03%,1,1,0
3210204,4000109,36%,1,1,0
3210204,4003004,20%,1,1,0
3210204,4003005,20%,1,1,0
3210204,2060000,3%,1,1,0
3210204,2061000,3%,1,1,0
3210204,2000002,2%,1,1,0
3210204,2000003,2%,1,1,0
3210204,4004002,1%,1,1,0
3210204,4010004,0.9%,1,1,0
3210204,4020006,0.9%,1,1,0
3210204,4130000,0.6%,1,1,0
3210204,4130015,0.6%,1,1,0
3210204,4130017,0.6%,1,1,0
3210204,1002004,0.09%,1,1,0
3210204,1040060,0.08%,1,1,0
3210204,1040070,0.08%,1,1,0
3210204,1060046,0.08%,1,1,0
3210204,1060059,0.08%,1,1,0
3210204,1072002,0.08%,1,1,0
3210204,1082053,0.06%,1,1,0
3210204,1082071,0.06%,1,1,0
3210204,1332011,0.05%,1,1,0
3210204,1050021,0.045%,1,1,0
3210204,1050031,0.045%,1,1,0
3210204,1052110,0.045%,1,1,0
3210204,2040617,0.03%,1,1,0
3210204,2043202,0.03%,1,1,0
3210205,4031093,100%,1,1,3229
3210205,4000096,36%,1,1,0
3210205,2050001,5%,1,1,0
3210205,4000021,5%,1,1,0
3210205,2060000,3%,1,1,0
3210205,2061000,3%,1,1,0
3210205,2000002,2%,1,1,0
3210205,2000003,2%,1,1,0
3210205,2002010,2%,1,1,0
3210205,4004002,1%,1,1,0
3210205,4007005,1%,1,1,0
3210205,4007007,1%,1,1,0
3210205,4020005,0.9%,1,1,0
3210205,4130001,0.6%,1,1,0
3210205,4130004,0.6%,1,1,0
3210205,4130014,0.6%,1,1,0
3210205,1002048,0.09%,1,1,0
3210205,1002136,0.09%,1,1,0
3210205,1040057,0.08%,1,1,0
3210205,1040076,0.08%,1,1,0
3210205,1041043,0.08%,1,1,0
3210205,1060043,0.08%,1,1,0
3210205,1060065,0.08%,1,1,0
3210205,1061036,0.08%,1,1,0
3210205,1082075,0.06%,1,1,0
3210205,1082192,0.06%,1,1,0
3210205,1050037,0.045%,1,1,0
3210205,1051015,0.045%,1,1,0
3210205,1052113,0.045%,1,1,0
3210205,1382019,0.045%,1,1,0
3210205,2040703,0.03%,1,1,0
3210206,4000103,36%,1,1,0
3210206,2060000,3%,1,1,0
3210206,2061000,3%,1,1,0
3210206,2000002,2%,1,1,0
3210206,2000003,2%,1,1,0
3210206,4004000,1%,1,1,0
3210206,4010003,0.9%,1,1,0
3210206,4020005,0.9%,1,1,0
3210206,4130015,0.6%,1,1,0
3210206,4130016,0.6%,1,1,0
3210206,4131006,0.6%,1,1,0
3210206,2070003,0.1%,1,1,0
3210206,1002168,0.09%,1,1,0
3210206,1002179,0.09%,1,1,0
3210206,1002207,0.09%,1,1,0
3210206,1002212,0.09%,1,1,0
3210206,1040000,0.08%,1,1,0
3210206,1040081,0.08%,1,1,0
3210206,1060000,0.08%,1,1,0
3210206,1060070,0.08%,1,1,0
3210206,1072003,0.08%,1,1,0
3210206,1072036,0.08%,1,1,0
3210206,1072082,0.08%,1,1,0
3210206,1072103,0.08%,1,1,0
3210206,1072132,0.08%,1,1,0
3210206,1332020,0.05%,1,1,0
3210206,1492005,0.05%,1,1,0
3210206,1051026,0.045%,1,1,0
3210206,1051032,0.045%,1,1,0
3210206,2043001,0.03%,1,1,0
3210207,4000113,36%,1,1,0
3210207,2060000,3%,1,1,0
3210207,2061000,3%,1,1,0
3210207,2000002,2%,1,1,0
3210207,2000003,2%,1,1,0
3210207,4004000,1%,1,1,0
3210207,4020000,0.9%,1,1,0
3210207,4020002,0.9%,1,1,0
3210207,4020007,0.9%,1,1,0
3210207,4130007,0.6%,1,1,0
3210207,4130008,0.6%,1,1,0
3210207,4131011,0.6%,1,1,0
3210207,2070008,0.1%,1,1,0
3210207,1002139,0.09%,1,1,0
3210207,1002178,0.09%,1,1,0
3210207,1041069,0.08%,1,1,0
3210207,1061064,0.08%,1,1,0
3210207,1072076,0.08%,1,1,0
3210207,1072107,0.08%,1,1,0
3210207,1072297,0.08%,1,1,0
3210207,1082024,0.06%,1,1,0
3210207,1082048,0.06%,1,1,0
3210207,1082055,0.06%,1,1,0
3210207,1050038,0.045%,1,1,0
3210207,1372001,0.045%,1,1,0
3210207,1412005,0.045%,1,1,0
3210207,2041018,0.03%,1,1,0
3210207,2043102,0.03%,1,1,0
3210207,2043214,0.03%,1,1,0
3210207,2049000,0.015%,1,1,0
3210208,4031279,100%,1,1,3632
3210208,4000168,36%,1,1,0
3210208,2060000,3%,1,1,0
3210208,2061000,3%,1,1,0
3210208,2000002,2%,1,1,0
3210208,2000003,2%,1,1,0
3210208,2002005,2%,1,1,0
3210208,4004003,1%,1,1,0
3210208,4007002,1%,1,1,0
3210208,4007004,1%,1,1,0
3210208,4010002,0.9%,1,1,0
3210208,4130006,0.6%,1,1,0
3210208,4130008,0.6%,1,1,0
3210208,4131009,0.6%,1,1,0
3210208,1032008,0.1%,1,1,0
3210208,1002048,0.09%,1,1,0
3210208,1002173,0.09%,1,1,0
3210208,1041052,0.08%,1,1,0
3210208,1041065,0.08%,1,1,0
3210208,1061048,0.08%,1,1,0
3210208,1061060,0.08%,1,1,0
3210208,1072117,0.08%,1,1,0
3210208,1072127,0.08%,1,1,0
3210208,1082072,0.06%,1,1,0
3210208,1082076,0.06%,1,1,0
3210208,1082195,0.06%,1,1,0
3210208,1051008,0.045%,1,1,0
3210208,1052110,0.045%,1,1,0
3210208,1382018,0.045%,1,1,0
3210208,2044501,0.03%,1,1,0
3210450,4000153,36%,1,1,0
3210450,2060000,3%,1,1,0
3210450,2061000,3%,1,1,0
3210450,2000002,2%,1,1,0
3210450,2000003,2%,1,1,0
3210450,2022040,2%,1,1,0
3210450,4007004,1%,1,1,0
3210450,4020000,0.9%,1,1,0
3210450,4020001,0.9%,1,1,0
3210450,4130000,0.6%,1,1,0
3210450,4130014,0.6%,1,1,0
3210450,4130017,0.6%,1,1,0
3210450,4131008,0.6%,1,1,0
3210450,2330001,0.4%,1,1,0
3210450,1032010,0.1%,1,1,0
3210450,1002023,0.09%,1,1,0
3210450,1002163,0.09%,1,1,0
3210450,1002625,0.09%,1,1,0
3210450,1040062,0.08%,1,1,0
3210450,1041042,0.08%,1,1,0
3210450,1060051,0.08%,1,1,0
3210450,1061035,0.08%,1,1,0
3210450,1072110,0.08%,1,1,0
3210450,1072119,0.08%,1,1,0
3210450,1082063,0.06%,1,1,0
3210450,1332014,0.05%,1,1,0
3210450,1051015,0.045%,1,1,0
3210450,1302004,0.045%,1,1,0
3210800,4000026,36%,1,1,0
3210800,4000029,36%,1,1,0
3210800,4003004,20%,1,1,0
3210800,4000021,5%,1,1,0
3210800,2000002,2%,1,1,0
3210800,2000003,2%,1,1,0
3210800,4010004,0.9%,1,1,0
3210800,4020003,0.9%,1,1,0
3210800,4020004,0.9%,1,1,0
3210800,4130001,0.6%,1,1,0
3210800,4130008,0.6%,1,1,0
3210800,4130010,0.6%,1,1,0
3210800,4030012,0.5%,1,1,0
3210800,2070003,0.1%,1,1,0
3210800,2070008,0.1%,1,1,0
3210800,1002038,0.09%,1,1,0
3210800,1002136,0.09%,1,1,0
3210800,1002172,0.09%,1,1,0
3210800,1040075,0.08%,1,1,0
3210800,1041050,0.08%,1,1,0
3210800,1041094,0.08%,1,1,0
3210800,1060064,0.08%,1,1,0
3210800,1061046,0.08%,1,1,0
3210800,1072109,0.08%,1,1,0
3210800,1072116,0.08%,1,1,0
3210800,1072300,0.08%,1,1,0
3210800,1082192,0.06%,1,1,0
3210800,1472017,0.05%,1,1,0
3210800,1051014,0.045%,1,1,0
3210800,1092013,0.045%,1,1,0
3210800,1302003,0.045%,1,1,0
3210800,1402010,0.045%,1,1,0
3210800,2041010,0.03%,1,1,0
3210800,2044414,0.03%,1,1,0
3220000,4000003,36%,1,1,0
3220000,4000005,36%,1,1,0
3220000,4000018,36%,1,1,0
3220000,4000195,36%,1,1,0
3220000,2060000,30%,1,1,0
3220000,2061000,30%,1,1,0
3220000,2000001,20%,1,1,0
3220000,2000003,20%,1,1,0
3220000,2022468,20%,1,1,0
3220000,2022468,20%,1,1,0
3220000,2022468,20%,1,1,0
3220000,4010000,9%,1,1,0
3220000,4020001,9%,1,1,0
3220000,2012002,6%,1,1,0
3220000,2388025,2.5%,1,1,0
3220000,1002098,1.5%,1,1,0
3220000,1002154,1.5%,1,1,0
3220000,1002170,1.5%,1,1,0
3220000,1002185,1.5%,1,1,0
3220000,1002628,1.5%,1,1,0
3220000,4001002,1.2%,1,1,0
3220000,2070009,1%,1,1,0
3220000,1040080,0.8%,1,1,0
3220000,1040084,0.8%,1,1,0
3220000,1040085,0.8%,1,1,0
3220000,1041076,0.8%,1,1,0
3220000,1041083,0.8%,1,1,0
3220000,1041086,0.8%,1,1,0
3220000,1050039,0.7%,1,1,0
3220000,1051026,0.7%,1,1,0
3220000,1052113,0.7%,1,1,0
3220000,1082025,0.6%,1,1,0
3220000,1082064,0.6%,1,1,0
3220000,1082073,0.6%,1,1,0
3220000,1082074,0.6%,1,1,0
3220000,1082195,0.6%,1,1,0
3220000,1072107,0.48%,1,1,0
3220000,1072117,0.48%,1,1,0
3220000,1072118,0.48%,1,1,0
3220000,1072126,0.48%,1,1,0
3220000,1072300,0.48%,1,1,0
3220000,1322027,0.42%,1,1,0
3220000,2040402,0.3%,1,1,0
3220000,2040502,0.3%,1,1,0
3220000,2040602,0.3%,1,1,0
3220000,2040701,0.3%,1,1,0
3220000,2040801,0.3%,1,1,0
3220000,2040901,0.3%,1,1,0
3220000,2041001,0.3%,1,1,0
3220000,2041004,0.3%,1,1,0
3220000,2041010,0.3%,1,1,0
3220000,2041016,0.3%,1,1,0
3220000,2041017,0.3%,1,1,0
3220000,2043001,0.3%,1,1,0
3220000,2043101,0.3%,1,1,0
3220000,2043201,0.3%,1,1,0
3220000,2044002,0.3%,1,1,0
3220000,2044112,0.3%,1,1,0
3220001,4000329,36%,1,1,0
3220001,4000330,36%,1,1,0
3220001,4000331,36%,1,1,0
3220001,2000001,20%,1,1,0
3220001,2000003,20%,1,1,0
3220001,2022155,20%,1,1,0
3220001,4010002,9%,1,1,0
3220001,4010007,9%,1,1,0
3220001,4020003,9%,1,1,0
3220001,2388029,2.5%,1,1,0
3220001,4001002,1.3%,1,1,0
3220001,1032013,1%,1,1,0
3220001,1902062,1%,1,1,0
3220001,1912055,1%,1,1,0
3220001,1082025,0.6%,1,1,0
3220001,1082064,0.6%,1,1,0
3220001,1082073,0.6%,1,1,0
3220001,1082074,0.6%,1,1,0
3220001,1082195,0.6%,1,1,0
3220001,2040004,0.3%,1,1,0
3220001,2040501,0.3%,1,1,0
3220001,2040504,0.3%,1,1,0
3220001,2040801,0.3%,1,1,0
3220001,2041007,0.3%,1,1,0
3220001,2043801,0.3%,1,1,0
3220001,2044001,0.3%,1,1,0
3220001,2044201,0.3%,1,1,0
3220001,2044601,0.3%,1,1,0
3220001,2044801,0.3%,1,1,0
3220001,1302063,0.04%,1,1,0
3230100,4000013,36%,1,1,0
3230100,4031239,5%,1,1,2099
3230100,2060000,3%,1,1,0
3230100,2061000,3%,1,1,0
3230100,2000002,2%,1,1,0
3230100,2000003,2%,1,1,0
3230100,2002005,2%,1,1,0
3230100,4010005,0.9%,1,1,0
3230100,4020006,0.9%,1,1,0
3230100,4001004,0.6%,1,1,0
3230100,4130006,0.6%,1,1,0
3230100,4130012,0.6%,1,1,0
3230100,4130017,0.6%,1,1,0
3230100,4030012,0.5%,1,1,0
3230100,2330001,0.4%,1,1,0
3230100,1002025,0.09%,1,1,0
3230100,1002143,0.09%,1,1,0
3230100,1002180,0.09%,1,1,0
3230100,1040021,0.08%,1,1,0
3230100,1040063,0.08%,1,1,0
3230100,1040079,0.08%,1,1,0
3230100,1060016,0.08%,1,1,0
3230100,1060052,0.08%,1,1,0
3230100,1060069,0.08%,1,1,0
3230100,1432003,0.05%,1,1,0
3230100,1482005,0.05%,1,1,0
3230100,1492006,0.05%,1,1,0
3230100,1051025,0.045%,1,1,0
3230100,1322003,0.045%,1,1,0
3230100,2044502,0.03%,1,1,0
3230100,2044902,0.03%,1,1,0
3230101,4000035,36%,1,1,0
3230101,2000002,2%,1,1,0
3230101,4007000,1%,1,1,0
3230101,4007003,1%,1,1,0
3230101,4010003,0.9%,1,1,0
3230101,4020004,0.9%,1,1,0
3230101,4130007,0.6%,1,1,0
3230101,4130014,0.6%,1,1,0
3230101,2070002,0.1%,1,1,0
3230101,1072114,0.08%,1,1,0
3230101,1072118,0.08%,1,1,0
3230101,1082047,0.06%,1,1,0
3230101,1082056,0.06%,1,1,0
3230101,1082069,0.06%,1,1,0
3230101,1452000,0.05%,1,1,0
3230101,1472016,0.05%,1,1,0
3230101,1492005,0.05%,1,1,0
3230101,1050022,0.045%,1,1,0
3230101,1051008,0.045%,1,1,0
3230101,1051010,0.045%,1,1,0
3230101,1412004,0.045%,1,1,0
3230101,2040005,0.03%,1,1,0
3230101,2040027,0.03%,1,1,0
3230101,2048002,0.03%,1,1,0
3230102,4000043,36%,1,1,0
3230102,2000002,2%,1,1,0
3230102,2000003,2%,1,1,0
3230102,4006001,1%,1,1,0
3230102,4010005,0.9%,1,1,0
3230102,4020000,0.9%,1,1,0
3230102,4130011,0.6%,1,1,0
3230102,4130015,0.6%,1,1,0
3230102,4030012,0.5%,1,1,0
3230102,1040080,0.08%,1,1,0
3230102,1041074,0.08%,1,1,0
3230102,1060068,0.08%,1,1,0
3230102,1061069,0.08%,1,1,0
3230102,1072113,0.08%,1,1,0
3230102,1072121,0.08%,1,1,0
3230102,1072297,0.08%,1,1,0
3230102,1082056,0.06%,1,1,0
3230102,1082074,0.06%,1,1,0
3230102,1332020,0.05%,1,1,0
3230102,1452005,0.05%,1,1,0
3230102,1482006,0.05%,1,1,0
3230102,1050000,0.045%,1,1,0
3230102,1050038,0.045%,1,1,0
3230102,1092014,0.045%,1,1,0
3230102,1302017,0.045%,1,1,0
3230102,1382017,0.045%,1,1,0
3230102,1442001,0.045%,1,1,0
3230102,2040024,0.03%,1,1,0
3230102,2040423,0.03%,1,1,0
3230102,2043301,0.03%,1,1,0
3230102,2044802,0.03%,1,1,0
3230102,2048005,0.03%,1,1,0
3230103,4000100,36%,1,1,0
3230103,2060000,3%,1,1,0
3230103,2061000,3%,1,1,0
3230103,2000002,2%,1,1,0
3230103,2000003,2%,1,1,0
3230103,2002007,2%,1,1,0
3230103,4004000,1%,1,1,0
3230103,4020001,0.9%,1,1,0
3230103,4020003,0.9%,1,1,0
3230103,4130001,0.6%,1,1,0
3230103,4130011,0.6%,1,1,0
3230103,4131013,0.6%,1,1,0
3230103,1032011,0.1%,1,1,0
3230103,1002093,0.09%,1,1,0
3230103,1002154,0.09%,1,1,0
3230103,1002625,0.09%,1,1,0
3230103,1040083,0.08%,1,1,0
3230103,1041082,0.08%,1,1,0
3230103,1060072,0.08%,1,1,0
3230103,1061081,0.08%,1,1,0
3230103,1072105,0.08%,1,1,0
3230103,1082035,0.06%,1,1,0
3230103,1452006,0.05%,1,1,0
3230103,1472011,0.05%,1,1,0
3230103,1050045,0.045%,1,1,0
3230103,1442003,0.045%,1,1,0
3230103,2040302,0.03%,1,1,0
3230103,2044112,0.03%,1,1,0
3230103,2048002,0.03%,1,1,0
3230104,4031209,50%,1,1,0
3230104,4000167,36%,1,1,0
3230104,4031263,3%,1,1,3081
3230104,2000002,2%,1,1,0
3230104,4010001,0.9%,1,1,0
3230104,4020000,0.9%,1,1,0
3230104,4130000,0.6%,1,1,0
3230104,4130003,0.6%,1,1,0
3230104,4130005,0.6%,1,1,0
3230104,2070002,0.1%,1,1,0
3230104,1002023,0.09%,1,1,0
3230104,1002135,0.09%,1,1,0
3230104,1002184,0.09%,1,1,0
3230104,1041050,0.08%,1,1,0
3230104,1041052,0.08%,1,1,0
3230104,1041056,0.08%,1,1,0
3230104,1061046,0.08%,1,1,0
3230104,1061048,0.08%,1,1,0
3230104,1061052,0.08%,1,1,0
3230104,1072114,0.08%,1,1,0
3230104,1082023,0.06%,1,1,0
3230104,1082073,0.06%,1,1,0
3230104,1332020,0.05%,1,1,0
3230104,1482004,0.05%,1,1,0
3230104,1051014,0.045%,1,1,0
3230104,1382018,0.045%,1,1,0
3230104,1402006,0.045%,1,1,0
3230104,2040701,0.03%,1,1,0
3230104,2040801,0.03%,1,1,0
3230104,2044212,0.03%,1,1,0
3230200,4031309,50%,1,1,3088
3230200,4000059,36%,1,1,0
3230200,4003004,20%,1,1,0
3230200,2060000,3%,1,1,0
3230200,2061000,3%,1,1,0
3230200,2000002,2%,1,1,0
3230200,2000003,2%,1,1,0
3230200,4004001,1%,1,1,0
3230200,4006000,1%,1,1,0
3230200,4007000,1%,1,1,0
3230200,4010001,0.9%,1,1,0
3230200,4020000,0.9%,1,1,0
3230200,4130009,0.6%,1,1,0
3230200,4130014,0.6%,1,1,0
3230200,1002152,0.09%,1,1,0
3230200,1002176,0.09%,1,1,0
3230200,1002625,0.09%,1,1,0
3230200,1041065,0.08%,1,1,0
3230200,1061060,0.08%,1,1,0
3230200,1072102,0.08%,1,1,0
3230200,1072106,0.08%,1,1,0
3230200,1082005,0.06%,1,1,0
3230200,1082050,0.06%,1,1,0
3230200,1432008,0.05%,1,1,0
3230200,1452007,0.05%,1,1,0
3230200,1051027,0.045%,1,1,0
3230200,1092007,0.045%,1,1,0
3230200,1302009,0.045%,1,1,0
3230200,1302017,0.045%,1,1,0
3230200,2040902,0.03%,1,1,0
3230200,2041005,0.03%,1,1,0
3230200,2041012,0.03%,1,1,0
3230200,2044807,0.03%,1,1,0
3230200,1092008,0.007%,1,1,0
3230300,4000067,36%,1,1,0
3230300,2000002,2%,1,1,0
3230300,2000003,2%,1,1,0
3230300,4004000,1%,1,1,0
3230300,4004001,1%,1,1,0
3230300,4004002,1%,1,1,0
3230300,4004003,1%,1,1,0
3230300,4010001,0.9%,1,1,0
3230300,4020000,0.9%,1,1,0
3230300,4030012,0.5%,1,1,0
3230302,4000099,36%,1,1,0
3230302,4031089,10%,1,1,3223
3230302,2060000,3%,1,1,0
3230302,2061000,3%,1,1,0
3230302,2000002,2%,1,1,0
3230302,2000003,2%,1,1,0
3230302,4004003,1%,1,1,0
3230302,4010006,0.9%,1,1,0
3230302,4020004,0.9%,1,1,0
3230302,4130005,0.6%,1,1,0
3230302,4130012,0.6%,1,1,0
3230302,4130013,0.6%,1,1,0
3230302,4131008,0.6%,1,1,0
3230302,1002141,0.09%,1,1,0
3230302,1040075,0.08%,1,1,0
3230302,1040082,0.08%,1,1,0
3230302,1060064,0.08%,1,1,0
3230302,1060071,0.08%,1,1,0
3230302,1072040,0.08%,1,1,0
3230302,1072078,0.08%,1,1,0
3230302,1462006,0.05%,1,1,0
3230302,1472010,0.05%,1,1,0
3230302,1051009,0.045%,1,1,0
3230302,1052110,0.045%,1,1,0
3230302,1442009,0.045%,1,1,0
3230302,2041023,0.03%,1,1,0
3230303,4000104,36%,1,1,0
3230303,2060000,3%,1,1,0
3230303,2061000,3%,1,1,0
3230303,2000002,2%,1,1,0
3230303,2000003,2%,1,1,0
3230303,4004001,1%,1,1,0
3230303,4010005,0.9%,1,1,0
3230303,4020004,0.9%,1,1,0
3230303,4130009,0.6%,1,1,0
3230303,4130010,0.6%,1,1,0
3230303,4130012,0.6%,1,1,0
3230303,4131007,0.6%,1,1,0
3230303,1002092,0.09%,1,1,0
3230303,1002145,0.09%,1,1,0
3230303,1002181,0.09%,1,1,0
3230303,1041081,0.08%,1,1,0
3230303,1041084,0.08%,1,1,0
3230303,1061080,0.08%,1,1,0
3230303,1061083,0.08%,1,1,0
3230303,1072091,0.08%,1,1,0
3230303,1072104,0.08%,1,1,0
3230303,1082046,0.06%,1,1,0
3230303,1082080,0.06%,1,1,0
3230303,1462007,0.05%,1,1,0
3230303,1472018,0.05%,1,1,0
3230303,1482005,0.05%,1,1,0
3230303,1312005,0.045%,1,1,0
3230303,1322003,0.045%,1,1,0
3230303,1372003,0.045%,1,1,0
3230303,1402003,0.045%,1,1,0
3230303,1402010,0.045%,1,1,0
3230303,2043301,0.03%,1,1,0
3230303,2044312,0.03%,1,1,0
3230303,1092021,0.007%,1,1,0
3230304,4000105,36%,1,1,0
3230304,2060000,3%,1,1,0
3230304,2061000,3%,1,1,0
3230304,2000002,2%,1,1,0
3230304,2000003,2%,1,1,0
3230304,4004003,1%,1,1,0
3230304,4010001,0.9%,1,1,0
3230304,4020005,0.9%,1,1,0
3230304,4130002,0.6%,1,1,0
3230304,4130017,0.6%,1,1,0
3230304,4131005,0.6%,1,1,0
3230304,1032018,0.1%,1,1,0
3230304,1002167,0.09%,1,1,0
3230304,1002183,0.09%,1,1,0
3230304,1040086,0.08%,1,1,0
3230304,1041076,0.08%,1,1,0
3230304,1060075,0.08%,1,1,0
3230304,1061071,0.08%,1,1,0
3230304,1072000,0.08%,1,1,0
3230304,1072129,0.08%,1,1,0
3230304,1082010,0.06%,1,1,0
3230304,1082082,0.06%,1,1,0
3230304,1082085,0.06%,1,1,0
3230304,1432003,0.05%,1,1,0
3230304,1462005,0.05%,1,1,0
3230304,1472012,0.05%,1,1,0
3230304,1052110,0.045%,1,1,0
3230304,1382018,0.045%,1,1,0
3230304,2040302,0.03%,1,1,0
3230304,2040316,0.03%,1,1,0
3230304,2049000,0.015%,1,1,0
3230305,4000003,36%,1,1,0
3230305,4000018,36%,1,1,0
3230305,4000110,36%,1,1,0
3230305,2060000,3%,1,1,0
3230305,2061000,3%,1,1,0
3230305,2000002,2%,1,1,0
3230305,2000003,2%,1,1,0
3230305,4004001,1%,1,1,0
3230305,4020003,0.9%,1,1,0
3230305,4130003,0.6%,1,1,0
3230305,4130004,0.6%,1,1,0
3230305,4130014,0.6%,1,1,0
3230305,4030009,0.5%,1,1,0
3230305,2330001,0.4%,1,1,0
3230305,1342002,0.15%,1,1,0
3230305,1032002,0.1%,1,1,0
3230305,1902004,0.1%,1,1,0
3230305,1912002,0.1%,1,1,0
3230305,1002099,0.09%,1,1,0
3230305,1002184,0.09%,1,1,0
3230305,1040029,0.08%,1,1,0
3230305,1041066,0.08%,1,1,0
3230305,1060020,0.08%,1,1,0
3230305,1061061,0.08%,1,1,0
3230305,1072119,0.08%,1,1,0
3230305,1082064,0.06%,1,1,0
3230305,1082075,0.06%,1,1,0
3230305,1492005,0.05%,1,1,0
3230305,1051033,0.045%,1,1,0
3230305,1442009,0.045%,1,1,0
3230305,1432012,0.04%,1,1,0
3230305,2040926,0.03%,1,1,0
3230305,2041001,0.03%,1,1,0
3230306,4031159,50%,1,1,2074
3230306,4000115,36%,1,1,0
3230306,2060000,3%,1,1,0
3230306,2061000,3%,1,1,0
3230306,2000002,2%,1,1,0
3230306,2000003,2%,1,1,0
3230306,2002006,2%,1,1,0
3230306,4004002,1%,1,1,0
3230306,4006000,1%,1,1,0
3230306,4007000,1%,1,1,0
3230306,4007005,1%,1,1,0
3230306,4010001,0.9%,1,1,0
3230306,4010006,0.9%,1,1,0
3230306,4130000,0.6%,1,1,0
3230306,4130010,0.6%,1,1,0
3230306,1002155,0.09%,1,1,0
3230306,1002182,0.09%,1,1,0
3230306,1040085,0.08%,1,1,0
3230306,1041069,0.08%,1,1,0
3230306,1060074,0.08%,1,1,0
3230306,1061064,0.08%,1,1,0
3230306,1072032,0.08%,1,1,0
3230306,1072041,0.08%,1,1,0
3230306,1072089,0.08%,1,1,0
3230306,1082069,0.06%,1,1,0
3230306,1492005,0.05%,1,1,0
3230306,1051006,0.045%,1,1,0
3230306,2043702,0.03%,1,1,0
3230306,2044201,0.03%,1,1,0
3230306,2044901,0.03%,1,1,0
3230306,1092021,0.007%,1,1,0
3230307,4000003,36%,1,1,0
3230307,4000123,36%,1,1,0
3230307,4003004,20%,1,1,0
3230307,2060000,3%,1,1,0
3230307,2061000,3%,1,1,0
3230307,2000002,2%,1,1,0
3230307,2000003,2%,1,1,0
3230307,4004001,1%,1,1,0
3230307,4010001,0.9%,1,1,0
3230307,4020008,0.9%,1,1,0
3230307,4130010,0.6%,1,1,0
3230307,4130013,0.6%,1,1,0
3230307,1002036,0.09%,1,1,0
3230307,1002152,0.09%,1,1,0
3230307,1002183,0.09%,1,1,0
3230307,1040069,0.08%,1,1,0
3230307,1060058,0.08%,1,1,0
3230307,1072104,0.08%,1,1,0
3230307,1072120,0.08%,1,1,0
3230307,1082008,0.06%,1,1,0
3230307,1082023,0.06%,1,1,0
3230307,1332004,0.05%,1,1,0
3230307,1482004,0.05%,1,1,0
3230307,1051004,0.045%,1,1,0
3230307,1302004,0.045%,1,1,0
3230307,1312005,0.045%,1,1,0
3230307,2040929,0.03%,1,1,0
3230307,2044110,0.03%,1,1,0
3230308,4000003,36%,1,1,0
3230308,4000116,36%,1,1,0
3230308,4003005,20%,1,1,0
3230308,2060000,3%,1,1,0
3230308,2061000,3%,1,1,0
3230308,2000002,2%,1,1,0
3230308,2000003,2%,1,1,0
3230308,2002008,2%,1,1,0
3230308,4004002,1%,1,1,0
3230308,4020001,0.9%,1,1,0
3230308,4020008,0.9%,1,1,0
3230308,4130004,0.6%,1,1,0
3230308,4130006,0.6%,1,1,0
3230308,4130015,0.6%,1,1,0
3230308,1041085,0.08%,1,1,0
3230308,1061084,0.08%,1,1,0
3230308,1072107,0.08%,1,1,0
3230308,1072115,0.08%,1,1,0
3230308,1072120,0.08%,1,1,0
3230308,1082010,0.06%,1,1,0
3230308,1082065,0.06%,1,1,0
3230308,1082073,0.06%,1,1,0
3230308,1082083,0.06%,1,1,0
3230308,1482005,0.05%,1,1,0
3230308,1051033,0.045%,1,1,0
3230308,1092012,0.045%,1,1,0
3230308,1322003,0.045%,1,1,0
3230308,1372000,0.045%,1,1,0
3230308,1402006,0.045%,1,1,0
3230308,1422008,0.045%,1,1,0
3230308,2040902,0.03%,1,1,0
3230308,2043210,0.03%,1,1,0
3230400,4000127,36%,1,1,0
3230400,4031135,10%,1,1,3438
3230400,4031140,10%,1,1,3440
3230400,2060000,3%,1,1,0
3230400,2061000,3%,1,1,0
3230400,2000002,2%,1,1,0
3230400,2000003,2%,1,1,0
3230400,4004004,1%,1,1,0
3230400,4006001,1%,1,1,0
3230400,4007002,1%,1,1,0
3230400,4007004,1%,1,1,0
3230400,4010001,0.9%,1,1,0
3230400,4020007,0.9%,1,1,0
3230400,4130001,0.6%,1,1,0
3230400,4130008,0.6%,1,1,0
3230400,4130015,0.6%,1,1,0
3230400,4030009,0.5%,1,1,0
3230400,1302013,0.145%,1,1,0
3230400,1902061,0.1%,1,1,0
3230400,1912054,0.1%,1,1,0
3230400,2070002,0.1%,1,1,0
3230400,1002144,0.09%,1,1,0
3230400,1040074,0.08%,1,1,0
3230400,1041033,0.08%,1,1,0
3230400,1041049,0.08%,1,1,0
3230400,1060063,0.08%,1,1,0
3230400,1061045,0.08%,1,1,0
3230400,1062006,0.08%,1,1,0
3230400,1082053,0.06%,1,1,0
3230400,1492004,0.05%,1,1,0
3230400,1050011,0.045%,1,1,0
3230400,1372000,0.045%,1,1,0
3230400,1402008,0.045%,1,1,0
3230400,2044414,0.03%,1,1,0
3230400,2044901,0.03%,1,1,0
3230400,2049100,0.03%,1,1,0
3230400,1092008,0.007%,1,1,0
3230405,4000154,36%,1,1,0
3230405,2060000,3%,1,1,0
3230405,2061000,3%,1,1,0
3230405,2000002,2%,1,1,0
3230405,2000003,2%,1,1,0
3230405,2002005,2%,1,1,0
3230405,4010000,0.9%,1,1,0
3230405,4010001,0.9%,1,1,0
3230405,4020002,0.9%,1,1,0
3230405,4130009,0.6%,1,1,0
3230405,4130013,0.6%,1,1,0
3230405,4131005,0.6%,1,1,0
3230405,1002177,0.09%,1,1,0
3230405,1040073,0.08%,1,1,0
3230405,1060062,0.08%,1,1,0
3230405,1072122,0.08%,1,1,0
3230405,1072128,0.08%,1,1,0
3230405,1082009,0.06%,1,1,0
3230405,1082054,0.06%,1,1,0
3230405,1082192,0.06%,1,1,0
3230405,1332011,0.05%,1,1,0
3230405,1332031,0.05%,1,1,0
3230405,1051023,0.045%,1,1,0
3230405,1302009,0.045%,1,1,0
3230405,1312007,0.045%,1,1,0
3230405,1372012,0.045%,1,1,0
3230405,2040302,0.03%,1,1,0
3230405,2044410,0.03%,1,1,0
3300000,4000499,36%,1,1,0
3300000,2060000,3%,1,1,0
3300000,2061000,3%,1,1,0
3300000,2000002,2%,1,1,0
3300000,2000003,2%,1,1,0
3300000,2382092,2%,1,1,0
3300000,4010005,0.9%,1,1,0
3300000,4020000,0.9%,1,1,0
3300000,4130005,0.6%,1,1,0
3300000,4130009,0.6%,1,1,0
3300000,4130021,0.6%,1,1,0
3300000,1032007,0.1%,1,1,0
3300000,1002156,0.09%,1,1,0
3300000,1002622,0.09%,1,1,0
3300000,1040000,0.08%,1,1,0
3300000,1060075,0.08%,1,1,0
3300000,1072078,0.08%,1,1,0
3300000,1082046,0.06%,1,1,0
3300000,1332020,0.05%,1,1,0
3300000,1402010,0.045%,1,1,0
3300000,2043216,0.03%,1,1,0
3300000,2043311,0.03%,1,1,0
3300000,2044701,0.03%,1,1,0
3300001,4000500,36%,1,1,0
3300001,4000507,36%,1,1,0
3300001,2060000,3%,1,1,0
3300001,2061000,3%,1,1,0
3300001,2000002,2%,1,1,0
3300001,2000003,2%,1,1,0
3300001,2382093,2%,1,1,0
3300001,4010005,0.9%,1,1,0
3300001,4010007,0.9%,1,1,0
3300001,4020000,0.9%,1,1,0
3300001,4130005,0.6%,1,1,0
3300001,4130009,0.6%,1,1,0
3300001,4130021,0.6%,1,1,0
3300001,1342002,0.15%,1,1,0
3300001,1032007,0.1%,1,1,0
3300001,2382093,0.1%,1,1,0
3300001,1002156,0.09%,1,1,0
3300001,1002622,0.09%,1,1,0
3300001,1040000,0.08%,1,1,0
3300001,1060075,0.08%,1,1,0
3300001,1072078,0.08%,1,1,0
3300001,1082046,0.06%,1,1,0
3300001,1332020,0.05%,1,1,0
3300001,1402010,0.045%,1,1,0
3300001,2044024,0.03%,1,1,0
3300001,2044116,0.03%,1,1,0
3300001,2044701,0.03%,1,1,0
3300002,4000501,36%,1,1,0
3300002,2060000,3%,1,1,0
3300002,2061000,3%,1,1,0
3300002,2000002,2%,1,1,0
3300002,2000003,2%,1,1,0
3300002,2382094,2%,1,1,0
3300002,4004001,1%,1,1,0
3300002,4010001,0.9%,1,1,0
3300002,4020000,0.9%,1,1,0
3300002,4131003,0.6%,1,1,0
3300002,2382094,0.1%,1,1,0
3300002,1002013,0.09%,1,1,0
3300002,1040058,0.08%,1,1,0
3300002,1041058,0.08%,1,1,0
3300002,1060044,0.08%,1,1,0
3300002,1061054,0.08%,1,1,0
3300002,1072101,0.08%,1,1,0
3300002,1462000,0.05%,1,1,0
3300002,1050030,0.045%,1,1,0
3300002,1052107,0.045%,1,1,0
3300002,1322014,0.045%,1,1,0
3300002,2040701,0.03%,1,1,0
3300002,2044216,0.03%,1,1,0
3300002,2044316,0.03%,1,1,0
3300003,4000502,36%,1,1,0
3300003,4001317,30%,1,1,0
3300003,2060000,3%,1,1,0
3300003,2061000,3%,1,1,0
3300003,2000002,2%,1,1,0
3300003,2000003,2%,1,1,0
3300003,2382095,2%,1,1,0
3300003,4020000,0.9%,1,1,0
3300003,4020001,0.9%,1,1,0
3300003,4130000,0.6%,1,1,0
3300003,4130014,0.6%,1,1,0
3300003,4130017,0.6%,1,1,0
3300003,4131008,0.6%,1,1,0
3300003,2330001,0.4%,1,1,0
3300003,1032010,0.1%,1,1,0
3300003,2382095,0.1%,1,1,0
3300003,1002023,0.09%,1,1,0
3300003,1002163,0.09%,1,1,0
3300003,1002625,0.09%,1,1,0
3300003,1040062,0.08%,1,1,0
3300003,1041042,0.08%,1,1,0
3300003,1060051,0.08%,1,1,0
3300003,1061035,0.08%,1,1,0
3300003,1072110,0.08%,1,1,0
3300003,1072119,0.08%,1,1,0
3300003,1082063,0.06%,1,1,0
3300003,1332014,0.05%,1,1,0
3300003,1051015,0.045%,1,1,0
3300003,1302004,0.045%,1,1,0
3300003,2043711,0.03%,1,1,0
3300003,2044416,0.03%,1,1,0
3300004,4000503,36%,1,1,0
3300004,2060000,3%,1,1,0
3300004,2061000,3%,1,1,0
3300004,2000002,2%,1,1,0
3300004,2000003,2%,1,1,0
3300004,2382096,2%,1,1,0
3300004,4020000,0.9%,1,1,0
3300004,4020001,0.9%,1,1,0
3300004,4130000,0.6%,1,1,0
3300004,4130014,0.6%,1,1,0
3300004,4130017,0.6%,1,1,0
3300004,4131008,0.6%,1,1,0
3300004,2330001,0.4%,1,1,0
3300004,1032010,0.1%,1,1,0
3300004,2382096,0.1%,1,1,0
3300004,1002023,0.09%,1,1,0
3300004,1002163,0.09%,1,1,0
3300004,1002625,0.09%,1,1,0
3300004,1040062,0.08%,1,1,0
3300004,1041042,0.08%,1,1,0
3300004,1060051,0.08%,1,1,0
3300004,1061035,0.08%,1,1,0
3300004,1072110,0.08%,1,1,0
3300004,1072119,0.08%,1,1,0
3300004,1082063,0.06%,1,1,0
3300004,1332014,0.05%,1,1,0
3300004,1051015,0.045%,1,1,0
3300004,1302004,0.045%,1,1,0
3300004,2044611,0.03%,1,1,0
3300004,2044711,0.03%,1,1,0
3300004,2044816,0.03%,1,1,0
3300005,4000504,36%,1,1,0
3300005,2000001,2%,1,1,0
3300005,2000003,2%,1,1,0
3300005,2022570,2%,1,1,0
3300005,2022571,2%,1,1,0
3300005,2022572,2%,1,1,0
3300005,2022573,2%,1,1,0
3300005,1032013,0.1%,1,1,0
3300005,1082025,0.06%,1,1,0
3300005,1082064,0.06%,1,1,0
3300005,1082073,0.06%,1,1,0
3300005,1082074,0.06%,1,1,0
3300005,1082195,0.06%,1,1,0
3300005,2040004,0.03%,1,1,0
3300005,2040501,0.03%,1,1,0
3300005,2040504,0.03%,1,1,0
3300005,2040801,0.03%,1,1,0
3300005,2041004,0.03%,1,1,0
3300005,2041007,0.03%,1,1,0
3300005,2043216,0.03%,1,1,0
3300005,2043311,0.03%,1,1,0
3300005,2043711,0.03%,1,1,0
3300005,2043801,0.03%,1,1,0
3300005,2043811,0.03%,1,1,0
3300005,2044001,0.03%,1,1,0
3300005,2044024,0.03%,1,1,0
3300005,2044116,0.03%,1,1,0
3300005,2044201,0.03%,1,1,0
3300005,2044216,0.03%,1,1,0
3300005,2044316,0.03%,1,1,0
3300005,2044416,0.03%,1,1,0
3300005,2044511,0.03%,1,1,0
3300005,2044601,0.03%,1,1,0
3300005,2044611,0.03%,1,1,0
3300005,2044711,0.03%,1,1,0
3300005,2044801,0.03%,1,1,0
3300005,2044816,0.03%,1,1,0
3300006,4000506,36%,1,1,0
3300006,2060000,3%,1,1,0
3300006,2061000,3%,1,1,0
3300006,2000001,2%,1,1,0
3300006,2000003,2%,1,1,0
3300006,2022575,2%,1,1,0
3300006,2022576,2%,1,1,0
3300006,2022577,2%,1,1,0
3300006,2022578,2%,1,1,0
3300006,2070009,0.1%,1,1,0
3300006,1002098,0.09%,1,1,0
3300006,1002154,0.09%,1,1,0
3300006,1002170,0.09%,1,1,0
3300006,1002185,0.09%,1,1,0
3300006,1002628,0.09%,1,1,0
3300006,1040080,0.08%,1,1,0
3300006,1040084,0.08%,1,1,0
3300006,1040085,0.08%,1,1,0
3300006,1041076,0.08%,1,1,0
3300006,1041083,0.08%,1,1,0
3300006,1041086,0.08%,1,1,0
3300006,1072107,0.08%,1,1,0
3300006,1072117,0.08%,1,1,0
3300006,1072118,0.08%,1,1,0
3300006,1072126,0.08%,1,1,0
3300006,1072300,0.08%,1,1,0
3300006,1082025,0.06%,1,1,0
3300006,1082064,0.06%,1,1,0
3300006,1082073,0.06%,1,1,0
3300006,1082074,0.06%,1,1,0
3300006,1082195,0.06%,1,1,0
3300006,1050039,0.045%,1,1,0
3300006,1051026,0.045%,1,1,0
3300006,1052113,0.045%,1,1,0
3300006,2040402,0.03%,1,1,0
3300006,2040502,0.03%,1,1,0
3300006,2040602,0.03%,1,1,0
3300006,2040701,0.03%,1,1,0
3300006,2040801,0.03%,1,1,0
3300006,2040901,0.03%,1,1,0
3300006,2041001,0.03%,1,1,0
3300006,2041004,0.03%,1,1,0
3300006,2041010,0.03%,1,1,0
3300006,2041016,0.03%,1,1,0
3300006,2041017,0.03%,1,1,0
3300006,2043001,0.03%,1,1,0
3300006,2043101,0.03%,1,1,0
3300006,2043201,0.03%,1,1,0
3300006,2043216,0.03%,1,1,0
3300006,2043311,0.03%,1,1,0
3300006,2043711,0.03%,1,1,0
3300006,2043811,0.03%,1,1,0
3300006,2044002,0.03%,1,1,0
3300006,2044024,0.03%,1,1,0
3300006,2044112,0.03%,1,1,0
3300006,2044116,0.03%,1,1,0
3300006,2044216,0.03%,1,1,0
3300006,2044316,0.03%,1,1,0
3300006,2044412,0.03%,1,1,0
3300006,2044416,0.03%,1,1,0
3300006,2044511,0.03%,1,1,0
3300006,2044611,0.03%,1,1,0
3300006,2044711,0.03%,1,1,0
3300006,2044816,0.03%,1,1,0
3300007,4000505,36%,1,1,0
3300007,2060000,3%,1,1,0
3300007,2061000,3%,1,1,0
3300007,2000000,2%,1,1,0
3300007,2010009,2%,1,1,0
3300007,2020014,2%,1,1,0
3300007,2022580,2%,1,1,0
3300007,2022581,2%,1,1,0
3300007,2022582,2%,1,1,0
3300007,2022583,2%,1,1,0
3300007,4010000,0.9%,1,1,0
3300007,4020000,0.9%,1,1,0
3300007,2330000,0.4%,1,1,0
3300007,2070000,0.1%,1,1,0
3300007,1002049,0.09%,1,1,0
3300007,1002073,0.09%,1,1,0
3300007,1002150,0.09%,1,1,0
3300007,1002159,0.09%,1,1,0
3300007,1002619,0.09%,1,1,0
3300007,1040023,0.08%,1,1,0
3300007,1040041,0.08%,1,1,0
3300007,1040050,0.08%,1,1,0
3300007,1041024,0.08%,1,1,0
3300007,1041033,0.08%,1,1,0
3300007,1041060,0.08%,1,1,0
3300007,1072052,0.08%,1,1,0
3300007,1072069,0.08%,1,1,0
3300007,1072074,0.08%,1,1,0
3300007,1072087,0.08%,1,1,0
3300007,1072291,0.08%,1,1,0
3300007,1082001,0.06%,1,1,0
3300007,1082018,0.06%,1,1,0
3300007,1082028,0.06%,1,1,0
3300007,1082039,0.06%,1,1,0
3300007,1082186,0.06%,1,1,0
3300007,1050025,0.045%,1,1,0
3300007,1051005,0.045%,1,1,0
3300007,1052104,0.045%,1,1,0
3300007,2040001,0.03%,1,1,0
3300007,2040002,0.03%,1,1,0
3300007,2040301,0.03%,1,1,0
3300007,2040302,0.03%,1,1,0
3300007,2040401,0.03%,1,1,0
3300007,2040402,0.03%,1,1,0
3300007,2040418,0.03%,1,1,0
3300007,2040501,0.03%,1,1,0
3300007,2040601,0.03%,1,1,0
3300007,2040928,0.03%,1,1,0
3300007,2041016,0.03%,1,1,0
3300007,2043114,0.03%,1,1,0
3300007,2043201,0.03%,1,1,0
3300007,2043216,0.03%,1,1,0
3300007,2043302,0.03%,1,1,0
3300007,2043311,0.03%,1,1,0
3300007,2043701,0.03%,1,1,0
3300007,2043702,0.03%,1,1,0
3300007,2043711,0.03%,1,1,0
3300007,2043801,0.03%,1,1,0
3300007,2043811,0.03%,1,1,0
3300007,2044001,0.03%,1,1,0
3300007,2044024,0.03%,1,1,0
3300007,2044116,0.03%,1,1,0
3300007,2044216,0.03%,1,1,0
3300007,2044316,0.03%,1,1,0
3300007,2044414,0.03%,1,1,0
3300007,2044416,0.03%,1,1,0
3300007,2044511,0.03%,1,1,0
3300007,2044611,0.03%,1,1,0
3300007,2044711,0.03%,1,1,0
3300007,2044801,0.03%,1,1,0
3300007,2044816,0.03%,1,1,0
3300007,2044902,0.03%,1,1,0
3300008,4001318,36%,1,1,0
3300008,2060000,30%,1,1,0
3300008,2061000,30%,1,1,0
3300008,2000002,20%,1,1,0
3300008,2000003,20%,1,1,0
3300008,2002002,20%,1,1,0
3300008,2002003,20%,1,1,0
3300008,4010005,9%,1,1,0
3300008,4020005,9%,1,1,0
3300008,1302010,0.42%,1,1,0
3300008,1312008,0.42%,1,1,0
3300008,1322017,0.42%,1,1,0
3300008,1372007,0.42%,1,1,0
3300008,1382006,0.42%,1,1,0
3300008,1402003,0.42%,1,1,0
3300008,1412003,0.42%,1,1,0
3300008,1422005,0.42%,1,1,0
3300008,1442005,0.42%,1,1,0
3300008,1332003,0.3%,1,1,0
3300008,1432004,0.3%,1,1,0
3300008,1452008,0.3%,1,1,0
3300008,1462007,0.3%,1,1,0
3300008,1472021,0.3%,1,1,0
3300008,1482007,0.3%,1,1,0
3300008,1492007,0.3%,1,1,0
3300008,2040301,0.3%,1,1,0
3300008,2040504,0.3%,1,1,0
3300008,2040514,0.3%,1,1,0
3300008,2040707,0.3%,1,1,0
3300008,2040801,0.3%,1,1,0
3300008,2040901,0.3%,1,1,0
3300008,2040928,0.3%,1,1,0
3300008,2040931,0.3%,1,1,0
3300008,2041002,0.3%,1,1,0
3300008,2041016,0.3%,1,1,0
3300008,2041017,0.3%,1,1,0
3300008,2043216,0.3%,1,1,0
3300008,2043311,0.3%,1,1,0
3300008,2043702,0.3%,1,1,0
3300008,2043711,0.3%,1,1,0
3300008,2043801,0.3%,1,1,0
3300008,2043811,0.3%,1,1,0
3300008,2044024,0.3%,1,1,0
3300008,2044101,0.3%,1,1,0
3300008,2044116,0.3%,1,1,0
3300008,2044216,0.3%,1,1,0
3300008,2044302,0.3%,1,1,0
3300008,2044316,0.3%,1,1,0
3300008,2044416,0.3%,1,1,0
3300008,2044511,0.3%,1,1,0
3300008,2044601,0.3%,1,1,0
3300008,2044611,0.3%,1,1,0
3300008,2044701,0.3%,1,1,0
3300008,2044711,0.3%,1,1,0
3300008,2044802,0.3%,1,1,0
3300008,2044816,0.3%,1,1,0
3300008,2044901,0.3%,1,1,0
4110300,4000357,36%,1,1,0
4110300,2060000,3%,1,1,0
4110300,2061000,3%,1,1,0
4110300,2000002,2%,1,1,0
4110300,2000003,2%,1,1,0
4110300,4004004,1%,1,1,0
4110300,4007002,1%,1,1,0
4110300,4007004,1%,1,1,0
4110300,4010006,0.9%,1,1,0
4110300,4020007,0.9%,1,1,0
4110300,4130002,0.6%,1,1,0
4110300,4130012,0.6%,1,1,0
4110300,4130013,0.6%,1,1,0
4110300,2330002,0.4%,1,1,0
4110300,2000004,0.15%,1,1,0
4110300,1032012,0.1%,1,1,0
4110300,1002045,0.09%,1,1,0
4110300,1002085,0.09%,1,1,0
4110300,1002213,0.09%,1,1,0
4110300,1040096,0.08%,1,1,0
4110300,1041067,0.08%,1,1,0
4110300,1041076,0.08%,1,1,0
4110300,1060073,0.08%,1,1,0
4110300,1060085,0.08%,1,1,0
4110300,1061062,0.08%,1,1,0
4110300,1452007,0.05%,1,1,0
4110300,1050037,0.045%,1,1,0
4110300,1052116,0.045%,1,1,0
4110300,1412005,0.045%,1,1,0
4110300,2041019,0.03%,1,1,0
4110301,4000358,36%,1,1,0
4110301,2060000,3%,1,1,0
4110301,2061000,3%,1,1,0
4110301,2000002,2%,1,1,0
4110301,2000003,2%,1,1,0
4110301,4004000,1%,1,1,0
4110301,4007000,1%,1,1,0
4110301,4007005,1%,1,1,0
4110301,4007006,1%,1,1,0
4110301,4010002,0.9%,1,1,0
4110301,4010004,0.9%,1,1,0
4110301,4130007,0.6%,1,1,0
4110301,4130012,0.6%,1,1,0
4110301,1002085,0.09%,1,1,0
4110301,1041077,0.08%,1,1,0
4110301,1082010,0.06%,1,1,0
4110301,1382001,0.045%,1,1,0
4110301,2040504,0.03%,1,1,0
4110301,2044002,0.03%,1,1,0
4110302,4000359,36%,1,1,0
4110302,2000002,2%,1,1,0
4110302,2000003,2%,1,1,0
4110302,4004002,1%,1,1,0
4110302,4006001,1%,1,1,0
4110302,4007001,1%,1,1,0
4110302,4007006,1%,1,1,0
4110302,4020000,0.9%,1,1,0
4110302,4020006,0.9%,1,1,0
4110302,4130012,0.6%,1,1,0
4110302,2383007,0.1%,1,1,0
4110302,1002215,0.09%,1,1,0
4110302,1040089,0.08%,1,1,0
4110302,1082198,0.06%,1,1,0
4110302,1050045,0.045%,1,1,0
4110302,1372007,0.045%,1,1,0
4110302,2040001,0.03%,1,1,0
4110302,2044102,0.03%,1,1,0
4130100,4000014,36%,1,1,0
4130100,4000030,6%,1,1,0
4130100,2000002,2%,1,1,0
4130100,2000003,2%,1,1,0
4130100,4006001,1%,1,1,0
4130100,4010005,0.9%,1,1,0
4130100,4020008,0.9%,1,1,0
4130100,4130006,0.6%,1,1,0
4130100,4130016,0.6%,1,1,0
4130100,2000004,0.15%,1,1,0
4130100,1002045,0.09%,1,1,0
4130100,1002138,0.09%,1,1,0
4130100,1040079,0.08%,1,1,0
4130100,1060069,0.08%,1,1,0
4130100,1072125,0.08%,1,1,0
4130100,1072133,0.08%,1,1,0
4130100,1082064,0.06%,1,1,0
4130100,1332016,0.05%,1,1,0
4130100,1050022,0.045%,1,1,0
4130100,1050046,0.045%,1,1,0
4130100,1052113,0.045%,1,1,0
4130100,1302010,0.045%,1,1,0
4130100,1322016,0.045%,1,1,0
4130100,1382001,0.045%,1,1,0
4130100,2040025,0.03%,1,1,0
4130100,2040621,0.03%,1,1,0
4130100,2044014,0.03%,1,1,0
4130100,2049100,0.03%,1,1,0
4130101,4000045,36%,1,1,0
4130101,2000002,2%,1,1,0
4130101,2000003,2%,1,1,0
4130101,4010002,0.9%,1,1,0
4130101,4020001,0.9%,1,1,0
4130101,4130003,0.6%,1,1,0
4130101,4130005,0.6%,1,1,0
4130101,4130009,0.6%,1,1,0
4130101,4030012,0.5%,1,1,0
4130101,2000004,0.15%,1,1,0
4130101,1902011,0.1%,1,1,0
4130101,1912007,0.1%,1,1,0
4130101,2383001,0.1%,1,1,0
4130101,1002152,0.09%,1,1,0
4130101,1002183,0.09%,1,1,0
4130101,1041079,0.08%,1,1,0
4130101,1041081,0.08%,1,1,0
4130101,1041089,0.08%,1,1,0
4130101,1061078,0.08%,1,1,0
4130101,1061080,0.08%,1,1,0
4130101,1061088,0.08%,1,1,0
4130101,1072124,0.08%,1,1,0
4130101,1072142,0.08%,1,1,0
4130101,1072303,0.08%,1,1,0
4130101,1472016,0.05%,1,1,0
4130101,1092004,0.045%,1,1,0
4130101,1402003,0.045%,1,1,0
4130101,2040805,0.03%,1,1,0
4130101,2040923,0.03%,1,1,0
4130101,2041013,0.03%,1,1,0
4130102,4000062,36%,1,1,0
4130102,2000002,2%,1,1,0
4130102,2000003,2%,1,1,0
4130102,4004000,1%,1,1,0
4130102,4004004,1%,1,1,0
4130102,4006001,1%,1,1,0
4130102,4010003,0.9%,1,1,0
4130102,4020006,0.9%,1,1,0
4130102,4130000,0.6%,1,1,0
4130102,4130003,0.6%,1,1,0
4130102,4130013,0.6%,1,1,0
4130102,2000004,0.15%,1,1,0
4130102,1302013,0.145%,1,1,0
4130102,2383003,0.1%,1,1,0
4130102,1002092,0.09%,1,1,0
4130102,1040080,0.08%,1,1,0
4130102,1040095,0.08%,1,1,0
4130102,1041087,0.08%,1,1,0
4130102,1060068,0.08%,1,1,0
4130102,1060084,0.08%,1,1,0
4130102,1061086,0.08%,1,1,0
4130102,1072110,0.08%,1,1,0
4130102,1072132,0.08%,1,1,0
4130102,1082063,0.06%,1,1,0
4130102,1082084,0.06%,1,1,0
4130102,1051027,0.045%,1,1,0
4130102,2041014,0.03%,1,1,0
4130102,2044201,0.03%,1,1,0
4130103,4000124,36%,1,1,0
4130103,2060000,30%,1,1,0
4130103,2061000,30%,1,1,0
4130103,2000002,20%,1,1,0
4130103,4006000,10%,1,1,0
4130103,4010000,9%,1,1,0
4130103,4020000,9%,1,1,0
4130103,4020007,9%,1,1,0
4130103,4130002,6%,1,1,0
4130103,4130004,6%,1,1,0
4130103,4130012,6%,1,1,0
4130103,4131009,6%,1,1,0
4130103,2383004,2.5%,1,1,0
4130103,4005002,1%,1,1,0
4130103,1040063,0.8%,1,1,0
4130103,1051032,0.7%,1,1,0
4130103,1082071,0.6%,1,1,0
4130103,1082085,0.6%,1,1,0
4130103,1060052,0.48%,1,1,0
4130103,1072129,0.48%,1,1,0
4130103,1072140,0.48%,1,1,0
4130103,1312008,0.42%,1,1,0
4130103,1372007,0.42%,1,1,0
4130103,1442009,0.42%,1,1,0
4130103,1432004,0.3%,1,1,0
4130103,1462006,0.3%,1,1,0
4130103,1472019,0.3%,1,1,0
4130103,1492007,0.3%,1,1,0
4130103,2040902,0.3%,1,1,0
4130103,2043210,0.3%,1,1,0
4130103,2000004,0.15%,1,1,0
4130104,4000062,1%,1,1,0
4220000,4000166,36%,1,1,0
4220000,4000167,36%,1,1,0
4220000,2000002,20%,1,1,0
4220000,2000003,20%,1,1,0
4220000,2022468,20%,1,1,0
4220000,2022468,20%,1,1,0
4220000,2022468,20%,1,1,0
4220000,2022468,20%,1,1,0
4220000,4010003,9%,1,1,0
4220000,4020004,9%,1,1,0
4220000,2388030,2.5%,1,1,0
4220000,4001002,1.3%,1,1,0
4220000,1302010,0.42%,1,1,0
4220000,1312008,0.42%,1,1,0
4220000,1322017,0.42%,1,1,0
4220000,1372007,0.42%,1,1,0
4220000,1382006,0.42%,1,1,0
4220000,1402003,0.42%,1,1,0
4220000,1412003,0.42%,1,1,0
4220000,1422005,0.42%,1,1,0
4220000,1442005,0.42%,1,1,0
4220000,1442039,0.42%,1,1,0
4220000,1332003,0.3%,1,1,0
4220000,1332016,0.3%,1,1,0
4220000,1432004,0.3%,1,1,0
4220000,1452008,0.3%,1,1,0
4220000,1462007,0.3%,1,1,0
4220000,1472020,0.3%,1,1,0
4220000,1482007,0.3%,1,1,0
4220000,1492007,0.3%,1,1,0
4220000,2040029,0.3%,1,1,0
4220000,2040301,0.3%,1,1,0
4220000,2040302,0.3%,1,1,0
4220000,2040326,0.3%,1,1,0
4220000,2040516,0.3%,1,1,0
4220000,2040517,0.3%,1,1,0
4220000,2040705,0.3%,1,1,0
4220000,2040804,0.3%,1,1,0
4220000,2040805,0.3%,1,1,0
4220000,2041007,0.3%,1,1,0
4220000,2041008,0.3%,1,1,0
4220000,2044809,0.3%,1,1,0
4220000,2049100,0.03%,1,1,0
4220001,2388030,2.5%,1,1,0
4230100,4031212,50%,1,1,2096
4230100,4000023,36%,1,1,0
4230100,2000002,2%,1,1,0
4230100,2000003,2%,1,1,0
4230100,2000006,2%,1,1,0
4230100,4010001,0.9%,1,1,0
4230100,4010005,0.9%,1,1,0
4230100,4010006,0.9%,1,1,0
4230100,4130004,0.6%,1,1,0
4230100,4130005,0.6%,1,1,0
4230100,4130009,0.6%,1,1,0
4230100,4030012,0.5%,1,1,0
4230100,1032008,0.1%,1,1,0
4230100,2070010,0.1%,1,1,0
4230100,1002098,0.09%,1,1,0
4230100,1002103,0.09%,1,1,0
4230100,1002166,0.09%,1,1,0
4230100,1002169,0.09%,1,1,0
4230100,1041075,0.08%,1,1,0
4230100,1060057,0.08%,1,1,0
4230100,1061070,0.08%,1,1,0
4230100,1072090,0.08%,1,1,0
4230100,1072132,0.08%,1,1,0
4230100,1072140,0.08%,1,1,0
4230100,1082066,0.06%,1,1,0
4230100,1462004,0.05%,1,1,0
4230100,1472013,0.05%,1,1,0
4230100,1472017,0.05%,1,1,0
4230100,1412004,0.045%,1,1,0
4230100,2040001,0.03%,1,1,0
4230100,2044412,0.03%,1,1,0
4230101,4000031,36%,1,1,0
4230101,4003004,20%,1,1,0
4230101,2000002,2%,1,1,0
4230101,2000003,2%,1,1,0
4230101,4007000,1%,1,1,0
4230101,4007001,1%,1,1,0
4230101,4007002,1%,1,1,0
4230101,4007003,1%,1,1,0
4230101,4007004,1%,1,1,0
4230101,4007005,1%,1,1,0
4230101,4007006,1%,1,1,0
4230101,4007007,1%,1,1,0
4230101,4010005,0.9%,1,1,0
4230101,4020001,0.9%,1,1,0
4230101,4130000,0.6%,1,1,0
4230101,4130005,0.6%,1,1,0
4230101,4130012,0.6%,1,1,0
4230101,1002151,0.09%,1,1,0
4230101,1002185,0.09%,1,1,0
4230101,1002628,0.09%,1,1,0
4230101,1040000,0.08%,1,1,0
4230101,1040074,0.08%,1,1,0
4230101,1041068,0.08%,1,1,0
4230101,1041086,0.08%,1,1,0
4230101,1060063,0.08%,1,1,0
4230101,1061085,0.08%,1,1,0
4230101,1082037,0.06%,1,1,0
4230101,1332003,0.05%,1,1,0
4230101,1462006,0.05%,1,1,0
4230101,1462007,0.05%,1,1,0
4230101,1472015,0.05%,1,1,0
4230101,1050039,0.045%,1,1,0
4230101,1051001,0.045%,1,1,0
4230101,1051009,0.045%,1,1,0
4230101,1382001,0.045%,1,1,0
4230101,1442005,0.045%,1,1,0
4230101,1332025,0.04%,1,1,0
4230101,2044314,0.03%,1,1,0
4230102,4000036,36%,1,1,0
4230102,2000002,2%,1,1,0
4230102,2000003,2%,1,1,0
4230102,4004004,1%,1,1,0
4230102,4006001,1%,1,1,0
4230102,4007000,1%,1,1,0
4230102,4007003,1%,1,1,0
4230102,4007006,1%,1,1,0
4230102,4010001,0.9%,1,1,0
4230102,4020000,0.9%,1,1,0
4230102,4130007,0.6%,1,1,0
4230102,4130008,0.6%,1,1,0
4230102,4030012,0.5%,1,1,0
4230102,2330002,0.4%,1,1,0
4230102,2000004,0.15%,1,1,0
4230102,1302013,0.145%,1,1,0
4230102,1032008,0.1%,1,1,0
4230102,2383008,0.1%,1,1,0
4230102,1002099,0.09%,1,1,0
4230102,1002207,0.09%,1,1,0
4230102,1002211,0.09%,1,1,0
4230102,1002212,0.09%,1,1,0
4230102,1002215,0.09%,1,1,0
4230102,1040061,0.08%,1,1,0
4230102,1040085,0.08%,1,1,0
4230102,1060050,0.08%,1,1,0
4230102,1060074,0.08%,1,1,0
4230102,1072141,0.08%,1,1,0
4230102,1072303,0.08%,1,1,0
4230102,1082066,0.06%,1,1,0
4230102,1472032,0.04%,1,1,0
4230102,2040026,0.03%,1,1,0
4230102,2040817,0.03%,1,1,0
4230103,4000039,36%,1,1,0
4230103,2060000,3%,1,1,0
4230103,2061000,3%,1,1,0
4230103,2000002,2%,1,1,0
4230103,2000003,2%,1,1,0
4230103,4010003,0.9%,1,1,0
4230103,4020005,0.9%,1,1,0
4230103,4130007,0.6%,1,1,0
4230103,4130008,0.6%,1,1,0
4230103,2000004,0.15%,1,1,0
4230103,1002151,0.09%,1,1,0
4230103,1002179,0.09%,1,1,0
4230103,1072114,0.08%,1,1,0
4230103,1072121,0.08%,1,1,0
4230103,1082076,0.06%,1,1,0
4230103,1332001,0.05%,1,1,0
4230103,1472019,0.05%,1,1,0
4230103,1050051,0.045%,1,1,0
4230103,1051034,0.045%,1,1,0
4230103,1092014,0.045%,1,1,0
4230103,1312006,0.045%,1,1,0
4230103,1322017,0.045%,1,1,0
4230103,1452022,0.04%,1,1,0
4230103,2040027,0.03%,1,1,0
4230104,4000044,36%,1,1,0
4230104,2000003,2%,1,1,0
4230104,4010003,0.9%,1,1,0
4230104,4020002,0.9%,1,1,0
4230104,4130005,0.6%,1,1,0
4230104,4130015,0.6%,1,1,0
4230104,4130017,0.6%,1,1,0
4230104,2000004,0.15%,1,1,0
4230104,2383009,0.1%,1,1,0
4230104,1002025,0.09%,1,1,0
4230104,1002085,0.09%,1,1,0
4230104,1002217,0.09%,1,1,0
4230104,1040083,0.08%,1,1,0
4230104,1040095,0.08%,1,1,0
4230104,1041082,0.08%,1,1,0
4230104,1041087,0.08%,1,1,0
4230104,1060072,0.08%,1,1,0
4230104,1060084,0.08%,1,1,0
4230104,1061081,0.08%,1,1,0
4230104,1061086,0.08%,1,1,0
4230104,1482007,0.05%,1,1,0
4230104,1302016,0.045%,1,1,0
4230104,1382001,0.045%,1,1,0
4230104,1412003,0.045%,1,1,0
4230104,2040427,0.03%,1,1,0
4230104,2043201,0.03%,1,1,0
4230105,4000058,36%,1,1,0
4230105,2000002,2%,1,1,0
4230105,2000003,2%,1,1,0
4230105,2022039,2%,1,1,0
4230105,4004003,1%,1,1,0
4230105,4007001,1%,1,1,0
4230105,4010000,0.9%,1,1,0
4230105,4020003,0.9%,1,1,0
4230105,4130004,0.6%,1,1,0
4230105,4130013,0.6%,1,1,0
4230105,1002098,0.09%,1,1,0
4230105,1002182,0.09%,1,1,0
4230105,1040083,0.08%,1,1,0
4230105,1041083,0.08%,1,1,0
4230105,1060072,0.08%,1,1,0
4230105,1061082,0.08%,1,1,0
4230105,1072103,0.08%,1,1,0
4230105,1072130,0.08%,1,1,0
4230105,1082011,0.06%,1,1,0
4230105,1332020,0.05%,1,1,0
4230105,1472015,0.05%,1,1,0
4230105,1050048,0.045%,1,1,0
4230105,1051038,0.045%,1,1,0
4230105,1382019,0.045%,1,1,0
4230105,2041001,0.03%,1,1,0
4230105,2041011,0.03%,1,1,0
4230106,4031309,50%,1,1,3088
4230106,4000060,36%,1,1,0
4230106,4003004,20%,1,1,0
4230106,2060000,3%,1,1,0
4230106,2061000,3%,1,1,0
4230106,2000002,2%,1,1,0
4230106,2000003,2%,1,1,0
4230106,4004001,1%,1,1,0
4230106,4006000,1%,1,1,0
4230106,4007002,1%,1,1,0
4230106,4010004,0.9%,1,1,0
4230106,4020005,0.9%,1,1,0
4230106,4130003,0.6%,1,1,0
4230106,4130007,0.6%,1,1,0
4230106,4130009,0.6%,1,1,0
4230106,2070002,0.1%,1,1,0
4230106,1002210,0.09%,1,1,0
4230106,1002216,0.09%,1,1,0
4230106,1002628,0.09%,1,1,0
4230106,1040081,0.08%,1,1,0
4230106,1040086,0.08%,1,1,0
4230106,1041080,0.08%,1,1,0
4230106,1060070,0.08%,1,1,0
4230106,1060075,0.08%,1,1,0
4230106,1061079,0.08%,1,1,0
4230106,1072118,0.08%,1,1,0
4230106,1082036,0.06%,1,1,0
4230106,1082045,0.06%,1,1,0
4230106,1050052,0.045%,1,1,0
4230106,1051032,0.045%,1,1,0
4230106,1302016,0.045%,1,1,0
4230106,2040319,0.03%,1,1,0
4230106,2040705,0.03%,1,1,0
4230106,2044114,0.03%,1,1,0
4230106,2044214,0.03%,1,1,0
4230107,4000076,36%,1,1,0
4230107,4003004,20%,1,1,0
4230107,2000002,2%,1,1,0
4230107,2000003,2%,1,1,0
4230107,4004002,1%,1,1,0
4230107,4006000,1%,1,1,0
4230107,4007005,1%,1,1,0
4230107,4010005,0.9%,1,1,0
4230107,4020004,0.9%,1,1,0
4230107,4020007,0.9%,1,1,0
4230107,4130005,0.6%,1,1,0
4230107,4130015,0.6%,1,1,0
4230107,1040030,0.08%,1,1,0
4230107,1040072,0.08%,1,1,0
4230107,1040082,0.08%,1,1,0
4230107,1060020,0.08%,1,1,0
4230107,1060061,0.08%,1,1,0
4230107,1060071,0.08%,1,1,0
4230107,1072129,0.08%,1,1,0
4230107,1072134,0.08%,1,1,0
4230107,1082063,0.06%,1,1,0
4230107,1082072,0.06%,1,1,0
4230107,1332020,0.05%,1,1,0
4230107,1452008,0.05%,1,1,0
4230107,1050035,0.045%,1,1,0
4230107,1051030,0.045%,1,1,0
4230107,2041014,0.03%,1,1,0
4230107,2043202,0.03%,1,1,0
4230108,4000078,36%,1,1,0
4230108,4003004,20%,1,1,0
4230108,4000021,5%,1,1,0
4230108,2060000,3%,1,1,0
4230108,2061000,3%,1,1,0
4230108,2000002,2%,1,1,0
4230108,2000003,2%,1,1,0
4230108,4004003,1%,1,1,0
4230108,4010001,0.9%,1,1,0
4230108,4020006,0.9%,1,1,0
4230108,4130010,0.6%,1,1,0
4230108,4130011,0.6%,1,1,0
4230108,2070002,0.1%,1,1,0
4230108,1002086,0.09%,1,1,0
4230108,1002209,0.09%,1,1,0
4230108,1002218,0.09%,1,1,0
4230108,1041082,0.08%,1,1,0
4230108,1061081,0.08%,1,1,0
4230108,1072108,0.08%,1,1,0
4230108,1072113,0.08%,1,1,0
4230108,1082073,0.06%,1,1,0
4230108,1472018,0.05%,1,1,0
4230108,1050031,0.045%,1,1,0
4230108,1422007,0.045%,1,1,0
4230108,1442005,0.045%,1,1,0
4230108,2040623,0.03%,1,1,0
4230108,2041017,0.03%,1,1,0
4230108,1432008,0.005%,1,1,0
4230109,4000101,36%,1,1,0
4230109,2060000,3%,1,1,0
4230109,2061000,3%,1,1,0
4230109,2000002,2%,1,1,0
4230109,2000003,2%,1,1,0
4230109,4004002,1%,1,1,0
4230109,4010001,0.9%,1,1,0
4230109,4130000,0.6%,1,1,0
4230109,4130005,0.6%,1,1,0
4230109,4130014,0.6%,1,1,0
4230109,1032018,0.1%,1,1,0
4230109,1002154,0.09%,1,1,0
4230109,1002167,0.09%,1,1,0
4230109,1002180,0.09%,1,1,0
4230109,1040087,0.08%,1,1,0
4230109,1060076,0.08%,1,1,0
4230109,1072117,0.08%,1,1,0
4230109,1082070,0.06%,1,1,0
4230109,1462007,0.05%,1,1,0
4230109,1472017,0.05%,1,1,0
4230109,1482006,0.05%,1,1,0
4230109,1051024,0.045%,1,1,0
4230109,1092004,0.045%,1,1,0
4230109,1402002,0.045%,1,1,0
4230109,2040901,0.03%,1,1,0
4230109,2043212,0.03%,1,1,0
4230109,2044414,0.03%,1,1,0
4230110,4000102,36%,1,1,0
4230110,2060000,3%,1,1,0
4230110,2061000,3%,1,1,0
4230110,2000002,2%,1,1,0
4230110,4004000,1%,1,1,0
4230110,4020008,0.9%,1,1,0
4230110,4130002,0.6%,1,1,0
4230110,4130010,0.6%,1,1,0
4230110,4130011,0.6%,1,1,0
4230110,2000004,0.15%,1,1,0
4230110,1302013,0.145%,1,1,0
4230110,1002004,0.09%,1,1,0
4230110,1002144,0.09%,1,1,0
4230110,1002170,0.09%,1,1,0
4230110,1002181,0.09%,1,1,0
4230110,1040082,0.08%,1,1,0
4230110,1040088,0.08%,1,1,0
4230110,1041067,0.08%,1,1,0
4230110,1041084,0.08%,1,1,0
4230110,1060071,0.08%,1,1,0
4230110,1060077,0.08%,1,1,0
4230110,1061062,0.08%,1,1,0
4230110,1061083,0.08%,1,1,0
4230110,1072135,0.08%,1,1,0
4230110,1082081,0.06%,1,1,0
4230110,1082083,0.06%,1,1,0
4230110,1082195,0.06%,1,1,0
4230110,1462019,0.04%,1,1,0
4230110,2040504,0.03%,1,1,0
4230110,2040618,0.03%,1,1,0
4230110,2040627,0.03%,1,1,0
4230110,2040931,0.03%,1,1,0
4230110,2044002,0.03%,1,1,0
4230110,2044014,0.03%,1,1,0
4230110,2044301,0.03%,1,1,0
4230110,2044902,0.03%,1,1,0
4230111,4000111,36%,1,1,0
4230111,2060000,3%,1,1,0
4230111,2061000,3%,1,1,0
4230111,2000002,2%,1,1,0
4230111,2000003,2%,1,1,0
4230111,4004001,1%,1,1,0
4230111,4010002,0.9%,1,1,0
4230111,4010004,0.9%,1,1,0
4230111,4130003,0.6%,1,1,0
4230111,4130006,0.6%,1,1,0
4230111,4130015,0.6%,1,1,0
4230111,1902038,0.1%,1,1,0
4230111,1912031,0.1%,1,1,0
4230111,1002021,0.09%,1,1,0
4230111,1002153,0.09%,1,1,0
4230111,1002168,0.09%,1,1,0
4230111,1002628,0.09%,1,1,0
4230111,1041051,0.08%,1,1,0
4230111,1061047,0.08%,1,1,0
4230111,1072116,0.08%,1,1,0
4230111,1072123,0.08%,1,1,0
4230111,1072127,0.08%,1,1,0
4230111,1472018,0.05%,1,1,0
4230111,1050021,0.045%,1,1,0
4230111,1051007,0.045%,1,1,0
4230111,1302010,0.045%,1,1,0
4230111,2040602,0.03%,1,1,0
4230111,2040926,0.03%,1,1,0
4230111,2043302,0.03%,1,1,0
4230111,2044010,0.03%,1,1,0
4230112,4000112,36%,1,1,0
4230112,4031115,10%,1,1,3416
4230112,2060000,3%,1,1,0
4230112,2061000,3%,1,1,0
4230112,2000002,2%,1,1,0
4230112,2002008,2%,1,1,0
4230112,4004001,1%,1,1,0
4230112,4130003,0.6%,1,1,0
4230112,4130010,0.6%,1,1,0
4230112,2000004,0.15%,1,1,0
4230112,1902039,0.1%,1,1,0
4230112,1912032,0.1%,1,1,0
4230112,1002169,0.09%,1,1,0
4230112,1002214,0.09%,1,1,0
4230112,1040097,0.08%,1,1,0
4230112,1060086,0.08%,1,1,0
4230112,1072000,0.08%,1,1,0
4230112,1072101,0.08%,1,1,0
4230112,1072110,0.08%,1,1,0
4230112,1082025,0.06%,1,1,0
4230112,1472020,0.05%,1,1,0
4230112,1492007,0.05%,1,1,0
4230112,1051026,0.045%,1,1,0
4230112,1302010,0.045%,1,1,0
4230112,1302016,0.045%,1,1,0
4230112,1402003,0.045%,1,1,0
4230112,1412003,0.045%,1,1,0
4230112,2040004,0.03%,1,1,0
4230112,2040502,0.03%,1,1,0
4230112,2049000,0.015%,1,1,0
4230113,4031675,100%,1,1,4917
4230113,4000114,36%,1,1,0
4230113,4031098,15%,1,1,3232
4230113,2060000,3%,1,1,0
4230113,2061000,3%,1,1,0
4230113,2000002,2%,1,1,0
4230113,2000003,2%,1,1,0
4230113,4004003,1%,1,1,0
4230113,4007004,1%,1,1,0
4230113,4010003,0.9%,1,1,0
4230113,4130008,0.6%,1,1,0
4230113,4130013,0.6%,1,1,0
4230113,4130017,0.6%,1,1,0
4230113,1032018,0.1%,1,1,0
4230113,1002047,0.09%,1,1,0
4230113,1002139,0.09%,1,1,0
4230113,1002142,0.09%,1,1,0
4230113,1040061,0.08%,1,1,0
4230113,1060050,0.08%,1,1,0
4230113,1072108,0.08%,1,1,0
4230113,1082023,0.06%,1,1,0
4230113,1082071,0.06%,1,1,0
4230113,1332016,0.05%,1,1,0
4230113,1051025,0.045%,1,1,0
4230113,1052113,0.045%,1,1,0
4230113,1322017,0.045%,1,1,0
4230113,1372007,0.045%,1,1,0
4230113,1382019,0.045%,1,1,0
4230113,2040401,0.03%,1,1,0
4230113,2044701,0.03%,1,1,0
4230114,4000115,36%,1,1,0
4230114,2060000,3%,1,1,0
4230114,2061000,3%,1,1,0
4230114,2000002,2%,1,1,0
4230114,2000003,2%,1,1,0
4230114,2002010,2%,1,1,0
4230114,4004000,1%,1,1,0
4230114,4007000,1%,1,1,0
4230114,4020007,0.9%,1,1,0
4230114,4130006,0.6%,1,1,0
4230114,4130016,0.6%,1,1,0
4230114,4130017,0.6%,1,1,0
4230114,1002143,0.09%,1,1,0
4230114,1002176,0.09%,1,1,0
4230114,1040076,0.08%,1,1,0
4230114,1040085,0.08%,1,1,0
4230114,1060065,0.08%,1,1,0
4230114,1060074,0.08%,1,1,0
4230114,1072116,0.08%,1,1,0
4230114,1092029,0.067%,1,1,0
4230114,1082074,0.06%,1,1,0
4230114,1432004,0.05%,1,1,0
4230114,1050036,0.045%,1,1,0
4230114,1052113,0.045%,1,1,0
4230114,1092013,0.045%,1,1,0
4230114,1312008,0.045%,1,1,0
4230114,1402007,0.045%,1,1,0
4230114,2040804,0.03%,1,1,0
4230114,1092030,0.02%,1,1,0
4230115,4000115,36%,1,1,0
4230115,2060000,3%,1,1,0
4230115,2061000,3%,1,1,0
4230115,2000002,2%,1,1,0
4230115,2002010,2%,1,1,0
4230115,4004003,1%,1,1,0
4230115,4006001,1%,1,1,0
4230115,4007000,1%,1,1,0
4230115,4007002,1%,1,1,0
4230115,4007006,1%,1,1,0
4230115,4020000,0.9%,1,1,0
4230115,4020006,0.9%,1,1,0
4230115,4130011,0.6%,1,1,0
4230115,4130015,0.6%,1,1,0
4230115,4130016,0.6%,1,1,0
4230115,4030012,0.5%,1,1,0
4230115,2000004,0.15%,1,1,0
4230115,2070004,0.1%,1,1,0
4230115,2383002,0.1%,1,1,0
4230115,1040079,0.08%,1,1,0
4230115,1041088,0.08%,1,1,0
4230115,1060069,0.08%,1,1,0
4230115,1061087,0.08%,1,1,0
4230115,1072000,0.08%,1,1,0
4230115,1072118,0.08%,1,1,0
4230115,1072141,0.08%,1,1,0
4230115,1082065,0.06%,1,1,0
4230115,1082069,0.06%,1,1,0
4230115,1472021,0.05%,1,1,0
4230115,1482007,0.05%,1,1,0
4230115,1050049,0.045%,1,1,0
4230115,1422005,0.045%,1,1,0
4230115,2040029,0.03%,1,1,0
4230115,2040617,0.03%,1,1,0
4230115,2040931,0.03%,1,1,0
4230115,2043802,0.03%,1,1,0
4230115,2044102,0.03%,1,1,0
4230115,2044214,0.03%,1,1,0
4230116,4000117,36%,1,1,0
4230116,4031674,30%,1,1,4916
4230116,4031103,10%,1,1,3414
4230116,2060000,3%,1,1,0
4230116,2061000,3%,1,1,0
4230116,2000002,2%,1,1,0
4230116,2000003,2%,1,1,0
4230116,2002009,2%,1,1,0
4230116,4004002,1%,1,1,0
4230116,4031926,1%,1,1,3454
4230116,4010001,0.9%,1,1,0
4230116,4010004,0.9%,1,1,0
4230116,4020007,0.9%,1,1,0
4230116,4130007,0.6%,1,1,0
4230116,4130017,0.6%,1,1,0
4230116,1002028,0.09%,1,1,0
4230116,1002211,0.09%,1,1,0
4230116,1040084,0.08%,1,1,0
4230116,1060073,0.08%,1,1,0
4230116,1072109,0.08%,1,1,0
4230116,1072120,0.08%,1,1,0
4230116,1082062,0.06%,1,1,0
4230116,1082195,0.06%,1,1,0
4230116,1050047,0.045%,1,1,0
4230116,1092007,0.045%,1,1,0
4230116,1302016,0.045%,1,1,0
4230116,1322015,0.045%,1,1,0
4230116,1372001,0.045%,1,1,0
4230116,1402006,0.045%,1,1,0
4230116,2041005,0.03%,1,1,0
4230117,4000118,36%,1,1,0
4230117,4031104,10%,1,1,3414
4230117,2060000,3%,1,1,0
4230117,2061000,3%,1,1,0
4230117,2000002,2%,1,1,0
4230117,2000003,2%,1,1,0
4230117,2002007,2%,1,1,0
4230117,4004000,1%,1,1,0
4230117,4031926,1%,1,1,3454
4230117,4010003,0.9%,1,1,0
4230117,4020007,0.9%,1,1,0
4230117,4130009,0.6%,1,1,0
4230117,4130010,0.6%,1,1,0
4230117,1902050,0.1%,1,1,0
4230117,1912043,0.1%,1,1,0
4230117,2070002,0.1%,1,1,0
4230117,1002208,0.09%,1,1,0
4230117,1002212,0.09%,1,1,0
4230117,1002217,0.09%,1,1,0
4230117,1040080,0.08%,1,1,0
4230117,1041085,0.08%,1,1,0
4230117,1060068,0.08%,1,1,0
4230117,1061084,0.08%,1,1,0
4230117,1082008,0.06%,1,1,0
4230117,1082047,0.06%,1,1,0
4230117,1332003,0.05%,1,1,0
4230117,1492006,0.05%,1,1,0
4230117,1050049,0.045%,1,1,0
4230117,1092020,0.045%,1,1,0
4230117,1312008,0.045%,1,1,0
4230117,2040707,0.03%,1,1,0
4230118,4000119,36%,1,1,0
4230118,4031105,10%,1,1,3414
4230118,2060000,3%,1,1,0
4230118,2061000,3%,1,1,0
4230118,2000002,2%,1,1,0
4230118,2002009,2%,1,1,0
4230118,4004001,1%,1,1,0
4230118,4007007,1%,1,1,0
4230118,4031926,1%,1,1,3454
4230118,4010002,0.9%,1,1,0
4230118,4020006,0.9%,1,1,0
4230118,4130004,0.6%,1,1,0
4230118,2000004,0.15%,1,1,0
4230118,1032012,0.1%,1,1,0
4230118,2070004,0.1%,1,1,0
4230118,1002024,0.09%,1,1,0
4230118,1002155,0.09%,1,1,0
4230118,1040000,0.08%,1,1,0
4230118,1041068,0.08%,1,1,0
4230118,1041075,0.08%,1,1,0
4230118,1060075,0.08%,1,1,0
4230118,1061063,0.08%,1,1,0
4230118,1061070,0.08%,1,1,0
4230118,1072143,0.08%,1,1,0
4230118,1072300,0.08%,1,1,0
4230118,1082024,0.06%,1,1,0
4230118,1472021,0.05%,1,1,0
4230118,1050038,0.045%,1,1,0
4230118,1422005,0.045%,1,1,0
4230118,2040031,0.03%,1,1,0
4230118,2040802,0.03%,1,1,0
4230118,2040931,0.03%,1,1,0
4230119,4000120,36%,1,1,0
4230119,4031090,10%,1,1,3227
4230119,4031206,5%,1,1,3441
4230119,2060000,3%,1,1,0
4230119,2061000,3%,1,1,0
4230119,2000002,2%,1,1,0
4230119,2000003,2%,1,1,0
4230119,2002006,2%,1,1,0
4230119,4004003,1%,1,1,0
4230119,4007003,1%,1,1,0
4230119,4007004,1%,1,1,0
4230119,4007007,1%,1,1,0
4230119,4010005,0.9%,1,1,0
4230119,4020002,0.9%,1,1,0
4230119,4130001,0.6%,1,1,0
4230119,4130006,0.6%,1,1,0
4230119,4131004,0.6%,1,1,0
4230119,2330001,0.4%,1,1,0
4230119,1002178,0.09%,1,1,0
4230119,1041075,0.08%,1,1,0
4230119,1041084,0.08%,1,1,0
4230119,1061070,0.08%,1,1,0
4230119,1061083,0.08%,1,1,0
4230119,1072002,0.08%,1,1,0
4230119,1072124,0.08%,1,1,0
4230119,1082067,0.06%,1,1,0
4230119,1082068,0.06%,1,1,0
4230119,1082080,0.06%,1,1,0
4230119,1082195,0.06%,1,1,0
4230119,1050035,0.045%,1,1,0
4230119,1051016,0.045%,1,1,0
4230119,1092019,0.045%,1,1,0
4230119,2040804,0.03%,1,1,0
4230119,2044110,0.03%,1,1,0
4230120,4000121,36%,1,1,0
4230120,2060000,3%,1,1,0
4230120,2061000,3%,1,1,0
4230120,2000002,2%,1,1,0
4230120,4004001,1%,1,1,0
4230120,4006001,1%,1,1,0
4230120,4020003,0.9%,1,1,0
4230120,4130001,0.6%,1,1,0
4230120,4130002,0.6%,1,1,0
4230120,4131004,0.6%,1,1,0
4230120,2000004,0.15%,1,1,0
4230120,1002135,0.09%,1,1,0
4230120,1002141,0.09%,1,1,0
4230120,1040084,0.08%,1,1,0
4230120,1041081,0.08%,1,1,0
4230120,1041086,0.08%,1,1,0
4230120,1061071,0.08%,1,1,0
4230120,1061080,0.08%,1,1,0
4230120,1061085,0.08%,1,1,0
4230120,1072131,0.08%,1,1,0
4230120,1082084,0.06%,1,1,0
4230120,1432004,0.05%,1,1,0
4230120,1452008,0.05%,1,1,0
4230120,1482007,0.05%,1,1,0
4230120,1051030,0.045%,1,1,0
4230120,1051039,0.045%,1,1,0
4230120,2040324,0.03%,1,1,0
4230120,2040530,0.03%,1,1,0
4230120,2040804,0.03%,1,1,0
4230121,4000122,36%,1,1,0
4230121,2060000,3%,1,1,0
4230121,2061000,3%,1,1,0
4230121,2000002,2%,1,1,0
4230121,4004000,1%,1,1,0
4230121,4020004,0.9%,1,1,0
4230121,4020005,0.9%,1,1,0
4230121,4130000,0.6%,1,1,0
4230121,4130006,0.6%,1,1,0
4230121,4130013,0.6%,1,1,0
4230121,4131012,0.6%,1,1,0
4230121,2000004,0.15%,1,1,0
4230121,2383000,0.1%,1,1,0
4230121,1002155,0.09%,1,1,0
4230121,1002184,0.09%,1,1,0
4230121,1040089,0.08%,1,1,0
4230121,1041053,0.08%,1,1,0
4230121,1041077,0.08%,1,1,0
4230121,1060078,0.08%,1,1,0
4230121,1061049,0.08%,1,1,0
4230121,1061076,0.08%,1,1,0
4230121,1082047,0.06%,1,1,0
4230121,1082072,0.06%,1,1,0
4230121,1082198,0.06%,1,1,0
4230121,1051015,0.045%,1,1,0
4230121,1051024,0.045%,1,1,0
4230121,1372007,0.045%,1,1,0
4230121,1412003,0.045%,1,1,0
4230121,2043802,0.03%,1,1,0
4230121,2044901,0.03%,1,1,0
4230122,4000058,1%,1,1,0
4230122,4007001,1%,1,1,0
4230123,4000156,36%,1,1,0
4230123,4003004,20%,1,1,0
4230123,4000157,10%,1,1,0
4230123,2060000,3%,1,1,0
4230123,2061000,3%,1,1,0
4230123,4031266,3%,1,1,3082
4230123,2000002,2%,1,1,0
4230123,2000003,2%,1,1,0
4230123,4004003,1%,1,1,0
4230123,4020004,0.9%,1,1,0
4230123,4020008,0.9%,1,1,0
4230123,4130008,0.6%,1,1,0
4230123,2070002,0.1%,1,1,0
4230123,1002024,0.09%,1,1,0
4230123,1041083,0.08%,1,1,0
4230123,1061082,0.08%,1,1,0
4230123,1082198,0.06%,1,1,0
4230123,1452008,0.05%,1,1,0
4230123,1472017,0.05%,1,1,0
4230123,1442009,0.045%,1,1,0
4230123,2044501,0.03%,1,1,0
4230123,2044801,0.03%,1,1,0
4230123,2044805,0.03%,1,1,0
4230123,2048004,0.03%,1,1,0
4230124,4000155,36%,1,1,0
4230124,4000157,10%,1,1,0
4230124,2060000,3%,1,1,0
4230124,2061000,3%,1,1,0
4230124,4031267,3%,1,1,3082
4230124,2000002,2%,1,1,0
4230124,2000003,2%,1,1,0
4230124,4004004,1%,1,1,0
4230124,4007002,1%,1,1,0
4230124,4010006,0.9%,1,1,0
4230124,4020007,0.9%,1,1,0
4230124,4130008,0.6%,1,1,0
4230124,4130012,0.6%,1,1,0
4230124,4130014,0.6%,1,1,0
4230124,2000004,0.15%,1,1,0
4230124,1032012,0.1%,1,1,0
4230124,1002045,0.09%,1,1,0
4230124,1002085,0.09%,1,1,0
4230124,1002213,0.09%,1,1,0
4230124,1002631,0.09%,1,1,0
4230124,1040096,0.08%,1,1,0
4230124,1041067,0.08%,1,1,0
4230124,1041076,0.08%,1,1,0
4230124,1060073,0.08%,1,1,0
4230124,1060085,0.08%,1,1,0
4230124,1061062,0.08%,1,1,0
4230124,1452007,0.05%,1,1,0
4230124,1050037,0.045%,1,1,0
4230124,1412005,0.045%,1,1,0
4230124,2041019,0.03%,1,1,0
4230125,4000204,36%,1,1,0
4230125,2060000,3%,1,1,0
4230125,2061000,3%,1,1,0
4230125,2000002,2%,1,1,0
4230125,2000003,2%,1,1,0
4230125,4006000,1%,1,1,0
4230125,4010000,0.9%,1,1,0
4230125,4010004,0.9%,1,1,0
4230125,4020007,0.9%,1,1,0
4230125,4130002,0.6%,1,1,0
4230125,4130011,0.6%,1,1,0
4230125,2070002,0.1%,1,1,0
4230125,1002047,0.09%,1,1,0
4230125,1002081,0.09%,1,1,0
4230125,1002144,0.09%,1,1,0
4230125,1002178,0.09%,1,1,0
4230125,1072108,0.08%,1,1,0
4230125,1072118,0.08%,1,1,0
4230125,1072126,0.08%,1,1,0
4230125,1332016,0.05%,1,1,0
4230125,1050052,0.045%,1,1,0
4230125,1382019,0.045%,1,1,0
4230125,1422007,0.045%,1,1,0
4230125,2040705,0.03%,1,1,0
4230125,2040824,0.03%,1,1,0
4230125,2040929,0.03%,1,1,0
4230125,2044301,0.03%,1,1,0
4230126,4000205,36%,1,1,0
4230126,2060000,3%,1,1,0
4230126,2061000,3%,1,1,0
4230126,2000002,2%,1,1,0
4230126,2000003,2%,1,1,0
4230126,4006001,1%,1,1,0
4230126,4010003,0.9%,1,1,0
4230126,4020003,0.9%,1,1,0
4230126,4020006,0.9%,1,1,0
4230126,4130004,0.6%,1,1,0
4230126,4130008,0.6%,1,1,0
4230126,4130012,0.6%,1,1,0
4230126,2000004,0.15%,1,1,0
4230126,2383005,0.1%,1,1,0
4230126,1002631,0.09%,1,1,0
4230126,1041082,0.08%,1,1,0
4230126,1041084,0.08%,1,1,0
4230126,1060069,0.08%,1,1,0
4230126,1060075,0.08%,1,1,0
4230126,1082010,0.06%,1,1,0
4230126,1082059,0.06%,1,1,0
4230126,1082066,0.06%,1,1,0
4230126,1082089,0.06%,1,1,0
4230126,1082092,0.06%,1,1,0
4230126,1050048,0.045%,1,1,0
4230126,1051032,0.045%,1,1,0
4230126,2040419,0.03%,1,1,0
4230126,2040425,0.03%,1,1,0
4230126,2041014,0.03%,1,1,0
4230126,2044201,0.03%,1,1,0
4230126,2049000,0.015%,1,1,0
4230200,4000158,36%,1,1,0
4230200,4031265,3%,1,1,3082
4230200,2000002,2%,1,1,0
4230200,2000003,2%,1,1,0
4230200,2022040,2%,1,1,0
4230200,4004001,1%,1,1,0
4230200,4007001,1%,1,1,0
4230200,4010002,0.9%,1,1,0
4230200,4010003,0.9%,1,1,0
4230200,4130003,0.6%,1,1,0
4230200,4130007,0.6%,1,1,0
4230200,1002170,0.09%,1,1,0
4230200,1002207,0.09%,1,1,0
4230200,1002215,0.09%,1,1,0
4230200,1040000,0.08%,1,1,0
4230200,1040094,0.08%,1,1,0
4230200,1041088,0.08%,1,1,0
4230200,1060000,0.08%,1,1,0
4230200,1060083,0.08%,1,1,0
4230200,1061087,0.08%,1,1,0
4230200,1072112,0.08%,1,1,0
4230200,1072300,0.08%,1,1,0
4230200,1432005,0.05%,1,1,0
4230200,1462006,0.05%,1,1,0
4230200,1472014,0.05%,1,1,0
4230200,1051027,0.045%,1,1,0
4230200,1051038,0.045%,1,1,0
4230200,2040001,0.03%,1,1,0
4230200,2040620,0.03%,1,1,0
4230200,2040704,0.03%,1,1,0
4230200,2044310,0.03%,1,1,0
4230201,4000159,36%,1,1,0
4230201,2060000,3%,1,1,0
4230201,2061000,3%,1,1,0
4230201,2000002,2%,1,1,0
4230201,2000003,2%,1,1,0
4230201,2002004,2%,1,1,0
4230201,2022040,2%,1,1,0
4230201,4004002,1%,1,1,0
4230201,4010004,0.9%,1,1,0
4230201,4020003,0.9%,1,1,0
4230201,4130006,0.6%,1,1,0
4230201,4130016,0.6%,1,1,0
4230201,1002137,0.09%,1,1,0
4230201,1041074,0.08%,1,1,0
4230201,1041078,0.08%,1,1,0
4230201,1061069,0.08%,1,1,0
4230201,1061077,0.08%,1,1,0
4230201,1072102,0.08%,1,1,0
4230201,1072106,0.08%,1,1,0
4230201,1072126,0.08%,1,1,0
4230201,1072140,0.08%,1,1,0
4230201,1082011,0.06%,1,1,0
4230201,1082024,0.06%,1,1,0
4230201,1082055,0.06%,1,1,0
4230201,1051031,0.045%,1,1,0
4230201,1051037,0.045%,1,1,0
4230201,2040417,0.03%,1,1,0
4230201,2040801,0.03%,1,1,0
4230201,2040901,0.03%,1,1,0
4230300,4031241,100%,1,1,3606
4230300,4000169,36%,1,1,0
4230300,4000021,5%,1,1,0
4230300,2060000,3%,1,1,0
4230300,2061000,3%,1,1,0
4230300,2000002,2%,1,1,0
4230300,2000003,2%,1,1,0
4230300,4004001,1%,1,1,0
4230300,4006000,1%,1,1,0
4230300,4010004,0.9%,1,1,0
4230300,4020005,0.9%,1,1,0
4230300,4130009,0.6%,1,1,0
4230300,4130015,0.6%,1,1,0
4230300,4130017,0.6%,1,1,0
4230300,1032011,0.1%,1,1,0
4230300,1902060,0.1%,1,1,0
4230300,1912053,0.1%,1,1,0
4230300,2070002,0.1%,1,1,0
4230300,1072109,0.08%,1,1,0
4230300,1072112,0.08%,1,1,0
4230300,1082072,0.06%,1,1,0
4230300,1102001,0.06%,1,1,0
4230300,1482006,0.05%,1,1,0
4230300,1092014,0.045%,1,1,0
4230300,1302016,0.045%,1,1,0
4230300,1312007,0.045%,1,1,0
4230300,2040029,0.03%,1,1,0
4230300,2040417,0.03%,1,1,0
4230300,2040705,0.03%,1,1,0
4230400,4000178,36%,1,1,0
4230400,2060000,3%,1,1,0
4230400,2061000,3%,1,1,0
4230400,2000002,2%,1,1,0
4230400,2000003,2%,1,1,0
4230400,4010001,0.9%,1,1,0
4230400,4020007,0.9%,1,1,0
4230400,4020008,0.9%,1,1,0
4230400,4130001,0.6%,1,1,0
4230400,4130010,0.6%,1,1,0
4230400,4130011,0.6%,1,1,0
4230400,1342002,0.15%,1,1,0
4230400,2000004,0.15%,1,1,0
4230400,1032018,0.1%,1,1,0
4230400,1002184,0.09%,1,1,0
4230400,1041082,0.08%,1,1,0
4230400,1061081,0.08%,1,1,0
4230400,1072116,0.08%,1,1,0
4230400,1072126,0.08%,1,1,0
4230400,1082071,0.06%,1,1,0
4230400,1050047,0.045%,1,1,0
4230400,2040923,0.03%,1,1,0
4230400,2044001,0.03%,1,1,0
4230500,4000276,36%,1,1,0
4230500,4000021,5%,1,1,0
4230500,2060000,3%,1,1,0
4230500,2061000,3%,1,1,0
4230500,2000002,2%,1,1,0
4230500,2000003,2%,1,1,0
4230500,4010001,0.9%,1,1,0
4230500,4010006,0.9%,1,1,0
4230500,4130004,0.6%,1,1,0
4230500,4130014,0.6%,1,1,0
4230500,4130016,0.6%,1,1,0
4230500,2330001,0.4%,1,1,0
4230500,1002023,0.09%,1,1,0
4230500,1002092,0.09%,1,1,0
4230500,1002103,0.09%,1,1,0
4230500,1002155,0.09%,1,1,0
4230500,1041066,0.08%,1,1,0
4230500,1041095,0.08%,1,1,0
4230500,1061061,0.08%,1,1,0
4230500,1061094,0.08%,1,1,0
4230500,1482006,0.05%,1,1,0
4230500,1050038,0.045%,1,1,0
4230500,1051016,0.045%,1,1,0
4230500,2040001,0.03%,1,1,0
4230501,4000277,36%,1,1,0
4230501,2060000,3%,1,1,0
4230501,2061000,3%,1,1,0
4230501,2000002,2%,1,1,0
4230501,2000003,2%,1,1,0
4230501,4004002,1%,1,1,0
4230501,4010001,0.9%,1,1,0
4230501,4130000,0.6%,1,1,0
4230501,4130009,0.6%,1,1,0
4230501,4130011,0.6%,1,1,0
4230501,1032018,0.1%,1,1,0
4230501,1002217,0.09%,1,1,0
4230501,1061076,0.08%,1,1,0
4230501,1072110,0.08%,1,1,0
4230501,1072300,0.08%,1,1,0
4230501,1472018,0.05%,1,1,0
4230501,1051026,0.045%,1,1,0
4230501,2040420,0.03%,1,1,0
4230501,2040901,0.03%,1,1,0
4230501,2049000,0.015%,1,1,0
4230502,4000278,36%,1,1,0
4230502,2060000,3%,1,1,0
4230502,2061000,3%,1,1,0
4230502,2000002,2%,1,1,0
4230502,2000003,2%,1,1,0
4230502,4004003,1%,1,1,0
4230502,4007007,1%,1,1,0
4230502,4020004,0.9%,1,1,0
4230502,4020008,0.9%,1,1,0
4230502,4130003,0.6%,1,1,0
4230502,4130009,0.6%,1,1,0
4230502,4130017,0.6%,1,1,0
4230502,2070002,0.1%,1,1,0
4230502,1002024,0.09%,1,1,0
4230502,1041083,0.08%,1,1,0
4230502,1061082,0.08%,1,1,0
4230502,1072303,0.08%,1,1,0
4230502,1452008,0.05%,1,1,0
4230502,1442009,0.045%,1,1,0
4230502,2040823,0.03%,1,1,0
4230502,2043114,0.03%,1,1,0
4230502,2044501,0.03%,1,1,0
4230502,2048004,0.03%,1,1,0
4230503,4000280,36%,1,1,0
4230503,4000281,36%,1,1,0
4230503,2060000,3%,1,1,0
4230503,2061000,3%,1,1,0
4230503,2000002,2%,1,1,0
4230503,2000003,2%,1,1,0
4230503,4004001,1%,1,1,0
4230503,4010004,0.9%,1,1,0
4230503,4020005,0.9%,1,1,0
4230503,4130001,0.6%,1,1,0
4230503,4130007,0.6%,1,1,0
4230503,1032008,0.1%,1,1,0
4230503,1002081,0.09%,1,1,0
4230503,1040089,0.08%,1,1,0
4230503,1060078,0.08%,1,1,0
4230503,1102001,0.06%,1,1,0
4230503,1492006,0.05%,1,1,0
4230503,1050052,0.045%,1,1,0
4230503,2040705,0.03%,1,1,0
4230503,2044410,0.03%,1,1,0
4230504,4000279,36%,1,1,0
4230504,4000281,36%,1,1,0
4230504,2060000,3%,1,1,0
4230504,2061000,3%,1,1,0
4230504,2000002,2%,1,1,0
4230504,2000003,2%,1,1,0
4230504,4004000,1%,1,1,0
4230504,4010002,0.9%,1,1,0
4230504,4010004,0.9%,1,1,0
4230504,4130002,0.6%,1,1,0
4230504,4130013,0.6%,1,1,0
4230504,2330002,0.4%,1,1,0
4230504,1002085,0.09%,1,1,0
4230504,1002631,0.09%,1,1,0
4230504,1041077,0.08%,1,1,0
4230504,1082010,0.06%,1,1,0
4230504,1382001,0.045%,1,1,0
4230504,2040504,0.03%,1,1,0
4230504,2044002,0.03%,1,1,0
4230504,2044310,0.03%,1,1,0
4230505,4000291,18%,1,1,0
4230505,2000002,2%,1,1,0
4230505,2000003,2%,1,1,0
4230505,4004002,1%,1,1,0
4230505,4006001,1%,1,1,0
4230505,4020000,0.9%,1,1,0
4230505,4020006,0.9%,1,1,0
4230505,4130001,0.6%,1,1,0
4230505,4130014,0.6%,1,1,0
4230505,4130016,0.6%,1,1,0
4230505,2330002,0.4%,1,1,0
4230505,1002215,0.09%,1,1,0
4230505,1040089,0.08%,1,1,0
4230505,1050045,0.045%,1,1,0
4230505,1052116,0.045%,1,1,0
4230505,1372007,0.045%,1,1,0
4230505,2040001,0.03%,1,1,0
4230505,2044102,0.03%,1,1,0
4230506,4000292,36%,1,1,0
4230506,2000002,2%,1,1,0
4230506,2000003,2%,1,1,0
4230506,4006001,1%,1,1,0
4230506,4010001,0.9%,1,1,0
4230506,4020000,0.9%,1,1,0
4230506,4130000,0.6%,1,1,0
4230506,4130017,0.6%,1,1,0
4230506,1302013,0.145%,1,1,0
4230506,1032007,0.1%,1,1,0
4230506,1002083,0.09%,1,1,0
4230506,1002212,0.09%,1,1,0
4230506,1041080,0.08%,1,1,0
4230506,1041086,0.08%,1,1,0
4230506,1041092,0.08%,1,1,0
4230506,1061079,0.08%,1,1,0
4230506,1061085,0.08%,1,1,0
4230506,1061091,0.08%,1,1,0
4230506,1102003,0.06%,1,1,0
4230506,1492007,0.05%,1,1,0
4230506,2040622,0.03%,1,1,0
4230506,2044110,0.03%,1,1,0
4230506,2044312,0.03%,1,1,0
4230506,2049100,0.03%,1,1,0
4230600,4000332,36%,1,1,0
4230600,2060000,3%,1,1,0
4230600,2061000,3%,1,1,0
4230600,2000002,2%,1,1,0
4230600,2000003,2%,1,1,0
4230600,4004003,1%,1,1,0
4230600,4006001,1%,1,1,0
4230600,4007000,1%,1,1,0
4230600,4007004,1%,1,1,0
4230600,4007006,1%,1,1,0
4230600,4010007,0.9%,1,1,0
4230600,4020001,0.9%,1,1,0
4230600,4130000,0.6%,1,1,0
4230600,4130016,0.6%,1,1,0
4230600,2070003,0.1%,1,1,0
4230600,1002210,0.09%,1,1,0
4230600,1041082,0.08%,1,1,0
4230600,1061081,0.08%,1,1,0
4230600,1072002,0.08%,1,1,0
4230600,1082055,0.06%,1,1,0
4230600,1102000,0.06%,1,1,0
4230600,1432003,0.05%,1,1,0
4230600,1452007,0.05%,1,1,0
4230600,1492006,0.05%,1,1,0
4230600,1372012,0.045%,1,1,0
4230600,2040823,0.03%,1,1,0
4230600,2044401,0.03%,1,1,0
4230600,2044412,0.03%,1,1,0
4230600,2044802,0.03%,1,1,0
4240000,4031102,100%,1,1,3413
4240000,4031926,100%,1,1,3454
4240000,4000125,36%,1,1,0
4240000,4031106,10%,1,1,3414
4240000,2060000,3%,1,1,0
4240000,2061000,3%,1,1,0
4240000,2000002,2%,1,1,0
4240000,2002008,2%,1,1,0
4240000,4004003,1%,1,1,0
4240000,4006001,1%,1,1,0
4240000,4010006,0.9%,1,1,0
4240000,4020008,0.9%,1,1,0
4240000,4130006,0.6%,1,1,0
4240000,4130011,0.6%,1,1,0
4240000,2000004,0.15%,1,1,0
4240000,2383011,0.1%,1,1,0
4240000,1002101,0.09%,1,1,0
4240000,1002216,0.09%,1,1,0
4240000,1041074,0.08%,1,1,0
4240000,1041083,0.08%,1,1,0
4240000,1061069,0.08%,1,1,0
4240000,1061082,0.08%,1,1,0
4240000,1072122,0.08%,1,1,0
4240000,1072125,0.08%,1,1,0
4240000,1072130,0.08%,1,1,0
4240000,1072133,0.08%,1,1,0
4240000,1082080,0.06%,1,1,0
4240000,1102016,0.06%,1,1,0
4240000,1332003,0.05%,1,1,0
4240000,1322016,0.045%,1,1,0
4240000,2040029,0.03%,1,1,0
4240000,2040619,0.03%,1,1,0
4240000,2043801,0.03%,1,1,0
4240000,2044114,0.03%,1,1,0
4240000,4021009,0.002%,1,1,0
4250000,4000436,36%,1,1,0
4250000,2000002,2%,1,1,0
4250000,2000003,2%,1,1,0
4250000,4007003,1%,1,1,0
4250000,4007005,1%,1,1,0
4250000,4010005,0.9%,1,1,0
4250000,4020004,0.9%,1,1,0
4250000,4130005,0.6%,1,1,0
4250000,4130015,0.6%,1,1,0
4250000,4130017,0.6%,1,1,0
4250000,1002025,0.09%,1,1,0
4250000,1072109,0.08%,1,1,0
4250000,1082083,0.06%,1,1,0
4250000,1492006,0.05%,1,1,0
4250000,1051025,0.045%,1,1,0
4250000,2040004,0.03%,1,1,0
4250001,4000438,36%,1,1,0
4250001,2000002,2%,1,1,0
4250001,2000003,2%,1,1,0
4250001,4010004,0.9%,1,1,0
4250001,4020005,0.9%,1,1,0
4250001,4130014,0.6%,1,1,0
4250001,1002215,0.09%,1,1,0
4250001,1072303,0.08%,1,1,0
4250001,1082066,0.06%,1,1,0
4250001,1051038,0.045%,1,1,0
4250001,1442005,0.045%,1,1,0
4250001,2040627,0.03%,1,1,0
5090000,4000413,36%,1,1,0
5090000,2383048,2.5%,1,1,0
5090001,4000412,36%,1,1,0
5090001,4031789,10%,1,1,0
5090001,2383049,2.5%,1,1,0
5100000,4000048,36%,1,1,0
5100000,4003005,20%,1,1,0
5100000,4000021,5%,1,1,0
5100000,2000002,2%,1,1,0
5100000,2000003,2%,1,1,0
5100000,4004002,1%,1,1,0
5100000,4007000,1%,1,1,0
5100000,4007001,1%,1,1,0
5100000,4007002,1%,1,1,0
5100000,4010002,0.9%,1,1,0
5100000,4020001,0.9%,1,1,0
5100000,4130010,0.6%,1,1,0
5100000,4130011,0.6%,1,1,0
5100000,2000004,0.15%,1,1,0
5100000,2383013,0.1%,1,1,0
5100000,1041096,0.08%,1,1,0
5100000,1061095,0.08%,1,1,0
5100000,1072089,0.08%,1,1,0
5100000,1082038,0.06%,1,1,0
5100000,1452006,0.05%,1,1,0
5100000,1051037,0.045%,1,1,0
5100000,1051044,0.045%,1,1,0
5100000,1051045,0.045%,1,1,0
5100000,1052116,0.045%,1,1,0
5100000,1442009,0.045%,1,1,0
5100000,2040321,0.03%,1,1,0
5100000,2040804,0.03%,1,1,0
5100000,2040925,0.03%,1,1,0
5100000,2040933,0.03%,1,1,0
5100000,2043019,0.03%,1,1,0
5100000,2043110,0.03%,1,1,0
5100000,2044602,0.03%,1,1,0
5100000,1092030,0.02%,1,1,0
5100002,4000081,36%,1,1,0
5100002,2000002,2%,1,1,0
5100002,2000003,2%,1,1,0
5100002,4004000,1%,1,1,0
5100002,4006000,1%,1,1,0
5100002,4010001,0.9%,1,1,0
5100002,4020000,0.9%,1,1,0
5100002,4130001,0.6%,1,1,0
5100002,4130007,0.6%,1,1,0
5100002,2070003,0.1%,1,1,0
5100002,2383017,0.1%,1,1,0
5100002,1002209,0.09%,1,1,0
5100002,1002214,0.09%,1,1,0
5100002,1002242,0.09%,1,1,0
5100002,1040087,0.08%,1,1,0
5100002,1041076,0.08%,1,1,0
5100002,1060076,0.08%,1,1,0
5100002,1061071,0.08%,1,1,0
5100002,1072150,0.08%,1,1,0
5100002,1332016,0.05%,1,1,0
5100002,1492007,0.05%,1,1,0
5100002,1051025,0.045%,1,1,0
5100002,1302009,0.045%,1,1,0
5100002,1322017,0.045%,1,1,0
5100002,2040326,0.03%,1,1,0
5100002,2041010,0.03%,1,1,0
5100002,2049000,0.015%,1,1,0
5100003,4031268,60%,1,1,3629
5100003,4000170,36%,1,1,0
5100003,4000021,5%,1,1,0
5100003,2000002,2%,1,1,0
5100003,2000003,2%,1,1,0
5100003,2002003,2%,1,1,0
5100003,4004002,1%,1,1,0
5100003,4010002,0.9%,1,1,0
5100003,4020001,0.9%,1,1,0
5100003,4130003,0.6%,1,1,0
5100003,4130008,0.6%,1,1,0
5100003,4130016,0.6%,1,1,0
5100003,1342003,0.15%,1,1,0
5100003,2000004,0.15%,1,1,0
5100003,1902045,0.1%,1,1,0
5100003,1912038,0.1%,1,1,0
5100003,2383014,0.1%,1,1,0
5100003,1041088,0.08%,1,1,0
5100003,1060077,0.08%,1,1,0
5100003,1072118,0.08%,1,1,0
5100003,1082198,0.06%,1,1,0
5100003,1332011,0.05%,1,1,0
5100003,1051038,0.045%,1,1,0
5100003,1312008,0.045%,1,1,0
5100003,1322017,0.045%,1,1,0
5100003,2040804,0.03%,1,1,0
5100003,2040901,0.03%,1,1,0
5100003,2044602,0.03%,1,1,0
5100003,2044805,0.03%,1,1,0
5100004,4000172,36%,1,1,0
5100004,4031790,10%,1,1,3642
5100004,4000021,5%,1,1,0
5100004,2000003,2%,1,1,0
5100004,4004002,1%,1,1,0
5100004,4004004,1%,1,1,0
5100004,4007000,1%,1,1,0
5100004,4007006,1%,1,1,0
5100004,4010005,0.9%,1,1,0
5100004,4020004,0.9%,1,1,0
5100004,4130003,0.6%,1,1,0
5100004,4130005,0.6%,1,1,0
5100004,4130011,0.6%,1,1,0
5100004,2000004,0.15%,1,1,0
5100004,1032021,0.1%,1,1,0
5100004,2383034,0.1%,1,1,0
5100004,1040087,0.08%,1,1,0
5100004,1040099,0.08%,1,1,0
5100004,1060076,0.08%,1,1,0
5100004,1060088,0.08%,1,1,0
5100004,1072134,0.08%,1,1,0
5100004,1082066,0.06%,1,1,0
5100004,1082081,0.06%,1,1,0
5100004,1432006,0.05%,1,1,0
5100004,1050058,0.045%,1,1,0
5100004,1051046,0.045%,1,1,0
5100004,1052119,0.045%,1,1,0
5100004,2040420,0.03%,1,1,0
5100004,2043701,0.03%,1,1,0
5100004,2043801,0.03%,1,1,0
5100005,4000171,36%,1,1,0
5100005,4000021,5%,1,1,0
5100005,2000002,2%,1,1,0
5100005,2000003,2%,1,1,0
5100005,4004003,1%,1,1,0
5100005,4006000,1%,1,1,0
5100005,4010001,0.9%,1,1,0
5100005,4010005,0.9%,1,1,0
5100005,4130008,0.6%,1,1,0
5100005,4130009,0.6%,1,1,0
5100005,2000004,0.15%,1,1,0
5100005,2070004,0.1%,1,1,0
5100005,2383024,0.1%,1,1,0
5100005,1040095,0.08%,1,1,0
5100005,1041079,0.08%,1,1,0
5100005,1060084,0.08%,1,1,0
5100005,1061078,0.08%,1,1,0
5100005,1051045,0.045%,1,1,0
5100005,1402006,0.045%,1,1,0
5100005,1422007,0.045%,1,1,0
5100005,2040316,0.03%,1,1,0
5100005,2040621,0.03%,1,1,0
5100005,2041023,0.03%,1,1,0
5100005,2044201,0.03%,1,1,0
5100005,2044901,0.03%,1,1,0
5110300,4000360,36%,1,1,0
5110300,2000002,2%,1,1,0
5110300,2000003,2%,1,1,0
5110300,2002003,2%,1,1,0
5110300,4004002,1%,1,1,0
5110300,4020005,0.9%,1,1,0
5110300,4130000,0.6%,1,1,0
5110300,4130004,0.6%,1,1,0
5110300,4130006,0.6%,1,1,0
5110300,2383016,0.1%,1,1,0
5110300,1041088,0.08%,1,1,0
5110300,1060077,0.08%,1,1,0
5110300,1072118,0.08%,1,1,0
5110300,1332011,0.05%,1,1,0
5110300,1482007,0.05%,1,1,0
5110300,1051038,0.045%,1,1,0
5110300,1052116,0.045%,1,1,0
5110300,1312008,0.045%,1,1,0
5110300,2040027,0.03%,1,1,0
5110300,2040317,0.03%,1,1,0
5110300,2040901,0.03%,1,1,0
5110300,2044602,0.03%,1,1,0
5110300,2044902,0.03%,1,1,0
5110301,4000364,36%,1,1,0
5110301,2000002,2%,1,1,0
5110301,2000003,2%,1,1,0
5110301,4004004,1%,1,1,0
5110301,4007000,1%,1,1,0
5110301,4007006,1%,1,1,0
5110301,4020005,0.9%,1,1,0
5110301,4130001,0.6%,1,1,0
5110301,4130005,0.6%,1,1,0
5110301,4130006,0.6%,1,1,0
5110301,2383028,0.1%,1,1,0
5110301,1002159,0.09%,1,1,0
5110301,1040057,0.08%,1,1,0
5110301,1040087,0.08%,1,1,0
5110301,1040091,0.08%,1,1,0
5110301,1040096,0.08%,1,1,0
5110301,1060080,0.08%,1,1,0
5110301,1060085,0.08%,1,1,0
5110301,1082004,0.06%,1,1,0
5110301,1492008,0.05%,1,1,0
5110301,1050052,0.045%,1,1,0
5110301,2040323,0.03%,1,1,0
5110301,2040422,0.03%,1,1,0
5110301,2043017,0.03%,1,1,0
5110301,1060076,0.008%,1,1,0
5110302,4000365,36%,1,1,0
5110302,2000002,2%,1,1,0
5110302,2000003,2%,1,1,0
5110302,4007000,1%,1,1,0
5110302,4007003,1%,1,1,0
5110302,4007006,1%,1,1,0
5110302,4010006,0.9%,1,1,0
5110302,4130008,0.6%,1,1,0
5110302,4130009,0.6%,1,1,0
5110302,2000004,0.15%,1,1,0
5110302,2383042,0.1%,1,1,0
5110302,1002029,0.09%,1,1,0
5110302,1002248,0.09%,1,1,0
5110302,1002269,0.09%,1,1,0
5110302,1041077,0.08%,1,1,0
5110302,1061076,0.08%,1,1,0
5110302,1072146,0.08%,1,1,0
5110302,1082066,0.06%,1,1,0
5110302,1082201,0.06%,1,1,0
5110302,1051037,0.045%,1,1,0
5110302,2040425,0.03%,1,1,0
5110302,2040804,0.03%,1,1,0
5110302,2040901,0.03%,1,1,0
5110302,2040923,0.03%,1,1,0
5110302,2044114,0.03%,1,1,0
5120000,4031309,50%,1,1,3088
5120000,4000061,36%,1,1,0
5120000,4003005,20%,1,1,0
5120000,2000002,2%,1,1,0
5120000,2000003,2%,1,1,0
5120000,4004000,1%,1,1,0
5120000,4004004,1%,1,1,0
5120000,4006001,1%,1,1,0
5120000,4010006,0.9%,1,1,0
5120000,4020002,0.9%,1,1,0
5120000,4130010,0.6%,1,1,0
5120000,2330002,0.4%,1,1,0
5120000,2000004,0.15%,1,1,0
5120000,2070002,0.1%,1,1,0
5120000,2383020,0.1%,1,1,0
5120000,1002086,0.09%,1,1,0
5120000,1002185,0.09%,1,1,0
5120000,1040081,0.08%,1,1,0
5120000,1040088,0.08%,1,1,0
5120000,1060070,0.08%,1,1,0
5120000,1060077,0.08%,1,1,0
5120000,1072128,0.08%,1,1,0
5120000,1072134,0.08%,1,1,0
5120000,1072144,0.08%,1,1,0
5120000,1082086,0.06%,1,1,0
5120000,1082201,0.06%,1,1,0
5120000,1051033,0.045%,1,1,0
5120000,1092007,0.045%,1,1,0
5120000,1422007,0.045%,1,1,0
5120000,2040324,0.03%,1,1,0
5120000,2040423,0.03%,1,1,0
5120000,2040504,0.03%,1,1,0
5120000,2041017,0.03%,1,1,0
5120000,2043017,0.03%,1,1,0
5120001,4000070,36%,1,1,0
5120001,4003005,20%,1,1,0
5120001,2000002,2%,1,1,0
5120001,2000003,2%,1,1,0
5120001,4004000,1%,1,1,0
5120001,4006000,1%,1,1,0
5120001,4007001,1%,1,1,0
5120001,4007003,1%,1,1,0
5120001,4010005,0.9%,1,1,0
5120001,4020000,0.9%,1,1,0
5120001,4130000,0.6%,1,1,0
5120001,4130008,0.6%,1,1,0
5120001,4130009,0.6%,1,1,0
5120001,2331000,0.4%,1,1,0
5120001,2000004,0.15%,1,1,0
5120001,1032013,0.1%,1,1,0
5120001,1902046,0.1%,1,1,0
5120001,1912039,0.1%,1,1,0
5120001,2383021,0.1%,1,1,0
5120001,1002028,0.09%,1,1,0
5120001,1040094,0.08%,1,1,0
5120001,1041089,0.08%,1,1,0
5120001,1060083,0.08%,1,1,0
5120001,1061088,0.08%,1,1,0
5120001,1072115,0.08%,1,1,0
5120001,1072126,0.08%,1,1,0
5120001,1072306,0.08%,1,1,0
5120001,1082074,0.06%,1,1,0
5120001,1050054,0.045%,1,1,0
5120001,1050058,0.045%,1,1,0
5120001,1402007,0.045%,1,1,0
5120001,2040933,0.03%,1,1,0
5120001,2041012,0.03%,1,1,0
5120001,2043002,0.03%,1,1,0
5120001,2044212,0.03%,1,1,0
5120002,4000071,36%,1,1,0
5120002,4003005,20%,1,1,0
5120002,2000002,2%,1,1,0
5120002,2000003,2%,1,1,0
5120002,4004001,1%,1,1,0
5120002,4006001,1%,1,1,0
5120002,4010002,0.9%,1,1,0
5120002,4020003,0.9%,1,1,0
5120002,4130002,0.6%,1,1,0
5120002,4130014,0.6%,1,1,0
5120002,2330002,0.4%,1,1,0
5120002,1342003,0.15%,1,1,0
5120002,2000004,0.15%,1,1,0
5120002,2383022,0.1%,1,1,0
5120002,1002024,0.09%,1,1,0
5120002,1002045,0.09%,1,1,0
5120002,1002267,0.09%,1,1,0
5120002,1002631,0.09%,1,1,0
5120002,1040084,0.08%,1,1,0
5120002,1060073,0.08%,1,1,0
5120002,1072123,0.08%,1,1,0
5120002,1072131,0.08%,1,1,0
5120002,1082009,0.06%,1,1,0
5120002,1082081,0.06%,1,1,0
5120002,1051041,0.045%,1,1,0
5120002,1302010,0.045%,1,1,0
5120002,1312007,0.045%,1,1,0
5120002,2041017,0.03%,1,1,0
5120002,2044001,0.03%,1,1,0
5120002,2044212,0.03%,1,1,0
5120003,4000072,36%,1,1,0
5120003,4003005,20%,1,1,0
5120003,2000002,2%,1,1,0
5120003,2000003,2%,1,1,0
5120003,4004003,1%,1,1,0
5120003,4006000,1%,1,1,0
5120003,4007001,1%,1,1,0
5120003,4007007,1%,1,1,0
5120003,4010001,0.9%,1,1,0
5120003,4020005,0.9%,1,1,0
5120003,4130005,0.6%,1,1,0
5120003,4130012,0.6%,1,1,0
5120003,2332000,0.4%,1,1,0
5120003,2000004,0.15%,1,1,0
5120003,1032011,0.1%,1,1,0
5120003,1032019,0.1%,1,1,0
5120003,2070004,0.1%,1,1,0
5120003,2070010,0.1%,1,1,0
5120003,2383023,0.1%,1,1,0
5120003,1002153,0.09%,1,1,0
5120003,1002181,0.09%,1,1,0
5120003,1002634,0.09%,1,1,0
5120003,1041078,0.08%,1,1,0
5120003,1041085,0.08%,1,1,0
5120003,1061077,0.08%,1,1,0
5120003,1061084,0.08%,1,1,0
5120003,1072135,0.08%,1,1,0
5120003,1082082,0.06%,1,1,0
5120003,1332015,0.05%,1,1,0
5120003,1050052,0.045%,1,1,0
5120003,1051034,0.045%,1,1,0
5120003,1322018,0.045%,1,1,0
5120003,2040323,0.03%,1,1,0
5120003,2040924,0.03%,1,1,0
5120003,2041023,0.03%,1,1,0
5120100,4000126,36%,1,1,0
5120100,2060000,30%,1,1,0
5120100,2061000,30%,1,1,0
5120100,2000002,20%,1,1,0
5120100,2002010,20%,1,1,0
5120100,4004000,10%,1,1,0
5120100,4010006,9%,1,1,0
5120100,4020001,9%,1,1,0
5120100,4020007,9%,1,1,0
5120100,4130004,6%,1,1,0
5120100,4130013,6%,1,1,0
5120100,2383026,2.5%,1,1,0
5120100,1002154,1.5%,1,1,0
5120100,1002211,1.5%,1,1,0
5120100,1032014,1%,1,1,0
5120100,1040096,0.8%,1,1,0
5120100,1041082,0.8%,1,1,0
5120100,1082010,0.6%,1,1,0
5120100,1082067,0.6%,1,1,0
5120100,1060085,0.48%,1,1,0
5120100,1061081,0.48%,1,1,0
5120100,1072142,0.48%,1,1,0
5120100,1092010,0.42%,1,1,0
5120100,1402011,0.42%,1,1,0
5120100,1412007,0.42%,1,1,0
5120100,2043017,0.3%,1,1,0
5120100,2044602,0.3%,1,1,0
5120100,2000004,0.15%,1,1,0
5120100,4011007,0.002%,1,1,0
5120500,4000283,36%,1,1,0
5120500,4000284,36%,1,1,0
5120500,4003005,20%,1,1,0
5120500,4000021,5%,1,1,0
5120500,2000002,2%,1,1,0
5120500,2000003,2%,1,1,0
5120500,4004002,1%,1,1,0
5120500,4004004,1%,1,1,0
5120500,4010005,0.9%,1,1,0
5120500,4020004,0.9%,1,1,0
5120500,4130000,0.6%,1,1,0
5120500,4130009,0.6%,1,1,0
5120500,2330002,0.4%,1,1,0
5120500,1032021,0.1%,1,1,0
5120500,2383035,0.1%,1,1,0
5120500,1040099,0.08%,1,1,0
5120500,1060088,0.08%,1,1,0
5120500,1072134,0.08%,1,1,0
5120500,1082066,0.06%,1,1,0
5120500,1082081,0.06%,1,1,0
5120500,1082201,0.06%,1,1,0
5120500,1432006,0.05%,1,1,0
5120500,1050058,0.045%,1,1,0
5120500,2040031,0.03%,1,1,0
5120500,2040515,0.03%,1,1,0
5120500,2043701,0.03%,1,1,0
5120500,2043801,0.03%,1,1,0
5120500,2049100,0.03%,1,1,0
5120501,4000293,36%,1,1,0
5120501,2000002,2%,1,1,0
5120501,2000003,2%,1,1,0
5120501,4004003,1%,1,1,0
5120501,4006000,1%,1,1,0
5120501,4010001,0.9%,1,1,0
5120501,4020005,0.9%,1,1,0
5120501,4130016,0.6%,1,1,0
5120501,4130017,0.6%,1,1,0
5120501,1032019,0.1%,1,1,0
5120501,2383025,0.1%,1,1,0
5120501,1040102,0.08%,1,1,0
5120501,1060090,0.08%,1,1,0
5120501,1482008,0.05%,1,1,0
5120501,1050052,0.045%,1,1,0
5120501,1051037,0.045%,1,1,0
5120501,1051041,0.045%,1,1,0
5120501,2040423,0.03%,1,1,0
5120501,2041023,0.03%,1,1,0
5120501,2044310,0.03%,1,1,0
5120502,4000294,36%,1,1,0
5120502,2000002,2%,1,1,0
5120502,2000003,2%,1,1,0
5120502,4004004,1%,1,1,0
5120502,4006000,1%,1,1,0
5120502,4020005,0.9%,1,1,0
5120502,4130000,0.6%,1,1,0
5120502,4130003,0.6%,1,1,0
5120502,4130005,0.6%,1,1,0
5120502,2383027,0.1%,1,1,0
5120502,1002159,0.09%,1,1,0
5120502,1040057,0.08%,1,1,0
5120502,1040087,0.08%,1,1,0
5120502,1040091,0.08%,1,1,0
5120502,1040096,0.08%,1,1,0
5120502,1060076,0.08%,1,1,0
5120502,1060080,0.08%,1,1,0
5120502,1060085,0.08%,1,1,0
5120502,1082004,0.06%,1,1,0
5120502,1050052,0.045%,1,1,0
5120502,1052116,0.045%,1,1,0
5120502,2040425,0.03%,1,1,0
5120502,2040927,0.03%,1,1,0
5120503,4000286,36%,1,1,0
5120503,2000002,2%,1,1,0
5120503,2000003,2%,1,1,0
5120503,2002003,2%,1,1,0
5120503,4004002,1%,1,1,0
5120503,4007000,1%,1,1,0
5120503,4007004,1%,1,1,0
5120503,4020005,0.9%,1,1,0
5120503,4130002,0.6%,1,1,0
5120503,4130010,0.6%,1,1,0
5120503,4130013,0.6%,1,1,0
5120503,2383015,0.1%,1,1,0
5120503,1041088,0.08%,1,1,0
5120503,1060077,0.08%,1,1,0
5120503,1072118,0.08%,1,1,0
5120503,1072303,0.08%,1,1,0
5120503,1332011,0.05%,1,1,0
5120503,1051038,0.045%,1,1,0
5120503,1312008,0.045%,1,1,0
5120503,2040026,0.03%,1,1,0
5120503,2040422,0.03%,1,1,0
5120503,2040901,0.03%,1,1,0
5120503,2040925,0.03%,1,1,0
5120503,2040927,0.03%,1,1,0
5120503,2044602,0.03%,1,1,0
5120504,4000287,36%,1,1,0
5120504,2000002,2%,1,1,0
5120504,2000003,2%,1,1,0
5120504,4004000,1%,1,1,0
5120504,4006001,1%,1,1,0
5120504,4007000,1%,1,1,0
5120504,4007006,1%,1,1,0
5120504,4010006,0.9%,1,1,0
5120504,4020002,0.9%,1,1,0
5120504,4130007,0.6%,1,1,0
5120504,4130012,0.6%,1,1,0
5120504,2330002,0.4%,1,1,0
5120504,2383018,0.1%,1,1,0
5120504,1002215,0.09%,1,1,0
5120504,1002634,0.09%,1,1,0
5120504,1040097,0.08%,1,1,0
5120504,1040105,0.08%,1,1,0
5120504,1060086,0.08%,1,1,0
5120504,1060093,0.08%,1,1,0
5120504,1072072,0.08%,1,1,0
5120504,1092007,0.045%,1,1,0
5120504,2040504,0.03%,1,1,0
5120504,2040619,0.03%,1,1,0
5120504,2040825,0.03%,1,1,0
5120504,2040931,0.03%,1,1,0
5120505,4000288,36%,1,1,0
5120505,4003005,20%,1,1,0
5120505,4000021,5%,1,1,0
5120505,2000002,2%,1,1,0
5120505,2000003,2%,1,1,0
5120505,4010006,0.9%,1,1,0
5120505,4130004,0.6%,1,1,0
5120505,4130008,0.6%,1,1,0
5120505,4130009,0.6%,1,1,0
5120505,2000004,0.15%,1,1,0
5120505,2383041,0.1%,1,1,0
5120505,1002029,0.09%,1,1,0
5120505,1002248,0.09%,1,1,0
5120505,1002269,0.09%,1,1,0
5120505,1041077,0.08%,1,1,0
5120505,1061076,0.08%,1,1,0
5120505,1072146,0.08%,1,1,0
5120505,1082066,0.06%,1,1,0
5120505,1051037,0.045%,1,1,0
5120505,1052119,0.045%,1,1,0
5120505,2040421,0.03%,1,1,0
5120505,2040534,0.03%,1,1,0
5120505,2040804,0.03%,1,1,0
5120505,2040901,0.03%,1,1,0
5120505,2040928,0.03%,1,1,0
5120505,2049000,0.015%,1,1,0
5120506,4031432,100%,1,1,3810
5120506,4000298,36%,1,1,0
5120506,4000299,36%,1,1,0
5120506,2000002,2%,1,1,0
5120506,2000003,2%,1,1,0
5120506,4007002,1%,1,1,0
5120506,4007007,1%,1,1,0
5120506,4010006,0.9%,1,1,0
5120506,4020008,0.9%,1,1,0
5120506,4130006,0.6%,1,1,0
5120506,4130014,0.6%,1,1,0
5120506,2330002,0.4%,1,1,0
5120506,2383032,0.1%,1,1,0
5120506,1002092,0.09%,1,1,0
5120506,1002168,0.09%,1,1,0
5120506,1040086,0.08%,1,1,0
5120506,1040095,0.08%,1,1,0
5120506,1060084,0.08%,1,1,0
5120506,1072127,0.08%,1,1,0
5120506,1452004,0.05%,1,1,0
5120506,1492007,0.05%,1,1,0
5120506,1050059,0.045%,1,1,0
5120506,1402006,0.045%,1,1,0
5120506,1412007,0.045%,1,1,0
5120506,1442010,0.045%,1,1,0
5120506,2040317,0.03%,1,1,0
5120506,2040617,0.03%,1,1,0
5120506,2040825,0.03%,1,1,0
5120506,2040927,0.03%,1,1,0
5120506,2044201,0.03%,1,1,0
5130100,4000014,36%,1,1,0
5130100,4000030,6%,1,1,0
5130100,2000002,2%,1,1,0
5130100,2002001,2%,1,1,0
5130100,2002004,2%,1,1,0
5130100,2012000,2%,1,1,0
5130100,2012003,2%,1,1,0
5130100,4010004,0.9%,1,1,0
5130100,4010006,0.9%,1,1,0
5130100,4020007,0.9%,1,1,0
5130100,4130004,0.6%,1,1,0
5130100,4130009,0.6%,1,1,0
5130100,4130015,0.6%,1,1,0
5130100,4030012,0.5%,1,1,0
5130100,2000004,0.15%,1,1,0
5130100,2070003,0.1%,1,1,0
5130100,2383012,0.1%,1,1,0
5130100,1002631,0.09%,1,1,0
5130100,1040089,0.08%,1,1,0
5130100,1041077,0.08%,1,1,0
5130100,1060078,0.08%,1,1,0
5130100,1061076,0.08%,1,1,0
5130100,1072108,0.08%,1,1,0
5130100,1072116,0.08%,1,1,0
5130100,1082083,0.06%,1,1,0
5130100,1432005,0.05%,1,1,0
5130100,1452007,0.05%,1,1,0
5130100,1462004,0.05%,1,1,0
5130100,1051030,0.045%,1,1,0
5130100,1051037,0.045%,1,1,0
5130100,1092008,0.045%,1,1,0
5130100,1382006,0.045%,1,1,0
5130100,1412005,0.045%,1,1,0
5130100,2040422,0.03%,1,1,0
5130101,4000022,36%,1,1,0
5130101,2000003,2%,1,1,0
5130101,2000006,2%,1,1,0
5130101,4007000,1%,1,1,0
5130101,4007001,1%,1,1,0
5130101,4007006,1%,1,1,0
5130101,4020008,0.9%,1,1,0
5130101,4130010,0.6%,1,1,0
5130101,4130013,0.6%,1,1,0
5130101,2000004,0.15%,1,1,0
5130101,1032002,0.1%,1,1,0
5130101,1902021,0.1%,1,1,0
5130101,1912014,0.1%,1,1,0
5130101,2070003,0.1%,1,1,0
5130101,2383030,0.1%,1,1,0
5130101,1002086,0.09%,1,1,0
5130101,1002247,0.09%,1,1,0
5130101,1040084,0.08%,1,1,0
5130101,1041080,0.08%,1,1,0
5130101,1041091,0.08%,1,1,0
5130101,1061079,0.08%,1,1,0
5130101,1061090,0.08%,1,1,0
5130101,1072121,0.08%,1,1,0
5130101,1072143,0.08%,1,1,0
5130101,1072303,0.08%,1,1,0
5130101,1082025,0.06%,1,1,0
5130101,1082076,0.06%,1,1,0
5130101,1452005,0.05%,1,1,0
5130101,1050048,0.045%,1,1,0
5130101,1092002,0.045%,1,1,0
5130101,1312009,0.045%,1,1,0
5130101,1372012,0.045%,1,1,0
5130101,2044501,0.03%,1,1,0
5130101,2044601,0.03%,1,1,0
5130102,4000025,36%,1,1,0
5130102,2000003,2%,1,1,0
5130102,4001005,2%,1,1,2048
5130102,4004004,1%,1,1,0
5130102,4020008,0.9%,1,1,0
5130102,4130000,0.6%,1,1,0
5130102,4130016,0.6%,1,1,0
5130102,4130017,0.6%,1,1,0
5130102,2000004,0.15%,1,1,0
5130102,1032021,0.1%,1,1,0
5130102,1902033,0.1%,1,1,0
5130102,1912026,0.1%,1,1,0
5130102,2070004,0.1%,1,1,0
5130102,2383039,0.1%,1,1,0
5130102,1002022,0.09%,1,1,0
5130102,1002209,0.09%,1,1,0
5130102,1002214,0.09%,1,1,0
5130102,1002249,0.09%,1,1,0
5130102,1040085,0.08%,1,1,0
5130102,1040091,0.08%,1,1,0
5130102,1041074,0.08%,1,1,0
5130102,1060074,0.08%,1,1,0
5130102,1060080,0.08%,1,1,0
5130102,1061069,0.08%,1,1,0
5130102,1072120,0.08%,1,1,0
5130102,1072139,0.08%,1,1,0
5130102,1082009,0.06%,1,1,0
5130102,1082088,0.06%,1,1,0
5130102,1102018,0.06%,1,1,0
5130102,1492008,0.05%,1,1,0
5130102,1050039,0.045%,1,1,0
5130102,1050059,0.045%,1,1,0
5130102,1382007,0.045%,1,1,0
5130102,2040425,0.03%,1,1,0
5130102,2040618,0.03%,1,1,0
5130102,2044201,0.03%,1,1,0
5130102,2044802,0.03%,1,1,0
5130103,4000033,36%,1,1,0
5130103,2000002,2%,1,1,0
5130103,2000003,2%,1,1,0
5130103,4007000,1%,1,1,0
5130103,4007001,1%,1,1,0
5130103,4007006,1%,1,1,0
5130103,4010000,0.9%,1,1,0
5130103,4020004,0.9%,1,1,0
5130103,4020007,0.9%,1,1,0
5130103,4130007,0.6%,1,1,0
5130103,4130011,0.6%,1,1,0
5130103,1342003,0.15%,1,1,0
5130103,2000004,0.15%,1,1,0
5130103,2383019,0.1%,1,1,0
5130103,1002210,0.09%,1,1,0
5130103,1002218,0.09%,1,1,0
5130103,1040098,0.08%,1,1,0
5130103,1041079,0.08%,1,1,0
5130103,1060087,0.08%,1,1,0
5130103,1061078,0.08%,1,1,0
5130103,1082092,0.06%,1,1,0
5130103,1332031,0.05%,1,1,0
5130103,1050046,0.045%,1,1,0
5130103,1051038,0.045%,1,1,0
5130103,1052119,0.045%,1,1,0
5130103,1092009,0.045%,1,1,0
5130103,1382019,0.045%,1,1,0
5130103,2040027,0.03%,1,1,0
5130103,2043212,0.03%,1,1,0
5130103,2044212,0.03%,1,1,0
5130103,2044801,0.03%,1,1,0
5130104,4000051,36%,1,1,0
5130104,4003004,20%,1,1,0
5130104,4032642,10%,1,1,3117
5130104,4032643,10%,1,1,3117
5130104,4032644,10%,1,1,3117
5130104,4032645,10%,1,1,3117
5130104,4032646,10%,1,1,3117
5130104,4000021,5%,1,1,0
5130104,2060000,3%,1,1,0
5130104,2061000,3%,1,1,0
5130104,2000003,2%,1,1,0
5130104,4004003,1%,1,1,0
5130104,4007007,1%,1,1,0
5130104,4010001,0.9%,1,1,0
5130104,4020001,0.9%,1,1,0
5130104,4130002,0.6%,1,1,0
5130104,4130015,0.6%,1,1,0
5130104,4130017,0.6%,1,1,0
5130104,2000004,0.15%,1,1,0
5130104,1902057,0.1%,1,1,0
5130104,1912050,0.1%,1,1,0
5130104,2070003,0.1%,1,1,0
5130104,2383031,0.1%,1,1,0
5130104,1002213,0.09%,1,1,0
5130104,1002215,0.09%,1,1,0
5130104,1040097,0.08%,1,1,0
5130104,1060086,0.08%,1,1,0
5130104,1072119,0.08%,1,1,0
5130104,1072127,0.08%,1,1,0
5130104,1082064,0.06%,1,1,0
5130104,1082075,0.06%,1,1,0
5130104,1102000,0.06%,1,1,0
5130104,1332017,0.05%,1,1,0
5130104,1462008,0.05%,1,1,0
5130104,1482007,0.05%,1,1,0
5130104,1050052,0.045%,1,1,0
5130104,1422009,0.045%,1,1,0
5130104,2040326,0.03%,1,1,0
5130104,2041019,0.03%,1,1,0
5130104,2044110,0.03%,1,1,0
5130104,2044809,0.03%,1,1,0
5130105,4000055,36%,1,1,0
5130105,4003004,20%,1,1,0
5130105,4000021,5%,1,1,0
5130105,2000003,2%,1,1,0
5130105,4004002,1%,1,1,0
5130105,4004004,1%,1,1,0
5130105,4010005,0.9%,1,1,0
5130105,4020004,0.9%,1,1,0
5130105,4130007,0.6%,1,1,0
5130105,4130017,0.6%,1,1,0
5130105,2000004,0.15%,1,1,0
5130105,1032021,0.1%,1,1,0
5130105,2383033,0.1%,1,1,0
5130105,1002208,0.09%,1,1,0
5130105,1002216,0.09%,1,1,0
5130105,1040102,0.08%,1,1,0
5130105,1041082,0.08%,1,1,0
5130105,1041086,0.08%,1,1,0
5130105,1060090,0.08%,1,1,0
5130105,1061081,0.08%,1,1,0
5130105,1061085,0.08%,1,1,0
5130105,1072138,0.08%,1,1,0
5130105,1072151,0.08%,1,1,0
5130105,1082059,0.06%,1,1,0
5130105,1082090,0.06%,1,1,0
5130105,1102015,0.06%,1,1,0
5130105,1092010,0.045%,1,1,0
5130105,1382006,0.045%,1,1,0
5130105,2040027,0.03%,1,1,0
5130105,2040317,0.03%,1,1,0
5130105,2043701,0.03%,1,1,0
5130105,2044112,0.03%,1,1,0
5130107,4000069,36%,1,1,0
5130107,4001207,10%,1,1,0
5130107,4001207,4%,1,1,0
5130107,2000002,2%,1,1,0
5130107,2000003,2%,1,1,0
5130107,4004000,1%,1,1,0
5130107,4007004,1%,1,1,0
5130107,4007005,1%,1,1,0
5130107,4031218,1%,1,1,3071
5130107,4010000,0.9%,1,1,0
5130107,4020006,0.9%,1,1,0
5130107,4130001,0.6%,1,1,0
5130107,4130006,0.6%,1,1,0
5130107,4130011,0.6%,1,1,0
5130107,2000004,0.15%,1,1,0
5130107,1032019,0.1%,1,1,0
5130107,2383037,0.1%,1,1,0
5130107,4001107,0.1%,1,1,0
5130107,1002244,0.09%,1,1,0
5130107,1002247,0.09%,1,1,0
5130107,1002269,0.09%,1,1,0
5130107,1040092,0.08%,1,1,0
5130107,1040094,0.08%,1,1,0
5130107,1040105,0.08%,1,1,0
5130107,1060081,0.08%,1,1,0
5130107,1060083,0.08%,1,1,0
5130107,1060093,0.08%,1,1,0
5130107,1072109,0.08%,1,1,0
5130107,1072117,0.08%,1,1,0
5130107,1082062,0.06%,1,1,0
5130107,1082071,0.06%,1,1,0
5130107,1102016,0.06%,1,1,0
5130107,1482008,0.05%,1,1,0
5130107,1051039,0.045%,1,1,0
5130107,1312008,0.045%,1,1,0
5130107,1322016,0.045%,1,1,0
5130107,2040026,0.03%,1,1,0
5130107,2040515,0.03%,1,1,0
5130108,4000069,36%,1,1,0
5130108,4001207,10%,1,1,0
5130108,2000002,2%,1,1,0
5130108,2000003,2%,1,1,0
5130108,4000082,2%,1,1,0
5130108,4004002,1%,1,1,0
5130108,4031218,1%,1,1,3071
5130108,4010001,0.9%,1,1,0
5130108,4020004,0.9%,1,1,0
5130108,4130002,0.6%,1,1,0
5130108,4130014,0.6%,1,1,0
5130108,4130015,0.6%,1,1,0
5130108,1342004,0.15%,1,1,0
5130108,2000004,0.15%,1,1,0
5130108,1032018,0.1%,1,1,0
5130108,2383038,0.1%,1,1,0
5130108,1002084,0.09%,1,1,0
5130108,1002155,0.09%,1,1,0
5130108,1002169,0.09%,1,1,0
5130108,1002243,0.09%,1,1,0
5130108,1041084,0.08%,1,1,0
5130108,1041100,0.08%,1,1,0
5130108,1061083,0.08%,1,1,0
5130108,1061099,0.08%,1,1,0
5130108,1072130,0.08%,1,1,0
5130108,1072133,0.08%,1,1,0
5130108,1072141,0.08%,1,1,0
5130108,1082094,0.06%,1,1,0
5130108,1102017,0.06%,1,1,0
5130108,1332011,0.05%,1,1,0
5130108,1051043,0.045%,1,1,0
5130108,1051046,0.045%,1,1,0
5130108,1092011,0.045%,1,1,0
5130108,2040029,0.03%,1,1,0
5130108,2040402,0.03%,1,1,0
5130108,2040419,0.03%,1,1,0
5140000,4000052,36%,1,1,0
5140000,4003005,20%,1,1,0
5140000,4032642,10%,1,1,3117
5140000,4032643,10%,1,1,3117
5140000,4032644,10%,1,1,3117
5140000,4032645,10%,1,1,3117
5140000,4032646,10%,1,1,3117
5140000,4000021,5%,1,1,0
5140000,2060000,3%,1,1,0
5140000,2061000,3%,1,1,0
5140000,2000003,2%,1,1,0
5140000,4004001,1%,1,1,0
5140000,4006001,1%,1,1,0
5140000,4020000,0.9%,1,1,0
5140000,4020007,0.9%,1,1,0
5140000,4130001,0.6%,1,1,0
5140000,4130003,0.6%,1,1,0
5140000,4130013,0.6%,1,1,0
5140000,2000004,0.15%,1,1,0
5140000,1032014,0.1%,1,1,0
5140000,2070004,0.1%,1,1,0
5140000,2383040,0.1%,1,1,0
5140000,1002029,0.09%,1,1,0
5140000,1002634,0.09%,1,1,0
5140000,1041077,0.08%,1,1,0
5140000,1041097,0.08%,1,1,0
5140000,1061076,0.08%,1,1,0
5140000,1061096,0.08%,1,1,0
5140000,1072114,0.08%,1,1,0
5140000,1072127,0.08%,1,1,0
5140000,1072134,0.08%,1,1,0
5140000,1072151,0.08%,1,1,0
5140000,1082066,0.06%,1,1,0
5140000,1082072,0.06%,1,1,0
5140000,1102021,0.06%,1,1,0
5140000,1472014,0.05%,1,1,0
5140000,1050051,0.045%,1,1,0
5140000,1050053,0.045%,1,1,0
5140000,1050059,0.045%,1,1,0
5140000,1412007,0.045%,1,1,0
5140000,1422008,0.045%,1,1,0
5140000,2040024,0.03%,1,1,0
5140000,2040901,0.03%,1,1,0
5140000,2044214,0.03%,1,1,0
5150000,4000177,36%,1,1,0
5150000,2060000,3%,1,1,0
5150000,2061000,3%,1,1,0
5150000,2000002,2%,1,1,0
5150000,2000003,2%,1,1,0
5150000,4010006,0.9%,1,1,0
5150000,4130005,0.6%,1,1,0
5150000,4130007,0.6%,1,1,0
5150000,2000004,0.15%,1,1,0
5150000,1902040,0.1%,1,1,0
5150000,1912033,0.1%,1,1,0
5150000,2383043,0.1%,1,1,0
5150000,1002029,0.09%,1,1,0
5150000,1002248,0.09%,1,1,0
5150000,1002269,0.09%,1,1,0
5150000,1040092,0.08%,1,1,0
5150000,1041077,0.08%,1,1,0
5150000,1041094,0.08%,1,1,0
5150000,1060081,0.08%,1,1,0
5150000,1061076,0.08%,1,1,0
5150000,1061093,0.08%,1,1,0
5150000,1072146,0.08%,1,1,0
5150000,1072306,0.08%,1,1,0
5150000,1082066,0.06%,1,1,0
5150000,1082087,0.06%,1,1,0
5150000,1051037,0.045%,1,1,0
5150000,1372014,0.045%,1,1,0
5150000,2040804,0.03%,1,1,0
5150000,2040824,0.03%,1,1,0
5150000,2040901,0.03%,1,1,0
5150000,2040928,0.03%,1,1,0
5150001,4000206,36%,1,1,0
5150001,2000003,2%,1,1,0
5150001,4010005,0.9%,1,1,0
5150001,4020004,0.9%,1,1,0
5150001,4130003,0.6%,1,1,0
5150001,4130010,0.6%,1,1,0
5150001,2000004,0.15%,1,1,0
5150001,2383036,0.1%,1,1,0
5150001,1002030,0.09%,1,1,0
5150001,1002252,0.09%,1,1,0
5150001,1002281,0.09%,1,1,0
5150001,1002287,0.09%,1,1,0
5150001,1040092,0.08%,1,1,0
5150001,1040098,0.08%,1,1,0
5150001,1060081,0.08%,1,1,0
5150001,1060087,0.08%,1,1,0
5150001,1072122,0.08%,1,1,0
5150001,1072128,0.08%,1,1,0
5150001,1072132,0.08%,1,1,0
5150001,1072140,0.08%,1,1,0
5150001,1072306,0.08%,1,1,0
5150001,1050059,0.045%,1,1,0
5150001,1051045,0.045%,1,1,0
5150001,2043210,0.03%,1,1,0
5150001,2043701,0.03%,1,1,0
5150001,2043801,0.03%,1,1,0
5150001,2044312,0.03%,1,1,0
5150001,2044701,0.03%,1,1,0
5200000,4000083,36%,1,1,0
5200000,2060001,3%,1,1,0
5200000,2061001,3%,1,1,0
5200000,2000001,2%,1,1,0
5200000,2000003,2%,1,1,0
5200000,4004003,1%,1,1,0
5200000,4010000,0.9%,1,1,0
5200000,4020006,0.9%,1,1,0
5200000,2070000,0.1%,1,1,0
5200000,2381012,0.1%,1,1,0
5200000,1002129,0.09%,1,1,0
5200000,1040016,0.08%,1,1,0
5200000,1041048,0.08%,1,1,0
5200000,1060011,0.08%,1,1,0
5200000,1061044,0.08%,1,1,0
5200000,1482002,0.05%,1,1,0
5200000,1322002,0.045%,1,1,0
5200000,1322004,0.045%,1,1,0
5200000,2044102,0.03%,1,1,0
5200000,2044212,0.03%,1,1,0
5200001,4000084,36%,1,1,0
5200001,2060001,3%,1,1,0
5200001,2061001,3%,1,1,0
5200001,2000001,2%,1,1,0
5200001,2000003,2%,1,1,0
5200001,4004001,1%,1,1,0
5200001,4006000,1%,1,1,0
5200001,4010002,0.9%,1,1,0
5200001,4020002,0.9%,1,1,0
5200001,2381037,0.1%,1,1,0
5200001,1002142,0.09%,1,1,0
5200001,1040024,0.08%,1,1,0
5200001,1041047,0.08%,1,1,0
5200001,1061043,0.08%,1,1,0
5200001,1062006,0.08%,1,1,0
5200001,1050026,0.045%,1,1,0
5200001,1322009,0.045%,1,1,0
5200001,1442003,0.045%,1,1,0
5200001,2041016,0.03%,1,1,0
5200001,2049000,0.015%,1,1,0
5200002,4000085,36%,1,1,0
5200002,2060001,3%,1,1,0
5200002,2061001,3%,1,1,0
5200002,2000001,2%,1,1,0
5200002,2000003,2%,1,1,0
5200002,4004001,1%,1,1,0
5200002,4006000,1%,1,1,0
5200002,4010005,0.9%,1,1,0
5200002,4020000,0.9%,1,1,0
5200002,1032009,0.1%,1,1,0
5200002,2381038,0.1%,1,1,0
5200002,1041054,0.08%,1,1,0
5200002,1041059,0.08%,1,1,0
5200002,1041064,0.08%,1,1,0
5200002,1061050,0.08%,1,1,0
5200002,1061055,0.08%,1,1,0
5200002,1072089,0.08%,1,1,0
5200002,1082052,0.06%,1,1,0
5200002,1452006,0.05%,1,1,0
5200002,1050000,0.045%,1,1,0
5200002,2040805,0.03%,1,1,0
5200002,2040926,0.03%,1,1,0
5220000,4000043,36%,1,1,0
5220000,4000044,36%,1,1,0
5220000,2060000,30%,1,1,0
5220000,2061000,30%,1,1,0
5220000,2000002,20%,1,1,0
5220000,2000003,20%,1,1,0
5220000,2001001,20%,1,1,0
5220000,2002000,20%,1,1,0
5220000,2388003,2.5%,1,1,0
5220000,4001002,1.3%,1,1,0
5220000,4010003,0.9%,1,1,0
5220000,4020005,0.9%,1,1,0
5220000,1051041,0.7%,1,1,0
5220000,1002029,0.09%,1,1,0
5220000,1002246,0.09%,1,1,0
5220000,1002249,0.09%,1,1,0
5220000,1002270,0.09%,1,1,0
5220000,1002634,0.09%,1,1,0
5220000,1040093,0.08%,1,1,0
5220000,1040100,0.08%,1,1,0
5220000,1041092,0.08%,1,1,0
5220000,1041095,0.08%,1,1,0
5220000,1072136,0.08%,1,1,0
5220000,1072144,0.08%,1,1,0
5220000,1072149,0.08%,1,1,0
5220000,1072152,0.08%,1,1,0
5220000,1072306,0.08%,1,1,0
5220000,1082061,0.06%,1,1,0
5220000,1082088,0.06%,1,1,0
5220000,1082091,0.06%,1,1,0
5220000,1082094,0.06%,1,1,0
5220000,1082201,0.06%,1,1,0
5220000,1050056,0.045%,1,1,0
5220000,1050060,0.045%,1,1,0
5220000,1051047,0.045%,1,1,0
5220000,1052119,0.045%,1,1,0
5220000,2040004,0.03%,1,1,0
5220000,2040513,0.03%,1,1,0
5220000,2040702,0.03%,1,1,0
5220000,2040704,0.03%,1,1,0
5220000,2040707,0.03%,1,1,0
5220000,2040802,0.03%,1,1,0
5220000,2040804,0.03%,1,1,0
5220000,2040902,0.03%,1,1,0
5220000,2041002,0.03%,1,1,0
5220000,2041013,0.03%,1,1,0
5220000,2041022,0.03%,1,1,0
5220000,2043002,0.03%,1,1,0
5220000,2044601,0.03%,1,1,0
5220000,2044701,0.03%,1,1,0
5220000,2048001,0.03%,1,1,0
5220001,2388003,2.5%,1,1,0
5220002,4000021,50%,1,1,0
5220002,4000026,36%,1,1,0
5220002,4000029,36%,1,1,0
5220002,4000031,36%,1,1,0
5220002,2060000,30%,1,1,0
5220002,2061000,30%,1,1,0
5220002,2000002,20%,1,1,0
5220002,2000003,20%,1,1,0
5220002,2002002,20%,1,1,0
5220002,2002003,20%,1,1,0
5220002,4010005,9%,1,1,0
5220002,4020005,9%,1,1,0
5220002,2388002,2.5%,1,1,0
5220002,4001002,1.3%,1,1,0
5220002,1302010,0.42%,1,1,0
5220002,1312008,0.42%,1,1,0
5220002,1322017,0.42%,1,1,0
5220002,1372007,0.42%,1,1,0
5220002,1382006,0.42%,1,1,0
5220002,1402003,0.42%,1,1,0
5220002,1412003,0.42%,1,1,0
5220002,1422005,0.42%,1,1,0
5220002,1442005,0.42%,1,1,0
5220002,1332003,0.3%,1,1,0
5220002,1432004,0.3%,1,1,0
5220002,1452008,0.3%,1,1,0
5220002,1462007,0.3%,1,1,0
5220002,1472021,0.3%,1,1,0
5220002,1482007,0.3%,1,1,0
5220002,1492007,0.3%,1,1,0
5220002,2040301,0.3%,1,1,0
5220002,2040504,0.3%,1,1,0
5220002,2040514,0.3%,1,1,0
5220002,2040707,0.3%,1,1,0
5220002,2040901,0.3%,1,1,0
5220002,2040928,0.3%,1,1,0
5220002,2040931,0.3%,1,1,0
5220002,2041002,0.3%,1,1,0
5220002,2041016,0.3%,1,1,0
5220002,2041017,0.3%,1,1,0
5220002,2043702,0.3%,1,1,0
5220002,2043801,0.3%,1,1,0
5220002,2044101,0.3%,1,1,0
5220002,2044302,0.3%,1,1,0
5220002,2044601,0.3%,1,1,0
5220002,2044701,0.3%,1,1,0
5220002,2044802,0.3%,1,1,0
5220002,2044901,0.3%,1,1,0
5220002,1432039,0.05%,1,1,0
5220003,4000113,36%,1,1,0
5220003,4000114,36%,1,1,0
5220003,4000115,36%,1,1,0
5220003,2060000,30%,1,1,0
5220003,2061000,30%,1,1,0
5220003,2000002,20%,1,1,0
5220003,2000003,20%,1,1,0
5220003,2002002,20%,1,1,0
5220003,2002003,20%,1,1,0
5220003,4004001,10%,1,1,0
5220003,4010003,9%,1,1,0
5220003,4020006,9%,1,1,0
5220003,2388005,2.5%,1,1,0
5220003,4001002,1.3%,1,1,0
5220003,1302011,0.42%,1,1,0
5220003,1312009,0.42%,1,1,0
5220003,1322018,0.42%,1,1,0
5220003,1372014,0.42%,1,1,0
5220003,1382007,0.42%,1,1,0
5220003,1402011,0.42%,1,1,0
5220003,1412007,0.42%,1,1,0
5220003,1422009,0.42%,1,1,0
5220003,1442010,0.42%,1,1,0
5220003,1332015,0.3%,1,1,0
5220003,1332017,0.3%,1,1,0
5220003,1432006,0.3%,1,1,0
5220003,1452004,0.3%,1,1,0
5220003,1462008,0.3%,1,1,0
5220003,1472025,0.3%,1,1,0
5220003,1482008,0.3%,1,1,0
5220003,1492008,0.3%,1,1,0
5220003,2040302,0.3%,1,1,0
5220003,2040401,0.3%,1,1,0
5220003,2040502,0.3%,1,1,0
5220003,2040516,0.3%,1,1,0
5220003,2040627,0.3%,1,1,0
5220003,2040704,0.3%,1,1,0
5220003,2040804,0.3%,1,1,0
5220003,2040825,0.3%,1,1,0
5220003,2040933,0.3%,1,1,0
5220003,2041002,0.3%,1,1,0
5220003,2041013,0.3%,1,1,0
5220003,2043201,0.3%,1,1,0
5220003,2043701,0.3%,1,1,0
5220003,2043802,0.3%,1,1,0
5220003,2044114,0.3%,1,1,0
5220003,2044201,0.3%,1,1,0
5220003,2044301,0.3%,1,1,0
5220003,2044502,0.3%,1,1,0
5220003,2044801,0.3%,1,1,0
5220003,2044807,0.3%,1,1,0
5220003,2044902,0.3%,1,1,0
5220003,1372033,0.017%,1,1,0
5220004,1032013,1%,1,1,0
5220004,1102002,0.6%,1,1,0
5220004,1092017,0.42%,1,1,0
5220004,1302012,0.42%,1,1,0
5220004,1312010,0.42%,1,1,0
5220004,1322019,0.42%,1,1,0
5220004,1382007,0.42%,1,1,0
5220004,1402012,0.42%,1,1,0
5220004,1412008,0.42%,1,1,0
5220004,1422010,0.42%,1,1,0
5220004,1442008,0.42%,1,1,0
5220004,1332018,0.3%,1,1,0
5220004,1332019,0.3%,1,1,0
5220004,1432007,0.3%,1,1,0
5220004,1452009,0.3%,1,1,0
5220004,1462009,0.3%,1,1,0
5220004,1472026,0.3%,1,1,0
5220004,2040001,0.3%,1,1,0
5220004,2040004,0.3%,1,1,0
5220004,2040301,0.3%,1,1,0
5220004,2040401,0.3%,1,1,0
5220004,2040501,0.3%,1,1,0
5220004,2040504,0.3%,1,1,0
5220004,2040601,0.3%,1,1,0
5220004,2040701,0.3%,1,1,0
5220004,2040704,0.3%,1,1,0
5220004,2040707,0.3%,1,1,0
5220004,2040801,0.3%,1,1,0
5220004,2040804,0.3%,1,1,0
5220004,2040901,0.3%,1,1,0
5220004,2041001,0.3%,1,1,0
5220004,2041004,0.3%,1,1,0
5220004,2043001,0.3%,1,1,0
5220004,2043101,0.3%,1,1,0
5220004,2043201,0.3%,1,1,0
5220004,2043301,0.3%,1,1,0
5220004,2043701,0.3%,1,1,0
5220004,2043801,0.3%,1,1,0
5220004,2044001,0.3%,1,1,0
5220004,2044101,0.3%,1,1,0
5220004,2044201,0.3%,1,1,0
5220004,2044301,0.3%,1,1,0
5220004,2044401,0.3%,1,1,0
5220004,2044501,0.3%,1,1,0
5220004,2044601,0.3%,1,1,0
5220004,2044701,0.3%,1,1,0
5220004,2000004,0.15%,1,1,0
5220004,2000005,0.1%,1,1,0
5220004,2070005,0.004%,1,1,0
5250000,4000437,36%,1,1,0
5250000,2000002,2%,1,1,0
5250000,2000003,2%,1,1,0
5250000,4010002,0.9%,1,1,0
5250000,4020002,0.9%,1,1,0
5250000,4130003,0.6%,1,1,0
5250000,4130014,0.6%,1,1,0
5250000,4130017,0.6%,1,1,0
5250000,2383057,0.1%,1,1,0
5250000,1002208,0.09%,1,1,0
5250000,1072143,0.08%,1,1,0
5250000,1082010,0.06%,1,1,0
5250000,1452004,0.05%,1,1,0
5250000,1052116,0.045%,1,1,0
5250000,2044312,0.03%,1,1,0
5250001,4000439,36%,1,1,0
5250001,2000002,2%,1,1,0
5250001,2000003,2%,1,1,0
5250001,4010000,0.9%,1,1,0
5250001,4020000,0.9%,1,1,0
5250001,4130015,0.6%,1,1,0
5250001,4130016,0.6%,1,1,0
5250001,2383059,0.1%,1,1,0
5250001,1002214,0.09%,1,1,0
5250001,1040096,0.08%,1,1,0
5250001,1041079,0.08%,1,1,0
5250001,1072133,0.08%,1,1,0
5250001,1082198,0.06%,1,1,0
5250001,1372007,0.045%,1,1,0
5250001,2041014,0.03%,1,1,0
5250002,4000440,36%,1,1,0
5250002,2000002,2%,1,1,0
5250002,2000003,2%,1,1,0
5250002,4010001,0.9%,1,1,0
5250002,4020003,0.9%,1,1,0
5250002,4130001,0.6%,1,1,0
5250002,4130014,0.6%,1,1,0
5250002,2383058,0.1%,1,1,0
5250002,1002634,0.09%,1,1,0
5250002,1040092,0.08%,1,1,0
5250002,1041093,0.08%,1,1,0
5250002,1072145,0.08%,1,1,0
5250002,1082087,0.06%,1,1,0
5250002,1332015,0.05%,1,1,0
5250002,2044802,0.03%,1,1,0
5300000,4031311,100%,1,1,3093
5300000,4000086,36%,1,1,0
5300000,2050001,5%,1,1,0
5300000,2000002,2%,1,1,0
5300000,2000003,2%,1,1,0
5300000,4004000,1%,1,1,0
5300000,4006001,1%,1,1,0
5300000,4010001,0.9%,1,1,0
5300000,4020003,0.9%,1,1,0
5300000,4020007,0.9%,1,1,0
5300000,4130000,0.6%,1,1,0
5300000,4130005,0.6%,1,1,0
5300000,4130011,0.6%,1,1,0
5300000,1032002,0.1%,1,1,0
5300000,2070001,0.1%,1,1,0
5300000,1002035,0.09%,1,1,0
5300000,1002165,0.09%,1,1,0
5300000,1040030,0.08%,1,1,0
5300000,1041048,0.08%,1,1,0
5300000,1060020,0.08%,1,1,0
5300000,1061044,0.08%,1,1,0
5300000,1072075,0.08%,1,1,0
5300000,1072081,0.08%,1,1,0
5300000,1082016,0.06%,1,1,0
5300000,1082054,0.06%,1,1,0
5300000,1482004,0.05%,1,1,0
5300000,1382017,0.045%,1,1,0
5300000,2040705,0.03%,1,1,0
5300001,4000087,36%,1,1,0
5300001,2050000,5%,1,1,0
5300001,2000002,2%,1,1,0
5300001,2000003,2%,1,1,0
5300001,4004001,1%,1,1,0
5300001,4006001,1%,1,1,0
5300001,4007002,1%,1,1,0
5300001,4007004,1%,1,1,0
5300001,4010000,0.9%,1,1,0
5300001,4020004,0.9%,1,1,0
5300001,4130013,0.6%,1,1,0
5300001,4130016,0.6%,1,1,0
5300001,1002138,0.09%,1,1,0
5300001,1002175,0.09%,1,1,0
5300001,1002625,0.09%,1,1,0
5300001,1041068,0.08%,1,1,0
5300001,1061063,0.08%,1,1,0
5300001,1072105,0.08%,1,1,0
5300001,1082036,0.06%,1,1,0
5300001,1332014,0.05%,1,1,0
5300001,1050029,0.045%,1,1,0
5300001,1051023,0.045%,1,1,0
5300001,1402002,0.045%,1,1,0
5300001,2040402,0.03%,1,1,0
5300001,2040623,0.03%,1,1,0
5300100,4000041,36%,1,1,0
5300100,4031925,10%,1,1,2223
5300100,2000002,2%,1,1,0
5300100,2000003,2%,1,1,0
5300100,4004004,1%,1,1,0
5300100,4006000,1%,1,1,0
5300100,4010006,0.9%,1,1,0
5300100,4020008,0.9%,1,1,0
5300100,4130006,0.6%,1,1,0
5300100,4130010,0.6%,1,1,0
5300100,4130016,0.6%,1,1,0
5300100,2000004,0.15%,1,1,0
5300100,1032019,0.1%,1,1,0
5300100,1902023,0.1%,1,1,0
5300100,1912015,0.1%,1,1,0
5300100,2383029,0.1%,1,1,0
5300100,1002092,0.09%,1,1,0
5300100,1002168,0.09%,1,1,0
5300100,1040086,0.08%,1,1,0
5300100,1040090,0.08%,1,1,0
5300100,1060000,0.08%,1,1,0
5300100,1060079,0.08%,1,1,0
5300100,1072137,0.08%,1,1,0
5300100,1072143,0.08%,1,1,0
5300100,1082011,0.06%,1,1,0
5300100,1082093,0.06%,1,1,0
5300100,1082198,0.06%,1,1,0
5300100,1452004,0.05%,1,1,0
5300100,1452008,0.05%,1,1,0
5300100,1472020,0.05%,1,1,0
5300100,1051031,0.045%,1,1,0
5300100,1051039,0.045%,1,1,0
5300100,1462019,0.04%,1,1,0
5400000,4000088,36%,1,1,0
5400000,2050002,5%,1,1,0
5400000,2060001,3%,1,1,0
5400000,2061001,3%,1,1,0
5400000,2000002,2%,1,1,0
5400000,2000003,2%,1,1,0
5400000,4004003,1%,1,1,0
5400000,4006000,1%,1,1,0
5400000,4007000,1%,1,1,0
5400000,4007005,1%,1,1,0
5400000,4007006,1%,1,1,0
5400000,4010003,0.9%,1,1,0
5400000,4020005,0.9%,1,1,0
5400000,4130002,0.6%,1,1,0
5400000,4130011,0.6%,1,1,0
5400000,4130014,0.6%,1,1,0
5400000,2070002,0.1%,1,1,0
5400000,1002021,0.09%,1,1,0
5400000,1002177,0.09%,1,1,0
5400000,1040059,0.08%,1,1,0
5400000,1041067,0.08%,1,1,0
5400000,1060045,0.08%,1,1,0
5400000,1061062,0.08%,1,1,0
5400000,1072108,0.08%,1,1,0
5400000,1082062,0.06%,1,1,0
5400000,1082192,0.06%,1,1,0
5400000,1051001,0.045%,1,1,0
5400000,1422007,0.045%,1,1,0
5400000,1422008,0.045%,1,1,0
5400000,2043801,0.03%,1,1,0
5400000,2044801,0.03%,1,1,0
5400000,2044809,0.03%,1,1,0
5400000,1432008,0.005%,1,1,0
6090000,4000336,36%,1,1,0
6090000,2384010,2.5%,1,1,0
6090001,4000415,36%,1,1,0
6090001,2384037,2.5%,1,1,0
6090003,4000416,36%,1,1,0
6090003,2384039,2.5%,1,1,0
6090004,4000419,36%,1,1,0
6090004,2384040,2.5%,1,1,0
6110300,4000354,36%,1,1,0
6110300,2000006,2%,1,1,0
6110300,4004000,1%,1,1,0
6110300,4007005,1%,1,1,0
6110300,4007007,1%,1,1,0
6110300,4010000,0.9%,1,1,0
6110300,4020007,0.9%,1,1,0
6110300,4130004,0.6%,1,1,0
6110300,4130009,0.6%,1,1,0
6110300,4130011,0.6%,1,1,0
6110300,1342004,0.15%,1,1,0
6110300,1032019,0.1%,1,1,0
6110300,1032020,0.1%,1,1,0
6110300,2384011,0.1%,1,1,0
6110300,1002022,0.09%,1,1,0
6110300,1040099,0.08%,1,1,0
6110300,1040104,0.08%,1,1,0
6110300,1041078,0.08%,1,1,0
6110300,1041089,0.08%,1,1,0
6110300,1060088,0.08%,1,1,0
6110300,1060092,0.08%,1,1,0
6110300,1072157,0.08%,1,1,0
6110300,1072306,0.08%,1,1,0
6110300,1082107,0.06%,1,1,0
6110300,1102022,0.06%,1,1,0
6110300,1432006,0.05%,1,1,0
6110300,1462008,0.05%,1,1,0
6110300,1472024,0.05%,1,1,0
6110300,1472026,0.05%,1,1,0
6110300,1051047,0.045%,1,1,0
6110300,1051062,0.045%,1,1,0
6110300,1382007,0.045%,1,1,0
6110300,2040933,0.03%,1,1,0
6110300,2049100,0.03%,1,1,0
6110301,4000363,36%,1,1,0
6110301,2000002,2%,1,1,0
6110301,2000006,2%,1,1,0
6110301,4004001,1%,1,1,0
6110301,4007000,1%,1,1,0
6110301,4007002,1%,1,1,0
6110301,4010002,0.9%,1,1,0
6110301,4020005,0.9%,1,1,0
6110301,4130001,0.6%,1,1,0
6110301,4130007,0.6%,1,1,0
6110301,4031745,0.5%,1,1,3358
6110301,2330003,0.4%,1,1,0
6110301,2000004,0.15%,1,1,0
6110301,1032015,0.1%,1,1,0
6110301,2384018,0.1%,1,1,0
6110301,1002289,0.09%,1,1,0
6110301,1072080,0.08%,1,1,0
6110301,1072085,0.08%,1,1,0
6110301,1072309,0.08%,1,1,0
6110301,1462008,0.05%,1,1,0
6110301,1472027,0.05%,1,1,0
6110301,1050081,0.045%,1,1,0
6110301,1050088,0.045%,1,1,0
6110301,1051078,0.045%,1,1,0
6110301,1092015,0.045%,1,1,0
6110301,1322018,0.045%,1,1,0
6110301,2040621,0.03%,1,1,0
6110301,2043302,0.03%,1,1,0
6110301,2049000,0.015%,1,1,0
6130100,4000014,36%,1,1,0
6130100,4000030,6%,1,1,0
6130100,2000006,2%,1,1,0
6130100,4001006,2%,1,1,0
6130100,4010005,0.9%,1,1,0
6130100,4020007,0.9%,1,1,0
6130100,4130004,0.6%,1,1,0
6130100,4130014,0.6%,1,1,0
6130100,2331000,0.4%,1,1,0
6130100,2000004,0.15%,1,1,0
6130100,2383044,0.1%,1,1,0
6130100,1002246,0.09%,1,1,0
6130100,1002248,0.09%,1,1,0
6130100,1040080,0.08%,1,1,0
6130100,1040083,0.08%,1,1,0
6130100,1040100,0.08%,1,1,0
6130100,1040103,0.08%,1,1,0
6130100,1041080,0.08%,1,1,0
6130100,1060068,0.08%,1,1,0
6130100,1060072,0.08%,1,1,0
6130100,1060089,0.08%,1,1,0
6130100,1060091,0.08%,1,1,0
6130100,1061079,0.08%,1,1,0
6130100,1072136,0.08%,1,1,0
6130100,1072146,0.08%,1,1,0
6130100,1072148,0.08%,1,1,0
6130100,1072160,0.08%,1,1,0
6130100,1072162,0.08%,1,1,0
6130100,1082067,0.06%,1,1,0
6130100,1082106,0.06%,1,1,0
6130100,1102022,0.06%,1,1,0
6130100,1482008,0.05%,1,1,0
6130100,1050056,0.045%,1,1,0
6130100,1092004,0.045%,1,1,0
6130100,1372014,0.045%,1,1,0
6130100,2040319,0.03%,1,1,0
6130100,4001077,0.03%,1,1,0
6130100,2070005,0.004%,1,1,0
6130101,4000040,36%,1,1,0
6130101,2022468,20%,1,1,0
6130101,2022468,20%,1,1,0
6130101,2022468,20%,1,1,0
6130101,2022468,20%,1,1,0
6130101,4251200,15%,1,1,0
6130101,4251201,10%,1,1,0
6130101,4251202,5%,1,1,0
6130101,2331000,4%,1,1,0
6130101,2388006,2.5%,1,1,0
6130101,4001002,1.3%,1,1,0
6130101,1032019,1%,1,1,0
6130101,1092012,0.42%,1,1,0
6130101,1382006,0.42%,1,1,0
6130101,2040001,0.3%,1,1,0
6130101,2040004,0.3%,1,1,0
6130101,2040024,0.3%,1,1,0
6130101,2040301,0.3%,1,1,0
6130101,2040401,0.3%,1,1,0
6130101,2040427,0.3%,1,1,0
6130101,2040501,0.3%,1,1,0
6130101,2040504,0.3%,1,1,0
6130101,2040601,0.3%,1,1,0
6130101,2040618,0.3%,1,1,0
6130101,2040619,0.3%,1,1,0
6130101,2040701,0.3%,1,1,0
6130101,2040704,0.3%,1,1,0
6130101,2040707,0.3%,1,1,0
6130101,2040801,0.3%,1,1,0
6130101,2040901,0.3%,1,1,0
6130101,2041001,0.3%,1,1,0
6130101,2041004,0.3%,1,1,0
6130101,2043212,0.3%,1,1,0
6130101,2040810,0.25%,1,1,0
6130101,2040916,0.25%,1,1,0
6130101,2043004,0.25%,1,1,0
6130101,2043104,0.25%,1,1,0
6130101,2043204,0.25%,1,1,0
6130101,2043304,0.25%,1,1,0
6130101,2044004,0.25%,1,1,0
6130101,2044104,0.25%,1,1,0
6130101,2044204,0.25%,1,1,0
6130101,2044304,0.25%,1,1,0
6130101,2044404,0.25%,1,1,0
6130101,2044504,0.25%,1,1,0
6130101,2044604,0.25%,1,1,0
6130101,2044704,0.25%,1,1,0
6130101,4030001,0.2%,1,1,0
6130101,2070006,0.002%,1,1,0
6130103,4000050,36%,1,1,0
6130103,2000006,2%,1,1,0
6130103,4004002,1%,1,1,0
6130103,4007004,1%,1,1,0
6130103,4010001,0.9%,1,1,0
6130103,4020008,0.9%,1,1,0
6130103,4130008,0.6%,1,1,0
6130103,4130015,0.6%,1,1,0
6130103,1342003,0.15%,1,1,0
6130103,2000004,0.15%,1,1,0
6130103,2383045,0.1%,1,1,0
6130103,1002025,0.09%,1,1,0
6130103,1002170,0.09%,1,1,0
6130103,1002286,0.09%,1,1,0
6130103,1040087,0.08%,1,1,0
6130103,1040093,0.08%,1,1,0
6130103,1040097,0.08%,1,1,0
6130103,1060076,0.08%,1,1,0
6130103,1060082,0.08%,1,1,0
6130103,1060086,0.08%,1,1,0
6130103,1072138,0.08%,1,1,0
6130103,1072145,0.08%,1,1,0
6130103,1072150,0.08%,1,1,0
6130103,1072157,0.08%,1,1,0
6130103,1082060,0.06%,1,1,0
6130103,1082095,0.06%,1,1,0
6130103,1102024,0.06%,1,1,0
6130103,1050045,0.045%,1,1,0
6130103,1302012,0.045%,1,1,0
6130103,2040401,0.03%,1,1,0
6130103,2040418,0.03%,1,1,0
6130104,4031459,50%,1,1,6231
6130200,4031170,50%,1,1,7100
6130200,4000128,36%,1,1,0
6130200,4031175,30%,1,1,7101
6130200,2000006,2%,1,1,0
6130200,4004001,1%,1,1,0
6130200,4010001,0.9%,1,1,0
6130200,4010005,0.9%,1,1,0
6130200,4020008,0.9%,1,1,0
6130200,4130004,0.6%,1,1,0
6130200,4130012,0.6%,1,1,0
6130200,4130015,0.6%,1,1,0
6130200,2000004,0.15%,1,1,0
6130200,1032012,0.1%,1,1,0
6130200,2384000,0.1%,1,1,0
6130200,1002093,0.09%,1,1,0
6130200,1002182,0.09%,1,1,0
6130200,1040088,0.08%,1,1,0
6130200,1060077,0.08%,1,1,0
6130200,1072122,0.08%,1,1,0
6130200,1072152,0.08%,1,1,0
6130200,1072163,0.08%,1,1,0
6130200,1082061,0.06%,1,1,0
6130200,1082087,0.06%,1,1,0
6130200,1082094,0.06%,1,1,0
6130200,1082098,0.06%,1,1,0
6130200,1102015,0.06%,1,1,0
6130200,1452009,0.05%,1,1,0
6130200,1050046,0.045%,1,1,0
6130200,1051042,0.045%,1,1,0
6130200,1052122,0.045%,1,1,0
6130200,1302011,0.045%,1,1,0
6130200,1312010,0.045%,1,1,0
6130200,2041001,0.03%,1,1,0
6130200,2043112,0.03%,1,1,0
6130200,2043701,0.03%,1,1,0
6130200,2043801,0.03%,1,1,0
6130200,2044312,0.03%,1,1,0
6130202,4000173,36%,1,1,0
6130202,4031222,10%,1,1,3621
6130202,2000006,2%,1,1,0
6130202,4004002,1%,1,1,0
6130202,4010001,0.9%,1,1,0
6130202,4020008,0.9%,1,1,0
6130202,4130002,0.6%,1,1,0
6130202,2000004,0.15%,1,1,0
6130202,2383046,0.1%,1,1,0
6130202,1040089,0.08%,1,1,0
6130202,1040099,0.08%,1,1,0
6130202,1041091,0.08%,1,1,0
6130202,1060078,0.08%,1,1,0
6130202,1060088,0.08%,1,1,0
6130202,1061090,0.08%,1,1,0
6130202,1072144,0.08%,1,1,0
6130202,1082086,0.06%,1,1,0
6130202,1082093,0.06%,1,1,0
6130202,1102018,0.06%,1,1,0
6130202,1432004,0.05%,1,1,0
6130202,1452008,0.05%,1,1,0
6130202,1462006,0.05%,1,1,0
6130202,1442009,0.045%,1,1,0
6130202,2040004,0.03%,1,1,0
6130202,2040401,0.03%,1,1,0
6130202,2040501,0.03%,1,1,0
6130203,4000283,36%,1,1,0
6130203,4000285,36%,1,1,0
6130203,4003005,20%,1,1,0
6130203,4000021,5%,1,1,0
6130203,2000006,2%,1,1,0
6130203,4010005,0.9%,1,1,0
6130203,4020007,0.9%,1,1,0
6130203,4130002,0.6%,1,1,0
6130203,4130005,0.6%,1,1,0
6130203,4130013,0.6%,1,1,0
6130203,1342004,0.15%,1,1,0
6130203,2000004,0.15%,1,1,0
6130203,2383047,0.1%,1,1,0
6130203,1002215,0.09%,1,1,0
6130203,1002637,0.09%,1,1,0
6130203,1041079,0.08%,1,1,0
6130203,1041083,0.08%,1,1,0
6130203,1061078,0.08%,1,1,0
6130203,1061082,0.08%,1,1,0
6130203,1072090,0.08%,1,1,0
6130203,1102015,0.06%,1,1,0
6130203,1050056,0.045%,1,1,0
6130203,2040622,0.03%,1,1,0
6130203,2043112,0.03%,1,1,0
6130203,2044014,0.03%,1,1,0
6130203,2070005,0.004%,1,1,0
6130204,4000295,36%,1,1,0
6130204,4003005,20%,1,1,0
6130204,4000021,5%,1,1,0
6130204,2000002,2%,1,1,0
6130204,2000006,2%,1,1,0
6130204,4004000,1%,1,1,0
6130204,4007007,1%,1,1,0
6130204,4010006,0.9%,1,1,0
6130204,4020004,0.9%,1,1,0
6130204,4130000,0.6%,1,1,0
6130204,4130012,0.6%,1,1,0
6130204,2330003,0.4%,1,1,0
6130204,2000004,0.15%,1,1,0
6130204,2384008,0.1%,1,1,0
6130204,1040093,0.08%,1,1,0
6130204,1040104,0.08%,1,1,0
6130204,1040107,0.08%,1,1,0
6130204,1060082,0.08%,1,1,0
6130204,1060092,0.08%,1,1,0
6130204,1060095,0.08%,1,1,0
6130204,1082062,0.06%,1,1,0
6130204,1051064,0.045%,1,1,0
6130204,1051065,0.045%,1,1,0
6130204,1052119,0.045%,1,1,0
6130204,1402003,0.045%,1,1,0
6130204,1402011,0.045%,1,1,0
6130204,2040301,0.03%,1,1,0
6130204,2040421,0.03%,1,1,0
6130204,2043001,0.03%,1,1,0
6130204,2044802,0.03%,1,1,0
6130204,2049000,0.015%,1,1,0
6130207,4000282,36%,1,1,0
6130207,4003005,20%,1,1,0
6130207,4000021,5%,1,1,0
6130207,2000002,2%,1,1,0
6130207,2000006,2%,1,1,0
6130207,4020004,0.9%,1,1,0
6130207,4130006,0.6%,1,1,0
6130207,4130007,0.6%,1,1,0
6130207,2330003,0.4%,1,1,0
6130207,1032011,0.1%,1,1,0
6130207,2384002,0.1%,1,1,0
6130207,1002210,0.09%,1,1,0
6130207,1040109,0.08%,1,1,0
6130207,1060098,0.08%,1,1,0
6130207,1072309,0.08%,1,1,0
6130207,1102017,0.06%,1,1,0
6130207,1452008,0.05%,1,1,0
6130207,1051030,0.045%,1,1,0
6130207,1051046,0.045%,1,1,0
6130207,2040328,0.03%,1,1,0
6130207,2043701,0.03%,1,1,0
6130207,2044112,0.03%,1,1,0
6130208,4000296,36%,1,1,0
6130208,2000002,2%,1,1,0
6130208,2000006,2%,1,1,0
6130208,4004001,1%,1,1,0
6130208,4007004,1%,1,1,0
6130208,4010002,0.9%,1,1,0
6130208,4020005,0.9%,1,1,0
6130208,4130006,0.6%,1,1,0
6130208,4130008,0.6%,1,1,0
6130208,4130012,0.6%,1,1,0
6130208,2000004,0.15%,1,1,0
6130208,1032015,0.1%,1,1,0
6130208,2384017,0.1%,1,1,0
6130208,1002289,0.09%,1,1,0
6130208,1072080,0.08%,1,1,0
6130208,1072085,0.08%,1,1,0
6130208,1082204,0.06%,1,1,0
6130208,1462008,0.05%,1,1,0
6130208,1472027,0.05%,1,1,0
6130208,1050081,0.045%,1,1,0
6130208,1050088,0.045%,1,1,0
6130208,1051078,0.045%,1,1,0
6130208,1092015,0.045%,1,1,0
6130208,1322018,0.045%,1,1,0
6130208,2043302,0.03%,1,1,0
6130208,2044902,0.03%,1,1,0
6130209,4000289,36%,1,1,0
6130209,4003005,20%,1,1,0
6130209,4031433,10%,1,1,3804
6130209,4000021,5%,1,1,0
6130209,2000002,2%,1,1,0
6130209,4004003,1%,1,1,0
6130209,4006000,1%,1,1,0
6130209,4007001,1%,1,1,0
6130209,4020002,0.9%,1,1,0
6130209,4020004,0.9%,1,1,0
6130209,4130014,0.6%,1,1,0
6130209,4130017,0.6%,1,1,0
6130209,2000004,0.15%,1,1,0
6130209,1032014,0.1%,1,1,0
6130209,2384013,0.1%,1,1,0
6130209,1040096,0.08%,1,1,0
6130209,1060085,0.08%,1,1,0
6130209,1332019,0.05%,1,1,0
6130209,1492008,0.05%,1,1,0
6130209,1092015,0.045%,1,1,0
6130209,2040301,0.03%,1,1,0
6130209,2040925,0.03%,1,1,0
6130209,2043017,0.03%,1,1,0
6130209,2043110,0.03%,1,1,0
6220000,4000021,50%,1,1,0
6220000,4000032,36%,1,1,0
6220000,4000033,36%,1,1,0
6220000,2060000,30%,1,1,0
6220000,2061000,30%,1,1,0
6220000,2000002,20%,1,1,0
6220000,2000003,20%,1,1,0
6220000,2002000,20%,1,1,0
6220000,2002001,20%,1,1,0
6220000,2022468,20%,1,1,0
6220000,2022468,20%,1,1,0
6220000,2022468,20%,1,1,0
6220000,2022468,20%,1,1,0
6220000,2388007,2.5%,1,1,0
6220000,4001002,1.3%,1,1,0
6220000,4010002,0.9%,1,1,0
6220000,4020003,0.9%,1,1,0
6220000,1332018,0.05%,1,1,0
6220000,1432007,0.05%,1,1,0
6220000,1452011,0.05%,1,1,0
6220000,1462009,0.05%,1,1,0
6220000,1472029,0.05%,1,1,0
6220000,1482009,0.05%,1,1,0
6220000,1492009,0.05%,1,1,0
6220000,1302012,0.045%,1,1,0
6220000,1312010,0.045%,1,1,0
6220000,1322019,0.045%,1,1,0
6220000,1372015,0.045%,1,1,0
6220000,1382010,0.045%,1,1,0
6220000,1402012,0.045%,1,1,0
6220000,1412008,0.045%,1,1,0
6220000,1422010,0.045%,1,1,0
6220000,1442008,0.045%,1,1,0
6220000,2040004,0.03%,1,1,0
6220000,2040031,0.03%,1,1,0
6220000,2040501,0.03%,1,1,0
6220000,2040516,0.03%,1,1,0
6220000,2040627,0.03%,1,1,0
6220000,2040702,0.03%,1,1,0
6220000,2040804,0.03%,1,1,0
6220000,2041008,0.03%,1,1,0
6220000,2043301,0.03%,1,1,0
6220000,2044001,0.03%,1,1,0
6220000,2044312,0.03%,1,1,0
6220000,2044401,0.03%,1,1,0
6220000,2044502,0.03%,1,1,0
6220000,2044601,0.03%,1,1,0
6220000,2044701,0.03%,1,1,0
6220000,2044702,0.03%,1,1,0
6220000,2044807,0.03%,1,1,0
6220000,2048002,0.03%,1,1,0
6220001,4000117,36%,1,1,0
6220001,4000118,36%,1,1,0
6220001,4000119,36%,1,1,0
6220001,2000002,20%,1,1,0
6220001,2000003,20%,1,1,0
6220001,4004000,10%,1,1,0
6220001,4004001,10%,1,1,0
6220001,2330003,4%,1,1,0
6220001,2388031,2.5%,1,1,0
6220001,4001002,2%,1,1,0
6220001,4310015,2%,1,1,0
6220001,1002024,1.5%,1,1,0
6220001,1002095,1.5%,1,1,0
6220001,1002254,1.5%,1,1,0
6220001,1002285,1.5%,1,1,0
6220001,1002289,1.5%,1,1,0
6220001,1002637,1.5%,1,1,0
6220001,2070004,1%,1,1,0
6220001,2040425,0.3%,1,1,0
6220001,2040516,0.3%,1,1,0
6220001,2040707,0.3%,1,1,0
6220001,2040804,0.3%,1,1,0
6220001,2040925,0.3%,1,1,0
6220001,2041016,0.3%,1,1,0
6220001,2043101,0.3%,1,1,0
6220001,2043214,0.3%,1,1,0
6220001,2043301,0.3%,1,1,0
6220001,2044401,0.3%,1,1,0
6220001,2049000,0.09%,1,1,0
6220001,1302049,0.045%,1,1,0
6230100,4000027,36%,1,1,0
6230100,4031213,20%,1,1,2097
6230100,4031466,3%,1,1,6107
6230100,2000006,2%,1,1,0
6230100,4010006,0.9%,1,1,0
6230100,4020008,0.9%,1,1,0
6230100,4130011,0.6%,1,1,0
6230100,4130012,0.6%,1,1,0
6230100,4130016,0.6%,1,1,0
6230100,2000005,0.1%,1,1,0
6230100,2070004,0.1%,1,1,0
6230100,2384001,0.1%,1,1,0
6230100,1002021,0.09%,1,1,0
6230100,1002166,0.09%,1,1,0
6230100,1002218,0.09%,1,1,0
6230100,1040095,0.08%,1,1,0
6230100,1041087,0.08%,1,1,0
6230100,1041103,0.08%,1,1,0
6230100,1060084,0.08%,1,1,0
6230100,1061086,0.08%,1,1,0
6230100,1061102,0.08%,1,1,0
6230100,1072148,0.08%,1,1,0
6230100,1072154,0.08%,1,1,0
6230100,1082061,0.06%,1,1,0
6230100,1082090,0.06%,1,1,0
6230100,1082106,0.06%,1,1,0
6230100,1082204,0.06%,1,1,0
6230100,1102016,0.06%,1,1,0
6230100,1472023,0.05%,1,1,0
6230100,1050047,0.045%,1,1,0
6230100,1050060,0.045%,1,1,0
6230100,1051045,0.045%,1,1,0
6230100,1051054,0.045%,1,1,0
6230100,1422005,0.045%,1,1,0
6230100,1442010,0.045%,1,1,0
6230100,2040323,0.03%,1,1,0
6230100,2040823,0.03%,1,1,0
6230100,2043212,0.03%,1,1,0
6230100,2043701,0.03%,1,1,0
6230100,2044809,0.03%,1,1,0
6230100,2049100,0.03%,1,1,0
6230200,4000057,36%,1,1,0
6230200,2000006,2%,1,1,0
6230200,4004003,1%,1,1,0
6230200,4004004,1%,1,1,0
6230200,4006000,1%,1,1,0
6230200,4010004,0.9%,1,1,0
6230200,4020000,0.9%,1,1,0
6230200,4130005,0.6%,1,1,0
6230200,4130013,0.6%,1,1,0
6230200,2000004,0.15%,1,1,0
6230200,2384007,0.1%,1,1,0
6230200,1002100,0.09%,1,1,0
6230200,1002218,0.09%,1,1,0
6230200,1002268,0.09%,1,1,0
6230200,1041094,0.08%,1,1,0
6230200,1061093,0.08%,1,1,0
6230200,1072155,0.08%,1,1,0
6230200,1072161,0.08%,1,1,0
6230200,1072164,0.08%,1,1,0
6230200,1082087,0.06%,1,1,0
6230200,1082088,0.06%,1,1,0
6230200,1102018,0.06%,1,1,0
6230200,1332017,0.05%,1,1,0
6230200,1472020,0.05%,1,1,0
6230200,1472023,0.05%,1,1,0
6230200,1472025,0.05%,1,1,0
6230200,1050055,0.045%,1,1,0
6230200,1051052,0.045%,1,1,0
6230200,1092011,0.045%,1,1,0
6230200,2040419,0.03%,1,1,0
6230200,2040620,0.03%,1,1,0
6230300,4031170,50%,1,1,7100
6230300,4031195,50%,1,1,3449
6230300,4000129,36%,1,1,0
6230300,4031175,30%,1,1,7101
6230300,4031189,10%,1,1,3448
6230300,2000002,2%,1,1,0
6230300,4004003,1%,1,1,0
6230300,4004004,1%,1,1,0
6230300,4006000,1%,1,1,0
6230300,4010006,0.9%,1,1,0
6230300,4020008,0.9%,1,1,0
6230300,4130001,0.6%,1,1,0
6230300,1342005,0.15%,1,1,0
6230300,2000004,0.15%,1,1,0
6230300,1032015,0.1%,1,1,0
6230300,2384012,0.1%,1,1,0
6230300,1002101,0.09%,1,1,0
6230300,1002242,0.09%,1,1,0
6230300,1040089,0.08%,1,1,0
6230300,1040099,0.08%,1,1,0
6230300,1060078,0.08%,1,1,0
6230300,1060088,0.08%,1,1,0
6230300,1072125,0.08%,1,1,0
6230300,1072158,0.08%,1,1,0
6230300,1082060,0.06%,1,1,0
6230300,1082065,0.06%,1,1,0
6230300,1082096,0.06%,1,1,0
6230300,1102024,0.06%,1,1,0
6230300,1432007,0.05%,1,1,0
6230300,1482008,0.05%,1,1,0
6230300,1050061,0.045%,1,1,0
6230300,1051031,0.045%,1,1,0
6230300,1051042,0.045%,1,1,0
6230300,2040301,0.03%,1,1,0
6230300,2040318,0.03%,1,1,0
6230300,2040622,0.03%,1,1,0
6230300,2044801,0.03%,1,1,0
6230400,4031170,50%,1,1,7100
6230400,4000143,36%,1,1,0
6230400,4031175,30%,1,1,7101
6230400,2000002,2%,1,1,0
6230400,2002000,2%,1,1,0
6230400,4004000,1%,1,1,0
6230400,4007000,1%,1,1,0
6230400,4010000,0.9%,1,1,0
6230400,4020003,0.9%,1,1,0
6230400,4130012,0.6%,1,1,0
6230400,4130013,0.6%,1,1,0
6230400,1342005,0.15%,1,1,0
6230400,2000004,0.15%,1,1,0
6230400,1032014,0.1%,1,1,0
6230400,1032020,0.1%,1,1,0
6230400,2384004,0.1%,1,1,0
6230400,1002085,0.09%,1,1,0
6230400,1002210,0.09%,1,1,0
6230400,1002281,0.09%,1,1,0
6230400,1002286,0.09%,1,1,0
6230400,1040096,0.08%,1,1,0
6230400,1041098,0.08%,1,1,0
6230400,1060085,0.08%,1,1,0
6230400,1061097,0.08%,1,1,0
6230400,1072149,0.08%,1,1,0
6230400,1082086,0.06%,1,1,0
6230400,1082091,0.06%,1,1,0
6230400,1082093,0.06%,1,1,0
6230400,1082099,0.06%,1,1,0
6230400,1102017,0.06%,1,1,0
6230400,1472024,0.05%,1,1,0
6230400,1492009,0.05%,1,1,0
6230400,1051034,0.045%,1,1,0
6230400,1051037,0.045%,1,1,0
6230400,1322018,0.045%,1,1,0
6230400,1372014,0.045%,1,1,0
6230400,2040422,0.03%,1,1,0
6230400,2040530,0.03%,1,1,0
6230400,2040804,0.03%,1,1,0
6230400,2040924,0.03%,1,1,0
6230400,2043802,0.03%,1,1,0
6230400,2044414,0.03%,1,1,0
6230400,2044902,0.03%,1,1,0
6230401,4130009,0.6%,1,1,0
6230401,4130010,0.6%,1,1,0
6230401,4130014,0.6%,1,1,0
6230401,2040515,0.03%,1,1,0
6230401,2044410,0.03%,1,1,0
6230500,4031170,50%,1,1,7100
6230500,4000144,36%,1,1,0
6230500,4031175,30%,1,1,7101
6230500,4000021,5%,1,1,0
6230500,2000002,2%,1,1,0
6230500,4004004,1%,1,1,0
6230500,4006000,1%,1,1,0
6230500,4007002,1%,1,1,0
6230500,4010006,0.9%,1,1,0
6230500,4020006,0.9%,1,1,0
6230500,4130001,0.6%,1,1,0
6230500,4130007,0.6%,1,1,0
6230500,2000004,0.15%,1,1,0
6230500,2384014,0.1%,1,1,0
6230500,1002084,0.09%,1,1,0
6230500,1002244,0.09%,1,1,0
6230500,1002249,0.09%,1,1,0
6230500,1002270,0.09%,1,1,0
6230500,1002637,0.09%,1,1,0
6230500,1040091,0.08%,1,1,0
6230500,1060080,0.08%,1,1,0
6230500,1072123,0.08%,1,1,0
6230500,1072159,0.08%,1,1,0
6230500,1072161,0.08%,1,1,0
6230500,1072166,0.08%,1,1,0
6230500,1082085,0.06%,1,1,0
6230500,1082103,0.06%,1,1,0
6230500,1332019,0.05%,1,1,0
6230500,1050049,0.045%,1,1,0
6230500,1050056,0.045%,1,1,0
6230500,2040620,0.03%,1,1,0
6230500,2041022,0.03%,1,1,0
6230500,2043301,0.03%,1,1,0
6230600,4000185,36%,1,1,0
6230600,4000030,6%,1,1,0
6230600,2000006,2%,1,1,0
6230600,4006000,1%,1,1,0
6230600,4010004,0.9%,1,1,0
6230600,4010006,0.9%,1,1,0
6230600,4020005,0.9%,1,1,0
6230600,4020007,0.9%,1,1,0
6230600,4130006,0.6%,1,1,0
6230600,4130011,0.6%,1,1,0
6230600,4130015,0.6%,1,1,0
6230600,2332000,0.4%,1,1,0
6230600,2000004,0.15%,1,1,0
6230600,2384006,0.1%,1,1,0
6230600,1002634,0.09%,1,1,0
6230600,1040091,0.08%,1,1,0
6230600,1040094,0.08%,1,1,0
6230600,1041085,0.08%,1,1,0
6230600,1041091,0.08%,1,1,0
6230600,1060080,0.08%,1,1,0
6230600,1060083,0.08%,1,1,0
6230600,1061083,0.08%,1,1,0
6230600,1061090,0.08%,1,1,0
6230600,1072158,0.08%,1,1,0
6230600,1082095,0.06%,1,1,0
6230600,1082098,0.06%,1,1,0
6230600,1462008,0.05%,1,1,0
6230600,1472024,0.05%,1,1,0
6230600,1051043,0.045%,1,1,0
6230600,1051046,0.045%,1,1,0
6230600,2040317,0.03%,1,1,0
6230600,2040328,0.03%,1,1,0
6230600,2040928,0.03%,1,1,0
6230600,2044112,0.03%,1,1,0
6230600,2044414,0.03%,1,1,0
6230601,4000186,36%,1,1,0
6230601,4000030,6%,1,1,0
6230601,2000002,2%,1,1,0
6230601,4010003,0.9%,1,1,0
6230601,4010005,0.9%,1,1,0
6230601,4020007,0.9%,1,1,0
6230601,4020008,0.9%,1,1,0
6230601,4130007,0.6%,1,1,0
6230601,4130015,0.6%,1,1,0
6230601,2000004,0.15%,1,1,0
6230601,2384015,0.1%,1,1,0
6230601,1002208,0.09%,1,1,0
6230601,1002242,0.09%,1,1,0
6230601,1002247,0.09%,1,1,0
6230601,1041097,0.08%,1,1,0
6230601,1041101,0.08%,1,1,0
6230601,1061096,0.08%,1,1,0
6230601,1061100,0.08%,1,1,0
6230601,1072172,0.08%,1,1,0
6230601,1082109,0.06%,1,1,0
6230601,1432007,0.05%,1,1,0
6230601,1052122,0.045%,1,1,0
6230601,1092017,0.045%,1,1,0
6230601,1372015,0.045%,1,1,0
6230601,1412008,0.045%,1,1,0
6230601,1442010,0.045%,1,1,0
6230601,2040001,0.03%,1,1,0
6230601,2040024,0.03%,1,1,0
6230601,2040401,0.03%,1,1,0
6230601,2040625,0.03%,1,1,0
6230601,2041001,0.03%,1,1,0
6230601,2041004,0.03%,1,1,0
6230602,4000207,36%,1,1,0
6230602,2000002,2%,1,1,0
6230602,2002000,2%,1,1,0
6230602,4010000,0.9%,1,1,0
6230602,4020003,0.9%,1,1,0
6230602,4130000,0.6%,1,1,0
6230602,4130010,0.6%,1,1,0
6230602,4130016,0.6%,1,1,0
6230602,2330002,0.4%,1,1,0
6230602,2000004,0.15%,1,1,0
6230602,2384003,0.1%,1,1,0
6230602,1002084,0.09%,1,1,0
6230602,1002246,0.09%,1,1,0
6230602,1002248,0.09%,1,1,0
6230602,1002269,0.09%,1,1,0
6230602,1082010,0.06%,1,1,0
6230602,1082065,0.06%,1,1,0
6230602,1082082,0.06%,1,1,0
6230602,1082085,0.06%,1,1,0
6230602,1082096,0.06%,1,1,0
6230602,1082098,0.06%,1,1,0
6230602,1082103,0.06%,1,1,0
6230602,1082106,0.06%,1,1,0
6230602,1332017,0.05%,1,1,0
6230602,1472023,0.05%,1,1,0
6230602,1482009,0.05%,1,1,0
6230602,1092011,0.045%,1,1,0
6230602,1302011,0.045%,1,1,0
6230602,2040328,0.03%,1,1,0
6230602,2040417,0.03%,1,1,0
6230602,2040423,0.03%,1,1,0
6230602,2040804,0.03%,1,1,0
6230602,2040928,0.03%,1,1,0
6230602,2043802,0.03%,1,1,0
6300000,4000049,36%,1,1,0
6300000,4003005,20%,1,1,0
6300000,4000021,5%,1,1,0
6300000,2000006,2%,1,1,0
6300000,4004000,1%,1,1,0
6300000,4010000,0.9%,1,1,0
6300000,4020007,0.9%,1,1,0
6300000,1032019,0.1%,1,1,0
6300000,1032020,0.1%,1,1,0
6300000,1902048,0.1%,1,1,0
6300000,1912041,0.1%,1,1,0
6300000,2384009,0.1%,1,1,0
6300000,1002022,0.09%,1,1,0
6300000,1040099,0.08%,1,1,0
6300000,1040104,0.08%,1,1,0
6300000,1041078,0.08%,1,1,0
6300000,1041089,0.08%,1,1,0
6300000,1060088,0.08%,1,1,0
6300000,1060092,0.08%,1,1,0
6300000,1072157,0.08%,1,1,0
6300000,1082107,0.06%,1,1,0
6300000,1102022,0.06%,1,1,0
6300000,1432006,0.05%,1,1,0
6300000,1462008,0.05%,1,1,0
6300000,1472024,0.05%,1,1,0
6300000,1472026,0.05%,1,1,0
6300000,1051047,0.045%,1,1,0
6300000,1051062,0.045%,1,1,0
6300000,1382007,0.045%,1,1,0
6300005,4000176,36%,1,1,0
6300005,2022468,20%,1,1,0
6300005,2022468,20%,1,1,0
6300005,2022468,20%,1,1,0
6300005,2022468,20%,1,1,0
6300005,4251200,15%,1,1,0
6300005,4251201,10%,1,1,0
6300005,4251202,5%,1,1,0
6300005,2332000,4%,1,1,0
6300005,2388008,2.5%,1,1,0
6300005,4001002,1.3%,1,1,0
6300005,1032014,1%,1,1,0
6300005,1102024,0.6%,1,1,0
6300005,1092010,0.42%,1,1,0
6300005,2040422,0.3%,1,1,0
6300005,2043001,0.3%,1,1,0
6300005,2043019,0.3%,1,1,0
6300005,2043101,0.3%,1,1,0
6300005,2043201,0.3%,1,1,0
6300005,2043301,0.3%,1,1,0
6300005,2043801,0.3%,1,1,0
6300005,2044001,0.3%,1,1,0
6300005,2044101,0.3%,1,1,0
6300005,2044201,0.3%,1,1,0
6300005,2044301,0.3%,1,1,0
6300005,2044401,0.3%,1,1,0
6300005,2044501,0.3%,1,1,0
6300005,2044601,0.3%,1,1,0
6300005,2044701,0.3%,1,1,0
6300005,2044801,0.3%,1,1,0
6300005,2044901,0.3%,1,1,0
6300005,2048001,0.3%,1,1,0
6300005,2048004,0.3%,1,1,0
6300005,2040811,0.25%,1,1,0
6300005,2040917,0.25%,1,1,0
6300005,2043005,0.25%,1,1,0
6300005,2043105,0.25%,1,1,0
6300005,2043205,0.25%,1,1,0
6300005,2043305,0.25%,1,1,0
6300005,2044105,0.25%,1,1,0
6300005,2044205,0.25%,1,1,0
6300005,2044305,0.25%,1,1,0
6300005,2044405,0.25%,1,1,0
6300005,2044505,0.25%,1,1,0
6300005,2044605,0.25%,1,1,0
6300005,2044705,0.25%,1,1,0
6300005,2070006,0.002%,1,1,0
6300100,4031170,50%,1,1,7100
6300100,4000130,36%,1,1,0
6300100,4031175,35%,1,1,7101
6300100,2000001,2%,1,1,0
6300100,4004001,1%,1,1,0
6300100,4004004,1%,1,1,0
6300100,4010006,0.9%,1,1,0
6300100,4020003,0.9%,1,1,0
6300100,4130003,0.6%,1,1,0
6300100,4130004,0.6%,1,1,0
6300100,2000004,0.15%,1,1,0
6300100,2384032,0.1%,1,1,0
6300100,1040098,0.08%,1,1,0
6300100,1040106,0.08%,1,1,0
6300100,1041093,0.08%,1,1,0
6300100,1041098,0.08%,1,1,0
6300100,1060087,0.08%,1,1,0
6300100,1060094,0.08%,1,1,0
6300100,1061092,0.08%,1,1,0
6300100,1061097,0.08%,1,1,0
6300100,1072139,0.08%,1,1,0
6300100,1072158,0.08%,1,1,0
6300100,1072172,0.08%,1,1,0
6300100,1082097,0.06%,1,1,0
6300100,1082108,0.06%,1,1,0
6300100,1082109,0.06%,1,1,0
6300100,1082122,0.06%,1,1,0
6300100,1452010,0.05%,1,1,0
6300100,1472027,0.05%,1,1,0
6300100,1492010,0.05%,1,1,0
6300100,1050082,0.045%,1,1,0
6300100,1051065,0.045%,1,1,0
6300100,1442008,0.045%,1,1,0
6300100,2040421,0.03%,1,1,0
6300100,2040825,0.03%,1,1,0
6300100,2041022,0.03%,1,1,0
6400000,4000056,36%,1,1,0
6400000,4003002,20%,1,1,0
6400000,4003004,20%,1,1,0
6400000,4000021,5%,1,1,0
6400000,2000002,2%,1,1,0
6400000,4004001,1%,1,1,0
6400000,4004004,1%,1,1,0
6400000,4010006,0.9%,1,1,0
6400000,4020003,0.9%,1,1,0
6400000,2000004,0.15%,1,1,0
6400000,1032015,0.1%,1,1,0
6400000,2384016,0.1%,1,1,0
6400000,1002030,0.09%,1,1,0
6400000,1002245,0.09%,1,1,0
6400000,1002271,0.09%,1,1,0
6400000,1002338,0.09%,1,1,0
6400000,1040092,0.08%,1,1,0
6400000,1041096,0.08%,1,1,0
6400000,1041097,0.08%,1,1,0
6400000,1060081,0.08%,1,1,0
6400000,1061095,0.08%,1,1,0
6400000,1061096,0.08%,1,1,0
6400000,1072142,0.08%,1,1,0
6400000,1072166,0.08%,1,1,0
6400000,1082084,0.06%,1,1,0
6400000,1082097,0.06%,1,1,0
6400000,1472019,0.05%,1,1,0
6400000,1050060,0.045%,1,1,0
6400000,1051045,0.045%,1,1,0
6400000,1442005,0.045%,1,1,0
6400000,2041022,0.03%,1,1,0
6400005,2388008,2.5%,1,1,0
6400100,4031170,50%,1,1,7100
6400100,4000131,36%,1,1,0
6400100,4031175,35%,1,1,7101
6400100,2000002,2%,1,1,0
6400100,2002008,2%,1,1,0
6400100,4004004,1%,1,1,0
6400100,4010006,0.9%,1,1,0
6400100,4020003,0.9%,1,1,0
6400100,4130000,0.6%,1,1,0
6400100,4130002,0.6%,1,1,0
6400100,4130013,0.6%,1,1,0
6400100,2000004,0.15%,1,1,0
6400100,1032022,0.1%,1,1,0
6400100,2385003,0.1%,1,1,0
6400100,1002252,0.09%,1,1,0
6400100,1002268,0.09%,1,1,0
6400100,1002282,0.09%,1,1,0
6400100,1002289,0.09%,1,1,0
6400100,1040106,0.08%,1,1,0
6400100,1041099,0.08%,1,1,0
6400100,1060094,0.08%,1,1,0
6400100,1061098,0.08%,1,1,0
6400100,1072149,0.08%,1,1,0
6400100,1072173,0.08%,1,1,0
6400100,1082098,0.06%,1,1,0
6400100,1082116,0.06%,1,1,0
6400100,1082207,0.06%,1,1,0
6400100,1342006,0.05%,1,1,0
6400100,1472029,0.05%,1,1,0
6400100,1050061,0.045%,1,1,0
6400100,1050077,0.045%,1,1,0
6400100,1051046,0.045%,1,1,0
6400100,1051058,0.045%,1,1,0
6400100,1092017,0.045%,1,1,0
6400100,1412008,0.045%,1,1,0
6400100,2040321,0.03%,1,1,0
6400100,2040534,0.03%,1,1,0
6400100,2041013,0.03%,1,1,0
6400100,2043114,0.03%,1,1,0
6400100,2044001,0.03%,1,1,0
7090000,4000411,36%,1,1,0
7090000,2384038,2.5%,1,1,0
7110300,4000362,36%,1,1,0
7110300,2000006,2%,1,1,0
7110300,4004000,1%,1,1,0
7110300,4006000,1%,1,1,0
7110300,4010003,0.9%,1,1,0
7110300,4020001,0.9%,1,1,0
7110300,4130009,0.6%,1,1,0
7110300,4130015,0.6%,1,1,0
7110300,2330003,0.4%,1,1,0
7110300,2384034,0.1%,1,1,0
7110300,1002254,0.09%,1,1,0
7110300,1002273,0.09%,1,1,0
7110300,1002288,0.09%,1,1,0
7110300,1002339,0.09%,1,1,0
7110300,1040102,0.08%,1,1,0
7110300,1041094,0.08%,1,1,0
7110300,1041102,0.08%,1,1,0
7110300,1041105,0.08%,1,1,0
7110300,1060090,0.08%,1,1,0
7110300,1061093,0.08%,1,1,0
7110300,1061101,0.08%,1,1,0
7110300,1061104,0.08%,1,1,0
7110300,1082100,0.06%,1,1,0
7110300,1082204,0.06%,1,1,0
7110300,1332018,0.05%,1,1,0
7110300,1472029,0.05%,1,1,0
7110300,1050055,0.045%,1,1,0
7110300,1050069,0.045%,1,1,0
7110300,1051066,0.045%,1,1,0
7110300,1092015,0.045%,1,1,0
7110300,1322020,0.045%,1,1,0
7110300,1402012,0.045%,1,1,0
7110300,2040026,0.03%,1,1,0
7110300,2040302,0.03%,1,1,0
7110300,2040319,0.03%,1,1,0
7110300,2043701,0.03%,1,1,0
7110300,2044701,0.03%,1,1,0
7110301,4000361,36%,1,1,0
7110301,2000006,2%,1,1,0
7110301,4004003,1%,1,1,0
7110301,4007000,1%,1,1,0
7110301,4007001,1%,1,1,0
7110301,4010004,0.9%,1,1,0
7110301,4020006,0.9%,1,1,0
7110301,4130004,0.6%,1,1,0
7110301,4130005,0.6%,1,1,0
7110301,4130007,0.6%,1,1,0
7110301,2000004,0.15%,1,1,0
7110301,2384031,0.1%,1,1,0
7110301,1002029,0.09%,1,1,0
7110301,1002094,0.09%,1,1,0
7110301,1002248,0.09%,1,1,0
7110301,1002253,0.09%,1,1,0
7110301,1002275,0.09%,1,1,0
7110301,1040105,0.08%,1,1,0
7110301,1040108,0.08%,1,1,0
7110301,1060093,0.08%,1,1,0
7110301,1060097,0.08%,1,1,0
7110301,1072145,0.08%,1,1,0
7110301,1072147,0.08%,1,1,0
7110301,1072150,0.08%,1,1,0
7110301,1072177,0.08%,1,1,0
7110301,1072210,0.08%,1,1,0
7110301,1482010,0.05%,1,1,0
7110301,1050063,0.045%,1,1,0
7110301,1051041,0.045%,1,1,0
7110301,1051044,0.045%,1,1,0
7110301,1051053,0.045%,1,1,0
7110301,1051062,0.045%,1,1,0
7110301,1402012,0.045%,1,1,0
7110301,2040025,0.03%,1,1,0
7110301,2040621,0.03%,1,1,0
7110301,2040933,0.03%,1,1,0
7110301,2044601,0.03%,1,1,0
7110301,2044801,0.03%,1,1,0
7130000,4000074,36%,1,1,0
7130000,2050004,5%,1,1,0
7130000,2000006,2%,1,1,0
7130000,4004003,1%,1,1,0
7130000,4006001,1%,1,1,0
7130000,4007007,1%,1,1,0
7130000,4010004,0.9%,1,1,0
7130000,4020006,0.9%,1,1,0
7130000,4130008,0.6%,1,1,0
7130000,4130010,0.6%,1,1,0
7130000,4130011,0.6%,1,1,0
7130000,4161021,0.6%,1,1,0
7130000,2000004,0.15%,1,1,0
7130000,1902056,0.1%,1,1,0
7130000,1912049,0.1%,1,1,0
7130000,2384030,0.1%,1,1,0
7130000,4161021,0.1%,1,1,0
7130000,1002029,0.09%,1,1,0
7130000,1002094,0.09%,1,1,0
7130000,1002248,0.09%,1,1,0
7130000,1002253,0.09%,1,1,0
7130000,1002275,0.09%,1,1,0
7130000,1040105,0.08%,1,1,0
7130000,1040108,0.08%,1,1,0
7130000,1060093,0.08%,1,1,0
7130000,1060097,0.08%,1,1,0
7130000,1072145,0.08%,1,1,0
7130000,1072147,0.08%,1,1,0
7130000,1072150,0.08%,1,1,0
7130000,1072177,0.08%,1,1,0
7130000,1072210,0.08%,1,1,0
7130000,1072312,0.08%,1,1,0
7130000,1050063,0.045%,1,1,0
7130000,1051041,0.045%,1,1,0
7130000,1051044,0.045%,1,1,0
7130000,1051053,0.045%,1,1,0
7130000,1051062,0.045%,1,1,0
7130000,1402012,0.045%,1,1,0
7130000,2040419,0.03%,1,1,0
7130000,2040427,0.03%,1,1,0
7130000,2044601,0.03%,1,1,0
7130000,2044901,0.03%,1,1,0
7130001,4000079,36%,1,1,0
7130001,2050000,5%,1,1,0
7130001,2000006,2%,1,1,0
7130001,4010004,0.9%,1,1,0
7130001,4020007,0.9%,1,1,0
7130001,4130002,0.6%,1,1,0
7130001,4130003,0.6%,1,1,0
7130001,2000004,0.15%,1,1,0
7130001,1032014,0.1%,1,1,0
7130001,1032016,0.1%,1,1,0
7130001,1002095,0.09%,1,1,0
7130001,1002246,0.09%,1,1,0
7130001,1041095,0.08%,1,1,0
7130001,1041102,0.08%,1,1,0
7130001,1061094,0.08%,1,1,0
7130001,1061101,0.08%,1,1,0
7130001,1072146,0.08%,1,1,0
7130001,1072165,0.08%,1,1,0
7130001,1082105,0.06%,1,1,0
7130001,1082108,0.06%,1,1,0
7130001,1332015,0.05%,1,1,0
7130001,1492009,0.05%,1,1,0
7130001,1050069,0.045%,1,1,0
7130001,1050070,0.045%,1,1,0
7130001,1051054,0.045%,1,1,0
7130001,1312009,0.045%,1,1,0
7130001,1372015,0.045%,1,1,0
7130001,1372016,0.045%,1,1,0
7130001,1402011,0.045%,1,1,0
7130001,2040618,0.03%,1,1,0
7130001,2041021,0.03%,1,1,0
7130001,2044301,0.03%,1,1,0
7130002,4000236,36%,1,1,0
7130002,2000006,2%,1,1,0
7130002,4004001,1%,1,1,0
7130002,4006000,1%,1,1,0
7130002,4010000,0.9%,1,1,0
7130002,4020001,0.9%,1,1,0
7130002,4130000,0.6%,1,1,0
7130002,4130005,0.6%,1,1,0
7130002,2330003,0.4%,1,1,0
7130002,1342004,0.15%,1,1,0
7130002,2000004,0.15%,1,1,0
7130002,2384027,0.1%,1,1,0
7130002,1002285,0.09%,1,1,0
7130002,1002640,0.09%,1,1,0
7130002,1040103,0.08%,1,1,0
7130002,1060091,0.08%,1,1,0
7130002,1082100,0.06%,1,1,0
7130002,1332019,0.05%,1,1,0
7130002,1092011,0.045%,1,1,0
7130002,1302012,0.045%,1,1,0
7130002,1382007,0.045%,1,1,0
7130002,2040625,0.03%,1,1,0
7130002,2040801,0.03%,1,1,0
7130002,2040902,0.03%,1,1,0
7130002,2044014,0.03%,1,1,0
7130002,1072184,0.008%,1,1,0
7130003,4000237,36%,1,1,0
7130003,2000006,2%,1,1,0
7130003,4004003,1%,1,1,0
7130003,4006000,1%,1,1,0
7130003,4020003,0.9%,1,1,0
7130003,4130001,0.6%,1,1,0
7130003,4130010,0.6%,1,1,0
7130003,4130013,0.6%,1,1,0
7130003,2000004,0.15%,1,1,0
7130003,2385001,0.1%,1,1,0
7130003,1002253,0.09%,1,1,0
7130003,1002640,0.09%,1,1,0
7130003,4010003,0.09%,1,1,0
7130003,1072156,0.08%,1,1,0
7130003,1082096,0.06%,1,1,0
7130003,1432007,0.05%,1,1,0
7130003,1051063,0.045%,1,1,0
7130003,1092016,0.045%,1,1,0
7130003,1372015,0.045%,1,1,0
7130003,1412008,0.045%,1,1,0
7130003,2040423,0.03%,1,1,0
7130003,2041002,0.03%,1,1,0
7130003,2044101,0.03%,1,1,0
7130003,2070005,0.004%,1,1,0
7130004,4000231,36%,1,1,0
7130004,2000006,2%,1,1,0
7130004,4004004,1%,1,1,0
7130004,4006001,1%,1,1,0
7130004,4010004,0.9%,1,1,0
7130004,4020004,0.9%,1,1,0
7130004,2330003,0.4%,1,1,0
7130004,2000004,0.15%,1,1,0
7130004,1032022,0.1%,1,1,0
7130004,2385005,0.1%,1,1,0
7130004,1002338,0.09%,1,1,0
7130004,1072161,0.08%,1,1,0
7130004,1072312,0.08%,1,1,0
7130004,1082107,0.06%,1,1,0
7130004,1102029,0.06%,1,1,0
7130004,1452010,0.05%,1,1,0
7130004,1050074,0.045%,1,1,0
7130004,1322028,0.045%,1,1,0
7130004,1402012,0.045%,1,1,0
7130004,2041008,0.03%,1,1,0
7130004,2044401,0.03%,1,1,0
7130010,4031170,50%,1,1,7100
7130010,4031175,40%,1,1,7101
7130010,4000147,36%,1,1,0
7130010,2050004,5%,1,1,0
7130010,2000002,2%,1,1,0
7130010,2000006,2%,1,1,0
7130010,2002005,2%,1,1,0
7130010,2020015,2%,1,1,0
7130010,4004002,1%,1,1,0
7130010,4006001,1%,1,1,0
7130010,4020005,0.9%,1,1,0
7130010,4020008,0.9%,1,1,0
7130010,4130002,0.6%,1,1,0
7130010,4130004,0.6%,1,1,0
7130010,4130006,0.6%,1,1,0
7130010,2385012,0.1%,1,1,0
7130010,1002328,0.09%,1,1,0
7130010,1041101,0.08%,1,1,0
7130010,1061100,0.08%,1,1,0
7130010,1072154,0.08%,1,1,0
7130010,1072184,0.08%,1,1,0
7130010,1072196,0.08%,1,1,0
7130010,1072209,0.08%,1,1,0
7130010,1082118,0.06%,1,1,0
7130010,1082123,0.06%,1,1,0
7130010,1082142,0.06%,1,1,0
7130010,1082207,0.06%,1,1,0
7130010,1102030,0.06%,1,1,0
7130010,1332022,0.05%,1,1,0
7130010,1342006,0.05%,1,1,0
7130010,1452010,0.05%,1,1,0
7130010,1050073,0.045%,1,1,0
7130010,1050088,0.045%,1,1,0
7130010,1051065,0.045%,1,1,0
7130010,1051077,0.045%,1,1,0
7130010,1051078,0.045%,1,1,0
7130010,1302016,0.045%,1,1,0
7130010,1372016,0.045%,1,1,0
7130010,1412009,0.045%,1,1,0
7130010,2040025,0.03%,1,1,0
7130010,2040418,0.03%,1,1,0
7130010,2040601,0.03%,1,1,0
7130010,2040923,0.03%,1,1,0
7130010,2040928,0.03%,1,1,0
7130010,2041016,0.03%,1,1,0
7130010,2044412,0.03%,1,1,0
7130020,4000179,36%,1,1,0
7130020,2050004,5%,1,1,0
7130020,2000002,2%,1,1,0
7130020,2000006,2%,1,1,0
7130020,2002003,2%,1,1,0
7130020,2020015,2%,1,1,0
7130020,2022040,2%,1,1,0
7130020,4004003,1%,1,1,0
7130020,4006001,1%,1,1,0
7130020,4010001,0.9%,1,1,0
7130020,4020008,0.9%,1,1,0
7130020,4130010,0.6%,1,1,0
7130020,4130013,0.6%,1,1,0
7130020,2385013,0.1%,1,1,0
7130020,1002287,0.09%,1,1,0
7130020,1002323,0.09%,1,1,0
7130020,1002329,0.09%,1,1,0
7130020,1041101,0.08%,1,1,0
7130020,1061100,0.08%,1,1,0
7130020,1072152,0.08%,1,1,0
7130020,1072164,0.08%,1,1,0
7130020,1072194,0.08%,1,1,0
7130020,1072312,0.08%,1,1,0
7130020,1102032,0.06%,1,1,0
7130020,1102035,0.06%,1,1,0
7130020,1051078,0.045%,1,1,0
7130020,1051095,0.045%,1,1,0
7130020,1422012,0.045%,1,1,0
7130020,2040324,0.03%,1,1,0
7130020,2040421,0.03%,1,1,0
7130020,2044701,0.03%,1,1,0
7130020,2044901,0.03%,1,1,0
7130020,2048001,0.03%,1,1,0
7130100,4000028,36%,1,1,0
7130100,4031214,20%,1,1,2097
7130100,4031466,8%,1,1,6107
7130100,2000006,2%,1,1,0
7130100,4006000,1%,1,1,0
7130100,4010006,0.9%,1,1,0
7130100,4130008,0.6%,1,1,0
7130100,4130014,0.6%,1,1,0
7130100,1342004,0.15%,1,1,0
7130100,2000004,0.15%,1,1,0
7130100,2384020,0.1%,1,1,0
7130100,1002095,0.09%,1,1,0
7130100,1002272,0.09%,1,1,0
7130100,1002283,0.09%,1,1,0
7130100,1002287,0.09%,1,1,0
7130100,1002637,0.09%,1,1,0
7130100,1040100,0.08%,1,1,0
7130100,1041093,0.08%,1,1,0
7130100,1060089,0.08%,1,1,0
7130100,1061092,0.08%,1,1,0
7130100,1072163,0.08%,1,1,0
7130100,1072184,0.08%,1,1,0
7130100,1082115,0.06%,1,1,0
7130100,1082118,0.06%,1,1,0
7130100,1102027,0.06%,1,1,0
7130100,1452009,0.05%,1,1,0
7130100,1472026,0.05%,1,1,0
7130100,1050067,0.045%,1,1,0
7130100,1051055,0.045%,1,1,0
7130100,1051064,0.045%,1,1,0
7130100,1322019,0.045%,1,1,0
7130100,1422014,0.04%,1,1,0
7130100,2040421,0.03%,1,1,0
7130100,2043101,0.03%,1,1,0
7130100,2049000,0.015%,1,1,0
7130100,2070005,0.004%,1,1,0
7130101,4000046,36%,1,1,0
7130101,4031215,20%,1,1,2097
7130101,4031466,8%,1,1,6107
7130101,4006001,1%,1,1,0
7130101,4010003,0.9%,1,1,0
7130101,4020008,0.9%,1,1,0
7130101,4130008,0.6%,1,1,0
7130101,4130012,0.6%,1,1,0
7130101,4130014,0.6%,1,1,0
7130101,2000005,0.1%,1,1,0
7130101,2384036,0.1%,1,1,0
7130101,4001112,0.1%,1,1,0
7130101,1002284,0.09%,1,1,0
7130101,1002327,0.09%,1,1,0
7130101,1041091,0.08%,1,1,0
7130101,1041103,0.08%,1,1,0
7130101,1061090,0.08%,1,1,0
7130101,1061102,0.08%,1,1,0
7130101,1072167,0.08%,1,1,0
7130101,1072211,0.08%,1,1,0
7130101,1082100,0.06%,1,1,0
7130101,1082104,0.06%,1,1,0
7130101,1102028,0.06%,1,1,0
7130101,1452011,0.05%,1,1,0
7130101,1482009,0.05%,1,1,0
7130101,1050077,0.045%,1,1,0
7130101,1051047,0.045%,1,1,0
7130101,1051056,0.045%,1,1,0
7130101,1051063,0.045%,1,1,0
7130101,1092016,0.045%,1,1,0
7130101,1382010,0.045%,1,1,0
7130101,1412008,0.045%,1,1,0
7130101,1422010,0.045%,1,1,0
7130101,2044101,0.03%,1,1,0
7130101,2044114,0.03%,1,1,0
7130102,4000049,36%,1,1,0
7130102,4000050,36%,1,1,0
7130102,4003005,20%,1,1,0
7130102,4000021,5%,1,1,0
7130102,2000006,2%,1,1,0
7130102,4004000,1%,1,1,0
7130102,4004002,1%,1,1,0
7130102,4010001,0.9%,1,1,0
7130102,4010005,0.9%,1,1,0
7130102,4020005,0.9%,1,1,0
7130102,4020008,0.9%,1,1,0
7130102,4130003,0.6%,1,1,0
7130102,4130010,0.6%,1,1,0
7130102,4130017,0.6%,1,1,0
7130102,2000004,0.15%,1,1,0
7130102,1032011,0.1%,1,1,0
7130102,2070010,0.1%,1,1,0
7130102,2385004,0.1%,1,1,0
7130102,1002028,0.09%,1,1,0
7130102,1002030,0.09%,1,1,0
7130102,1002084,0.09%,1,1,0
7130102,1002185,0.09%,1,1,0
7130102,1002282,0.09%,1,1,0
7130102,1041081,0.08%,1,1,0
7130102,1061080,0.08%,1,1,0
7130102,1072124,0.08%,1,1,0
7130102,1072128,0.08%,1,1,0
7130102,1072137,0.08%,1,1,0
7130102,1082010,0.06%,1,1,0
7130102,1082081,0.06%,1,1,0
7130102,1082091,0.06%,1,1,0
7130102,1102023,0.06%,1,1,0
7130102,1332015,0.05%,1,1,0
7130102,1432006,0.05%,1,1,0
7130102,1452011,0.05%,1,1,0
7130102,1472022,0.05%,1,1,0
7130102,1492008,0.05%,1,1,0
7130102,1050047,0.045%,1,1,0
7130102,1050063,0.045%,1,1,0
7130102,1050068,0.045%,1,1,0
7130102,1050069,0.045%,1,1,0
7130102,1050074,0.045%,1,1,0
7130102,1051054,0.045%,1,1,0
7130102,1051058,0.045%,1,1,0
7130102,1092006,0.045%,1,1,0
7130102,1402012,0.045%,1,1,0
7130102,1422009,0.045%,1,1,0
7130102,1442010,0.045%,1,1,0
7130102,2040025,0.03%,1,1,0
7130102,2040625,0.03%,1,1,0
7130102,2041005,0.03%,1,1,0
7130102,2041020,0.03%,1,1,0
7130102,2041023,0.03%,1,1,0
7130102,2043017,0.03%,1,1,0
7130102,2043210,0.03%,1,1,0
7130102,2043801,0.03%,1,1,0
7130102,2044101,0.03%,1,1,0
7130102,2044214,0.03%,1,1,0
7130102,2044702,0.03%,1,1,0
7130102,2044901,0.03%,1,1,0
7130102,2070005,0.004%,1,1,0
7130103,4000208,36%,1,1,0
7130103,2000006,2%,1,1,0
7130103,2002003,2%,1,1,0
7130103,2002004,2%,1,1,0
7130103,4006001,1%,1,1,0
7130103,4020001,0.9%,1,1,0
7130103,4020002,0.9%,1,1,0
7130103,4020007,0.9%,1,1,0
7130103,4130001,0.6%,1,1,0
7130103,4130004,0.6%,1,1,0
7130103,4130012,0.6%,1,1,0
7130103,2000004,0.15%,1,1,0
7130103,2384029,0.1%,1,1,0
7130103,1040092,0.08%,1,1,0
7130103,1041092,0.08%,1,1,0
7130103,1041095,0.08%,1,1,0
7130103,1060081,0.08%,1,1,0
7130103,1061091,0.08%,1,1,0
7130103,1061094,0.08%,1,1,0
7130103,1072172,0.08%,1,1,0
7130103,1072177,0.08%,1,1,0
7130103,1072182,0.08%,1,1,0
7130103,1072210,0.08%,1,1,0
7130103,1082207,0.06%,1,1,0
7130103,1050061,0.045%,1,1,0
7130103,1051054,0.045%,1,1,0
7130103,1051063,0.045%,1,1,0
7130103,1092023,0.045%,1,1,0
7130103,2040301,0.03%,1,1,0
7130103,2040418,0.03%,1,1,0
7130103,2040516,0.03%,1,1,0
7130104,4031436,100%,1,1,3828
7130104,4000297,36%,1,1,0
7130104,2000002,2%,1,1,0
7130104,2000006,2%,1,1,0
7130104,4004000,1%,1,1,0
7130104,4006001,1%,1,1,0
7130104,4007002,1%,1,1,0
7130104,4010001,0.9%,1,1,0
7130104,4020000,0.9%,1,1,0
7130104,4130000,0.6%,1,1,0
7130104,4130017,0.6%,1,1,0
7130104,2000004,0.15%,1,1,0
7130104,1032020,0.1%,1,1,0
7130104,2384025,0.1%,1,1,0
7130104,1002095,0.09%,1,1,0
7130104,1072163,0.08%,1,1,0
7130104,1082110,0.06%,1,1,0
7130104,1082204,0.06%,1,1,0
7130104,1102023,0.06%,1,1,0
7130104,1332018,0.05%,1,1,0
7130104,1472028,0.05%,1,1,0
7130104,1051054,0.045%,1,1,0
7130104,1422010,0.045%,1,1,0
7130104,2040002,0.03%,1,1,0
7130104,2040427,0.03%,1,1,0
7130104,2040705,0.03%,1,1,0
7130104,2040824,0.03%,1,1,0
7130200,4000053,36%,1,1,0
7130200,2000006,2%,1,1,0
7130200,4004000,1%,1,1,0
7130200,4006000,1%,1,1,0
7130200,4010003,0.9%,1,1,0
7130200,4020001,0.9%,1,1,0
7130200,4130006,0.6%,1,1,0
7130200,4130009,0.6%,1,1,0
7130200,4130014,0.6%,1,1,0
7130200,2384035,0.1%,1,1,0
7130200,1002254,0.09%,1,1,0
7130200,1002273,0.09%,1,1,0
7130200,1002288,0.09%,1,1,0
7130200,1002339,0.09%,1,1,0
7130200,1040102,0.08%,1,1,0
7130200,1041094,0.08%,1,1,0
7130200,1041102,0.08%,1,1,0
7130200,1041105,0.08%,1,1,0
7130200,1060090,0.08%,1,1,0
7130200,1061093,0.08%,1,1,0
7130200,1061101,0.08%,1,1,0
7130200,1061104,0.08%,1,1,0
7130200,1072309,0.08%,1,1,0
7130200,1082100,0.06%,1,1,0
7130200,1332018,0.05%,1,1,0
7130200,1472029,0.05%,1,1,0
7130200,1050055,0.045%,1,1,0
7130200,1050069,0.045%,1,1,0
7130200,1051066,0.045%,1,1,0
7130200,1092015,0.045%,1,1,0
7130200,1322020,0.045%,1,1,0
7130200,1402012,0.045%,1,1,0
7130200,2040031,0.03%,1,1,0
7130200,2040302,0.03%,1,1,0
7130200,2043701,0.03%,1,1,0
7130200,2044701,0.03%,1,1,0
7130300,4031170,50%,1,1,7100
7130300,4031171,40%,1,1,7101
7130300,4031175,40%,1,1,7101
7130300,4000148,36%,1,1,0
7130300,2002004,2%,1,1,0
7130300,4006001,1%,1,1,0
7130300,4010006,0.9%,1,1,0
7130300,4020006,0.9%,1,1,0
7130300,4130000,0.6%,1,1,0
7130300,2000004,0.15%,1,1,0
7130300,2000005,0.1%,1,1,0
7130300,2385020,0.1%,1,1,0
7130300,1002253,0.09%,1,1,0
7130300,1002274,0.09%,1,1,0
7130300,1002276,0.09%,1,1,0
7130300,1002284,0.09%,1,1,0
7130300,1041107,0.08%,1,1,0
7130300,1041121,0.08%,1,1,0
7130300,1061106,0.08%,1,1,0
7130300,1061120,0.08%,1,1,0
7130300,1072155,0.08%,1,1,0
7130300,1072167,0.08%,1,1,0
7130300,1072203,0.08%,1,1,0
7130300,1072206,0.08%,1,1,0
7130300,1072212,0.08%,1,1,0
7130300,1072312,0.08%,1,1,0
7130300,1082110,0.06%,1,1,0
7130300,1082143,0.06%,1,1,0
7130300,1342007,0.05%,1,1,0
7130300,1050074,0.045%,1,1,0
7130300,1050080,0.045%,1,1,0
7130300,1051068,0.045%,1,1,0
7130300,1302018,0.045%,1,1,0
7130300,2040031,0.03%,1,1,0
7130300,2040823,0.03%,1,1,0
7130300,2041009,0.03%,1,1,0
7130300,2043210,0.03%,1,1,0
7130300,2044301,0.03%,1,1,0
7130400,4031232,100%,1,1,3611
7130400,2000006,99.9999%,1,1,0
7130400,2002003,20%,1,1,0
7130400,4004003,10%,1,1,0
7130400,4006001,10%,1,1,0
7130400,4010001,9%,1,1,0
7130400,4020001,9%,1,1,0
7130400,4130002,6%,1,1,0
7130400,4130005,6%,1,1,0
7130400,4130015,6%,1,1,0
7130400,2384021,2.5%,1,1,0
7130400,1040102,0.8%,1,1,0
7130400,1041094,0.8%,1,1,0
7130400,1050058,0.7%,1,1,0
7130400,1102021,0.6%,1,1,0
7130400,1060090,0.48%,1,1,0
7130400,1061093,0.48%,1,1,0
7130400,1072309,0.48%,1,1,0
7130400,1092016,0.42%,1,1,0
7130400,1462009,0.3%,1,1,0
7130400,1472024,0.3%,1,1,0
7130400,2040302,0.3%,1,1,0
7130400,2040504,0.3%,1,1,0
7130400,2000004,0.15%,1,1,0
7130401,4031233,100%,1,1,3611
7130401,2000006,99.9999%,1,1,0
7130401,2002000,20%,1,1,0
7130401,4004002,10%,1,1,0
7130401,4006001,10%,1,1,0
7130401,4010004,9%,1,1,0
7130401,4020000,9%,1,1,0
7130401,4130006,6%,1,1,0
7130401,4130015,6%,1,1,0
7130401,2384022,2.5%,1,1,0
7130401,1032022,1%,1,1,0
7130401,1040106,0.8%,1,1,0
7130401,1051041,0.7%,1,1,0
7130401,1060094,0.48%,1,1,0
7130401,1072158,0.48%,1,1,0
7130401,1072163,0.48%,1,1,0
7130401,1412008,0.42%,1,1,0
7130401,1422009,0.42%,1,1,0
7130401,1442010,0.42%,1,1,0
7130401,1452010,0.3%,1,1,0
7130401,1482009,0.3%,1,1,0
7130401,2040601,0.3%,1,1,0
7130401,2040620,0.3%,1,1,0
7130401,2040701,0.3%,1,1,0
7130401,2044012,0.3%,1,1,0
7130401,2000004,0.15%,1,1,0
7130401,2070007,0.02%,1,1,0
7130402,4031234,100%,1,1,3611
7130402,2000006,99.9999%,1,1,0
7130402,2002006,20%,1,1,0
7130402,4004001,10%,1,1,0
7130402,4006000,10%,1,1,0
7130402,4010006,9%,1,1,0
7130402,4020006,9%,1,1,0
7130402,4130017,6%,1,1,0
7130402,2330003,4%,1,1,0
7130402,2384023,2.5%,1,1,0
7130402,1002637,1.5%,1,1,0
7130402,1032019,1%,1,1,0
7130402,1032022,1%,1,1,0
7130402,1041092,0.8%,1,1,0
7130402,1041101,0.8%,1,1,0
7130402,1082090,0.6%,1,1,0
7130402,1061091,0.48%,1,1,0
7130402,1061100,0.48%,1,1,0
7130402,1072155,0.48%,1,1,0
7130402,1402012,0.42%,1,1,0
7130402,1422005,0.42%,1,1,0
7130402,2040024,0.3%,1,1,0
7130402,2040534,0.3%,1,1,0
7130402,2041007,0.3%,1,1,0
7130402,2043001,0.3%,1,1,0
7130402,2043112,0.3%,1,1,0
7130402,2000004,0.15%,1,1,0
7130402,2070007,0.02%,1,1,0
7130500,4000226,36%,1,1,0
7130500,4000227,36%,1,1,0
7130500,4000228,36%,1,1,0
7130500,2000006,2%,1,1,0
7130500,4004000,1%,1,1,0
7130500,4006001,1%,1,1,0
7130500,4010001,0.9%,1,1,0
7130500,4020000,0.9%,1,1,0
7130500,4130007,0.6%,1,1,0
7130500,4130011,0.6%,1,1,0
7130500,4130015,0.6%,1,1,0
7130500,2000004,0.15%,1,1,0
7130500,1032020,0.1%,1,1,0
7130500,2384024,0.1%,1,1,0
7130500,1002095,0.09%,1,1,0
7130500,1072163,0.08%,1,1,0
7130500,1082110,0.06%,1,1,0
7130500,1102023,0.06%,1,1,0
7130500,1332018,0.05%,1,1,0
7130500,1472028,0.05%,1,1,0
7130500,1051054,0.045%,1,1,0
7130500,1052122,0.045%,1,1,0
7130500,1422010,0.045%,1,1,0
7130500,2040002,0.03%,1,1,0
7130500,2040326,0.03%,1,1,0
7130500,2040623,0.03%,1,1,0
7130500,2040705,0.03%,1,1,0
7130500,2040824,0.03%,1,1,0
7130501,4000229,36%,1,1,0
7130501,4000230,36%,1,1,0
7130501,4031412,10%,1,1,3712
7130501,2000006,2%,1,1,0
7130501,4004002,1%,1,1,0
7130501,4006001,1%,1,1,0
7130501,4010002,0.9%,1,1,0
7130501,4020002,0.9%,1,1,0
7130501,4130008,0.6%,1,1,0
7130501,4130010,0.6%,1,1,0
7130501,2000004,0.15%,1,1,0
7130501,2384033,0.1%,1,1,0
7130501,1002276,0.09%,1,1,0
7130501,1041103,0.08%,1,1,0
7130501,1061102,0.08%,1,1,0
7130501,1072178,0.08%,1,1,0
7130501,1082105,0.06%,1,1,0
7130501,1102027,0.06%,1,1,0
7130501,1472027,0.05%,1,1,0
7130501,1052122,0.045%,1,1,0
7130501,1092016,0.045%,1,1,0
7130501,1302018,0.045%,1,1,0
7130501,2040321,0.03%,1,1,0
7130501,2040505,0.03%,1,1,0
7130501,2040515,0.03%,1,1,0
7130501,2040625,0.03%,1,1,0
7130501,2043002,0.03%,1,1,0
7130501,2070005,0.004%,1,1,0
7130600,4000260,36%,1,1,0
7130600,2000006,2%,1,1,0
7130600,4004002,1%,1,1,0
7130600,4006001,1%,1,1,0
7130600,4010000,0.9%,1,1,0
7130600,4010001,0.9%,1,1,0
7130600,4130001,0.6%,1,1,0
7130600,4130005,0.6%,1,1,0
7130600,4130017,0.6%,1,1,0
7130600,2000004,0.15%,1,1,0
7130600,2384028,0.1%,1,1,0
7130600,1002287,0.09%,1,1,0
7130600,1072211,0.08%,1,1,0
7130600,1082119,0.06%,1,1,0
7130600,1332019,0.05%,1,1,0
7130600,1452009,0.05%,1,1,0
7130600,1051062,0.045%,1,1,0
7130600,2040512,0.03%,1,1,0
7130600,2041008,0.03%,1,1,0
7130600,2044010,0.03%,1,1,0
7130600,2044101,0.03%,1,1,0
7130601,4000261,36%,1,1,0
7130601,2000006,2%,1,1,0
7130601,4004003,1%,1,1,0
7130601,4006000,1%,1,1,0
7130601,4020001,0.9%,1,1,0
7130601,4020007,0.9%,1,1,0
7130601,4130003,0.6%,1,1,0
7130601,4130011,0.6%,1,1,0
7130601,4130016,0.6%,1,1,0
7130601,2000004,0.15%,1,1,0
7130601,2385002,0.1%,1,1,0
7130601,1002252,0.09%,1,1,0
7130601,1040106,0.08%,1,1,0
7130601,1060094,0.08%,1,1,0
7130601,1072212,0.08%,1,1,0
7130601,1082125,0.06%,1,1,0
7130601,1462009,0.05%,1,1,0
7130601,1052125,0.045%,1,1,0
7130601,1322019,0.045%,1,1,0
7130601,2040927,0.03%,1,1,0
7130601,2043701,0.03%,1,1,0
7130601,2044602,0.03%,1,1,0
7130601,2044802,0.03%,1,1,0
7140000,4031170,50%,1,1,7100
7140000,4031175,40%,1,1,7101
7140000,4000132,36%,1,1,0
7140000,2000006,2%,1,1,0
7140000,4004001,1%,1,1,0
7140000,4007002,1%,1,1,0
7140000,4010002,0.9%,1,1,0
7140000,4020002,0.9%,1,1,0
7140000,4130001,0.6%,1,1,0
7140000,4130005,0.6%,1,1,0
7140000,1342005,0.15%,1,1,0
7140000,2385010,0.1%,1,1,0
7140000,1002094,0.09%,1,1,0
7140000,1002273,0.09%,1,1,0
7140000,1002277,0.09%,1,1,0
7140000,1002287,0.09%,1,1,0
7140000,1002338,0.09%,1,1,0
7140000,1002640,0.09%,1,1,0
7140000,1040107,0.08%,1,1,0
7140000,1040108,0.08%,1,1,0
7140000,1060095,0.08%,1,1,0
7140000,1060097,0.08%,1,1,0
7140000,1072182,0.08%,1,1,0
7140000,1072192,0.08%,1,1,0
7140000,1072207,0.08%,1,1,0
7140000,1082114,0.06%,1,1,0
7140000,1082128,0.06%,1,1,0
7140000,1432010,0.05%,1,1,0
7140000,1462011,0.05%,1,1,0
7140000,1050082,0.045%,1,1,0
7140000,1050089,0.045%,1,1,0
7140000,1092025,0.045%,1,1,0
7140000,2040502,0.03%,1,1,0
7140000,2040924,0.03%,1,1,0
7140000,2041001,0.03%,1,1,0
7140000,2043015,0.03%,1,1,0
7160000,4031171,40%,1,1,7101
7160000,4000133,36%,1,1,0
7160000,2000002,2%,1,1,0
7160000,2000006,2%,1,1,0
7160000,4004000,1%,1,1,0
7160000,4006001,1%,1,1,0
7160000,4007001,1%,1,1,0
7160000,4010003,0.9%,1,1,0
7160000,4020008,0.9%,1,1,0
7160000,4130003,0.6%,1,1,0
7160000,4130007,0.6%,1,1,0
7160000,4130011,0.6%,1,1,0
7160000,4131007,0.6%,1,1,0
7160000,2330003,0.4%,1,1,0
7160000,1032016,0.1%,1,1,0
7160000,2385015,0.1%,1,1,0
7160000,4001110,0.1%,1,1,0
7160000,1002272,0.09%,1,1,0
7160000,1002330,0.09%,1,1,0
7160000,1040107,0.08%,1,1,0
7160000,1041105,0.08%,1,1,0
7160000,1041115,0.08%,1,1,0
7160000,1060095,0.08%,1,1,0
7160000,1061104,0.08%,1,1,0
7160000,1061114,0.08%,1,1,0
7160000,1072173,0.08%,1,1,0
7160000,1072197,0.08%,1,1,0
7160000,1082103,0.06%,1,1,0
7160000,1082109,0.06%,1,1,0
7160000,1082116,0.06%,1,1,0
7160000,1082121,0.06%,1,1,0
7160000,1082125,0.06%,1,1,0
7160000,1082131,0.06%,1,1,0
7160000,1452011,0.05%,1,1,0
7160000,1492010,0.05%,1,1,0
7160000,1050070,0.045%,1,1,0
7160000,1050075,0.045%,1,1,0
7160000,1051057,0.045%,1,1,0
7160000,1051066,0.045%,1,1,0
7160000,1051077,0.045%,1,1,0
7160000,2040619,0.03%,1,1,0
7160000,2044401,0.03%,1,1,0
7160000,2070005,0.004%,1,1,0
7220000,4000021,50%,1,1,0
7220000,4000283,36%,1,1,0
7220000,4000284,36%,1,1,0
7220000,4000285,36%,1,1,0
7220000,2060001,30%,1,1,0
7220000,2061001,30%,1,1,0
7220000,2000002,20%,1,1,0
7220000,2000003,20%,1,1,0
7220000,2002004,20%,1,1,0
7220000,2002011,20%,1,1,0
7220000,2022142,20%,1,1,0
7220000,4004000,10%,1,1,0
7220000,4010001,9%,1,1,0
7220000,4020006,9%,1,1,0
7220000,2388010,2.5%,1,1,0
7220000,4001002,1.35%,1,1,0
7220000,2070004,1%,1,1,0
7220000,1302012,0.42%,1,1,0
7220000,1312010,0.42%,1,1,0
7220000,1322019,0.42%,1,1,0
7220000,1372015,0.42%,1,1,0
7220000,1382010,0.42%,1,1,0
7220000,1402012,0.42%,1,1,0
7220000,1412008,0.42%,1,1,0
7220000,1422010,0.42%,1,1,0
7220000,1442008,0.42%,1,1,0
7220000,1332018,0.3%,1,1,0
7220000,1432007,0.3%,1,1,0
7220000,1452011,0.3%,1,1,0
7220000,1462009,0.3%,1,1,0
7220000,1472029,0.3%,1,1,0
7220000,1482009,0.3%,1,1,0
7220000,1492009,0.3%,1,1,0
7220000,2040005,0.3%,1,1,0
7220000,2040025,0.3%,1,1,0
7220000,2040514,0.3%,1,1,0
7220000,2040705,0.3%,1,1,0
7220000,2040805,0.3%,1,1,0
7220000,2040825,0.3%,1,1,0
7220000,2040901,0.3%,1,1,0
7220000,2041001,0.3%,1,1,0
7220000,2041010,0.3%,1,1,0
7220000,2043019,0.3%,1,1,0
7220000,2043101,0.3%,1,1,0
7220000,2043301,0.3%,1,1,0
7220000,2043801,0.3%,1,1,0
7220000,2044014,0.3%,1,1,0
7220000,2044101,0.3%,1,1,0
7220000,2044312,0.3%,1,1,0
7220000,2044412,0.3%,1,1,0
7220000,2044501,0.3%,1,1,0
7220000,2044601,0.3%,1,1,0
7220000,2044801,0.3%,1,1,0
7220000,2048005,0.3%,1,1,0
7220000,2049100,0.03%,1,1,0
7220001,4031793,99.9999%,1,1,3647
7220001,4000021,50%,1,1,0
7220001,4000172,36%,1,1,0
7220001,2060001,30%,1,1,0
7220001,2061001,30%,1,1,0
7220001,2000002,20%,1,1,0
7220001,2000003,20%,1,1,0
7220001,2002000,20%,1,1,0
7220001,2002002,20%,1,1,0
7220001,4004002,10%,1,1,0
7220001,4010004,9%,1,1,0
7220001,4020004,9%,1,1,0
7220001,2388009,2.5%,1,1,0
7220001,1002095,1.5%,1,1,0
7220001,1002254,1.5%,1,1,0
7220001,1002285,1.5%,1,1,0
7220001,1002289,1.5%,1,1,0
7220001,1002637,1.5%,1,1,0
7220001,4001002,1.3%,1,1,0
7220001,4310015,1%,1,1,0
7220001,1040103,0.8%,1,1,0
7220001,1040107,0.8%,1,1,0
7220001,1041099,0.8%,1,1,0
7220001,1041100,0.8%,1,1,0
7220001,1050064,0.7%,1,1,0
7220001,1050070,0.7%,1,1,0
7220001,1051055,0.7%,1,1,0
7220001,1051065,0.7%,1,1,0
7220001,1052122,0.7%,1,1,0
7220001,1082097,0.6%,1,1,0
7220001,1082100,0.6%,1,1,0
7220001,1082105,0.6%,1,1,0
7220001,1082108,0.6%,1,1,0
7220001,1082204,0.6%,1,1,0
7220001,1072156,0.48%,1,1,0
7220001,1072160,0.48%,1,1,0
7220001,1072161,0.48%,1,1,0
7220001,1072167,0.48%,1,1,0
7220001,1072309,0.48%,1,1,0
7220001,2040025,0.3%,1,1,0
7220001,2040301,0.3%,1,1,0
7220001,2040427,0.3%,1,1,0
7220001,2040501,0.3%,1,1,0
7220001,2040513,0.3%,1,1,0
7220001,2040625,0.3%,1,1,0
7220001,2040701,0.3%,1,1,0
7220001,2040804,0.3%,1,1,0
7220001,2040933,0.3%,1,1,0
7220001,2041010,0.3%,1,1,0
7220001,2041016,0.3%,1,1,0
7220001,2041017,0.3%,1,1,0
7220001,2043017,0.3%,1,1,0
7220001,2043301,0.3%,1,1,0
7220001,2043702,0.3%,1,1,0
7220001,2043801,0.3%,1,1,0
7220001,2044501,0.3%,1,1,0
7220001,2044702,0.3%,1,1,0
7220001,2044802,0.3%,1,1,0
7220001,2044901,0.3%,1,1,0
7220001,2070005,0.004%,1,1,0
7220002,4000289,36%,1,1,0
7220002,4000298,36%,1,1,0
7220002,2060001,30%,1,1,0
7220002,2061001,30%,1,1,0
7220002,2000002,20%,1,1,0
7220002,2000003,20%,1,1,0
7220002,2002002,20%,1,1,0
7220002,2002003,20%,1,1,0
7220002,2022149,20%,1,1,0
7220002,2022468,20%,1,1,0
7220002,2022468,20%,1,1,0
7220002,2022468,20%,1,1,0
7220002,2022468,20%,1,1,0
7220002,4003005,20%,1,1,0
7220002,4004004,10%,1,1,0
7220002,4010005,9%,1,1,0
7220002,4020008,9%,1,1,0
7220002,4031789,5.5%,1,1,0
7220002,2388013,2.5%,1,1,0
7220002,4001002,2%,1,1,0
7220002,4310015,2%,1,1,0
7220002,1902022,1%,1,1,0
7220002,1912016,1%,1,1,0
7220002,1302018,0.42%,1,1,0
7220002,1312011,0.42%,1,1,0
7220002,1322028,0.42%,1,1,0
7220002,1372016,0.42%,1,1,0
7220002,1382008,0.42%,1,1,0
7220002,1402004,0.42%,1,1,0
7220002,1412009,0.42%,1,1,0
7220002,1422012,0.42%,1,1,0
7220002,1442019,0.42%,1,1,0
7220002,1332023,0.3%,1,1,0
7220002,1432010,0.3%,1,1,0
7220002,1452015,0.3%,1,1,0
7220002,1462013,0.3%,1,1,0
7220002,1472031,0.3%,1,1,0
7220002,1482010,0.3%,1,1,0
7220002,1492010,0.3%,1,1,0
7220002,2040004,0.3%,1,1,0
7220002,2040402,0.3%,1,1,0
7220002,2040504,0.3%,1,1,0
7220002,2040514,0.3%,1,1,0
7220002,2040601,0.3%,1,1,0
7220002,2040619,0.3%,1,1,0
7220002,2040702,0.3%,1,1,0
7220002,2040801,0.3%,1,1,0
7220002,2041005,0.3%,1,1,0
7220002,2041010,0.3%,1,1,0
7220002,2043101,0.3%,1,1,0
7220002,2044001,0.3%,1,1,0
7220002,2044302,0.3%,1,1,0
7220002,2044414,0.3%,1,1,0
7220002,2044601,0.3%,1,1,0
7220002,2044902,0.3%,1,1,0
7220002,2049000,0.09%,1,1,0
8090000,4000418,36%,1,1,0
8090000,2385023,2.5%,1,1,0
8110300,4000355,36%,1,1,0
8110300,2000002,2%,1,1,0
8110300,2000006,2%,1,1,0
8110300,4004000,1%,1,1,0
8110300,4006000,1%,1,1,0
8110300,4010005,0.9%,1,1,0
8110300,4020005,0.9%,1,1,0
8110300,4130012,0.6%,1,1,0
8110300,4130013,0.6%,1,1,0
8110300,2000005,0.1%,1,1,0
8110300,2385008,0.1%,1,1,0
8110300,1002288,0.09%,1,1,0
8110300,1040107,0.08%,1,1,0
8110300,1060095,0.08%,1,1,0
8110300,1072158,0.08%,1,1,0
8110300,1082114,0.06%,1,1,0
8110300,1102031,0.06%,1,1,0
8110300,1452011,0.05%,1,1,0
8110300,1312010,0.045%,1,1,0
8110300,1442008,0.045%,1,1,0
8110300,2041005,0.03%,1,1,0
8110300,2044602,0.03%,1,1,0
8110300,2044807,0.03%,1,1,0
8110300,2044902,0.03%,1,1,0
8110300,2070005,0.004%,1,1,0
8130100,4031475,99.9999%,1,1,6153
8130100,4031466,50%,1,1,6107
8130100,2022468,30%,1,1,0
8130100,2022468,30%,1,1,0
8130100,2022468,30%,1,1,0
8130100,2022468,30%,1,1,0
8130100,2022468,30%,1,1,0
8130100,4021008,9%,1,1,0
8130100,2388026,2.5%,1,1,0
8130100,4001002,1.3%,1,1,0
8130100,1902035,1%,1,1,0
8130100,1912028,1%,1,1,0
8130100,1302012,0.8%,1,1,0
8130100,1312010,0.8%,1,1,0
8130100,1322019,0.8%,1,1,0
8130100,1332018,0.8%,1,1,0
8130100,1382007,0.8%,1,1,0
8130100,1402012,0.8%,1,1,0
8130100,1412008,0.8%,1,1,0
8130100,1422010,0.8%,1,1,0
8130100,1432007,0.8%,1,1,0
8130100,1442008,0.8%,1,1,0
8130100,1452009,0.8%,1,1,0
8130100,1462009,0.8%,1,1,0
8130100,1472026,0.8%,1,1,0
8130100,1092016,0.42%,1,1,0
8130100,1332019,0.3%,1,1,0
8130100,1482009,0.3%,1,1,0
8130100,1492009,0.3%,1,1,0
8130100,2040419,0.3%,1,1,0
8130100,2040622,0.3%,1,1,0
8130100,2043001,0.3%,1,1,0
8130100,2043101,0.3%,1,1,0
8130100,2043201,0.3%,1,1,0
8130100,2043701,0.3%,1,1,0
8130100,2043801,0.3%,1,1,0
8130100,2044001,0.3%,1,1,0
8130100,2044101,0.3%,1,1,0
8130100,2044201,0.3%,1,1,0
8130100,2044301,0.3%,1,1,0
8130100,2044401,0.3%,1,1,0
8130100,2044501,0.3%,1,1,0
8130100,2044601,0.3%,1,1,0
8130100,2044701,0.3%,1,1,0
8130100,2044801,0.3%,1,1,0
8130100,2044901,0.3%,1,1,0
8130100,2000004,0.15%,1,1,0
8130100,2000005,0.1%,1,1,0
8130100,2049000,0.09%,1,1,0
8130100,2070006,0.09%,1,1,0
8130100,2070007,0.08%,1,1,0
8140000,4000054,36%,1,1,0
8140000,4003005,20%,1,1,0
8140000,4031460,5%,1,1,6168
8140000,4004001,1%,1,1,0
8140000,4006001,1%,1,1,0
8140000,4031477,1%,1,1,0
8140000,4010001,0.9%,1,1,0
8140000,4010003,0.9%,1,1,0
8140000,4020006,0.9%,1,1,0
8140000,4020008,0.9%,1,1,0
8140000,4130007,0.6%,1,1,0
8140000,1032023,0.1%,1,1,0
8140000,2385006,0.1%,1,1,0
8140000,1002271,0.09%,1,1,0
8140000,1002275,0.09%,1,1,0
8140000,1002285,0.09%,1,1,0
8140000,1040104,0.08%,1,1,0
8140000,1060092,0.08%,1,1,0
8140000,1072172,0.08%,1,1,0
8140000,1072178,0.08%,1,1,0
8140000,1072193,0.08%,1,1,0
8140000,1072210,0.08%,1,1,0
8140000,1082129,0.06%,1,1,0
8140000,1102029,0.06%,1,1,0
8140000,1472028,0.05%,1,1,0
8140000,1482010,0.05%,1,1,0
8140000,1050064,0.045%,1,1,0
8140000,1050092,0.045%,1,1,0
8140000,1051053,0.045%,1,1,0
8140000,1051082,0.045%,1,1,0
8140000,1402004,0.045%,1,1,0
8140000,1442008,0.045%,1,1,0
8140000,2040825,0.03%,1,1,0
8140000,2040902,0.03%,1,1,0
8140000,2040933,0.03%,1,1,0
8140000,2044010,0.03%,1,1,0
8140000,2070006,0.002%,1,1,0
8140001,4000238,36%,1,1,0
8140001,2000002,2%,1,1,0
8140001,2000006,2%,1,1,0
8140001,4004000,1%,1,1,0
8140001,4006000,1%,1,1,0
8140001,4010005,0.9%,1,1,0
8140001,4020005,0.9%,1,1,0
8140001,4130004,0.6%,1,1,0
8140001,4130015,0.6%,1,1,0
8140001,4130016,0.6%,1,1,0
8140001,1342005,0.15%,1,1,0
8140001,2000005,0.1%,1,1,0
8140001,2385007,0.1%,1,1,0
8140001,1002288,0.09%,1,1,0
8140001,1040107,0.08%,1,1,0
8140001,1060095,0.08%,1,1,0
8140001,1072158,0.08%,1,1,0
8140001,1082114,0.06%,1,1,0
8140001,1102031,0.06%,1,1,0
8140001,1452011,0.05%,1,1,0
8140001,1492010,0.05%,1,1,0
8140001,1312010,0.045%,1,1,0
8140001,1442008,0.045%,1,1,0
8140001,2040318,0.03%,1,1,0
8140001,2040824,0.03%,1,1,0
8140001,2041005,0.03%,1,1,0
8140001,2044310,0.03%,1,1,0
8140001,2044602,0.03%,1,1,0
8140001,2044805,0.03%,1,1,0
8140001,2070005,0.004%,1,1,0
8140002,4000239,36%,1,1,0
8140002,4000240,36%,1,1,0
8140002,2000002,2%,1,1,0
8140002,2000006,2%,1,1,0
8140002,4004001,1%,1,1,0
8140002,4006001,1%,1,1,0
8140002,4010006,0.9%,1,1,0
8140002,4020007,0.9%,1,1,0
8140002,4130000,0.6%,1,1,0
8140002,4130002,0.6%,1,1,0
8140002,4130010,0.6%,1,1,0
8140002,2330003,0.4%,1,1,0
8140002,1342005,0.15%,1,1,0
8140002,1032022,0.1%,1,1,0
8140002,2000005,0.1%,1,1,0
8140002,2385011,0.1%,1,1,0
8140002,1002339,0.09%,1,1,0
8140002,1072173,0.08%,1,1,0
8140002,1082112,0.06%,1,1,0
8140002,1102030,0.06%,1,1,0
8140002,1462012,0.05%,1,1,0
8140002,1472029,0.05%,1,1,0
8140002,1051057,0.045%,1,1,0
8140002,1052125,0.045%,1,1,0
8140002,1382010,0.045%,1,1,0
8140002,2040026,0.03%,1,1,0
8140002,2040316,0.03%,1,1,0
8140002,2040707,0.03%,1,1,0
8140002,2043015,0.03%,1,1,0
8140002,2043301,0.03%,1,1,0
8140002,2049000,0.015%,1,1,0
8140002,2070005,0.004%,1,1,0
8140100,4000056,36%,1,1,0
8140100,4000057,36%,1,1,0
8140100,4003004,20%,1,1,0
8140100,2000006,2%,1,1,0
8140100,4004001,1%,1,1,0
8140100,4004003,1%,1,1,0
8140100,4004004,1%,1,1,0
8140100,4006000,1%,1,1,0
8140100,4010001,0.9%,1,1,0
8140100,4010003,0.9%,1,1,0
8140100,4020002,0.9%,1,1,0
8140100,4020007,0.9%,1,1,0
8140100,4130002,0.6%,1,1,0
8140100,4130003,0.6%,1,1,0
8140100,4130004,0.6%,1,1,0
8140100,4130009,0.6%,1,1,0
8140100,2000004,0.15%,1,1,0
8140100,1032013,0.1%,1,1,0
8140100,1032020,0.1%,1,1,0
8140100,2070004,0.1%,1,1,0
8140100,2385009,0.1%,1,1,0
8140100,1002217,0.09%,1,1,0
8140100,1002267,0.09%,1,1,0
8140100,1002283,0.09%,1,1,0
8140100,1040100,0.08%,1,1,0
8140100,1041092,0.08%,1,1,0
8140100,1060089,0.08%,1,1,0
8140100,1061091,0.08%,1,1,0
8140100,1072127,0.08%,1,1,0
8140100,1072131,0.08%,1,1,0
8140100,1072152,0.08%,1,1,0
8140100,1082095,0.06%,1,1,0
8140100,1082099,0.06%,1,1,0
8140100,1102021,0.06%,1,1,0
8140100,1332019,0.05%,1,1,0
8140100,1462009,0.05%,1,1,0
8140100,1472022,0.05%,1,1,0
8140100,1492009,0.05%,1,1,0
8140100,1050055,0.045%,1,1,0
8140100,1051030,0.045%,1,1,0
8140100,1051031,0.045%,1,1,0
8140100,1051034,0.045%,1,1,0
8140100,1092009,0.045%,1,1,0
8140100,1302011,0.045%,1,1,0
8140100,1302012,0.045%,1,1,0
8140100,1302018,0.045%,1,1,0
8140100,1412003,0.045%,1,1,0
8140100,1412007,0.045%,1,1,0
8140100,1422009,0.045%,1,1,0
8140100,2040318,0.03%,1,1,0
8140100,2040328,0.03%,1,1,0
8140100,2040512,0.03%,1,1,0
8140100,2040619,0.03%,1,1,0
8140100,2040927,0.03%,1,1,0
8140100,2043801,0.03%,1,1,0
8140100,2044001,0.03%,1,1,0
8140100,2044012,0.03%,1,1,0
8140100,2044802,0.03%,1,1,0
8140101,4000234,36%,1,1,0
8140101,2000002,2%,1,1,0
8140101,2000006,2%,1,1,0
8140101,4004003,1%,1,1,0
8140101,4006001,1%,1,1,0
8140101,4007001,1%,1,1,0
8140101,4010003,0.9%,1,1,0
8140101,4020001,0.9%,1,1,0
8140101,4130001,0.6%,1,1,0
8140101,4130007,0.6%,1,1,0
8140101,4031465,0.5%,1,1,6250
8140101,4031487,0.5%,1,1,6251
8140101,1032023,0.1%,1,1,0
8140101,2000005,0.1%,1,1,0
8140101,2385016,0.1%,1,1,0
8140101,1002328,0.09%,1,1,0
8140101,1002640,0.09%,1,1,0
8140101,1040109,0.08%,1,1,0
8140101,1060098,0.08%,1,1,0
8140101,1072179,0.08%,1,1,0
8140101,1082117,0.06%,1,1,0
8140101,1342006,0.05%,1,1,0
8140101,1452014,0.05%,1,1,0
8140101,1472053,0.05%,1,1,0
8140101,1092026,0.045%,1,1,0
8140101,1312030,0.045%,1,1,0
8140101,1382008,0.045%,1,1,0
8140101,1402035,0.045%,1,1,0
8140101,2040825,0.03%,1,1,0
8140101,2040901,0.03%,1,1,0
8140101,2048004,0.03%,1,1,0
8140102,4000232,36%,1,1,0
8140102,2000002,2%,1,1,0
8140102,2000006,2%,1,1,0
8140102,4004004,1%,1,1,0
8140102,4006000,1%,1,1,0
8140102,4010001,0.9%,1,1,0
8140102,4020000,0.9%,1,1,0
8140102,4130000,0.6%,1,1,0
8140102,4130002,0.6%,1,1,0
8140102,4130013,0.6%,1,1,0
8140102,4161015,0.6%,1,1,0
8140102,4031465,0.5%,1,1,6250
8140102,4031487,0.5%,1,1,6251
8140102,2331000,0.4%,1,1,0
8140102,1342005,0.15%,1,1,0
8140102,1032022,0.1%,1,1,0
8140102,2000005,0.1%,1,1,0
8140102,2385017,0.1%,1,1,0
8140102,1002274,0.09%,1,1,0
8140102,1002643,0.09%,1,1,0
8140102,1072211,0.08%,1,1,0
8140102,1082118,0.06%,1,1,0
8140102,1332023,0.05%,1,1,0
8140102,1432004,0.05%,1,1,0
8140102,1051068,0.045%,1,1,0
8140102,1092023,0.045%,1,1,0
8140102,1382035,0.045%,1,1,0
8140102,1402004,0.045%,1,1,0
8140102,1422027,0.045%,1,1,0
8140102,2040321,0.03%,1,1,0
8140102,2040622,0.03%,1,1,0
8140102,2040703,0.03%,1,1,0
8140102,2040805,0.03%,1,1,0
8140102,2044807,0.03%,1,1,0
8140102,1452019,0.005%,1,1,0
8140103,4000233,36%,1,1,0
8140103,2000002,2%,1,1,0
8140103,2000006,2%,1,1,0
8140103,4004002,1%,1,1,0
8140103,4006000,1%,1,1,0
8140103,4010000,0.9%,1,1,0
8140103,4020001,0.9%,1,1,0
8140103,4130005,0.6%,1,1,0
8140103,4130011,0.6%,1,1,0
8140103,4130017,0.6%,1,1,0
8140103,4161016,0.6%,1,1,0
8140103,4031465,0.5%,1,1,6250
8140103,4031487,0.5%,1,1,6251
8140103,2332000,0.4%,1,1,0
8140103,2000005,0.1%,1,1,0
8140103,2385018,0.1%,1,1,0
8140103,1002277,0.09%,1,1,0
8140103,1041106,0.08%,1,1,0
8140103,1061105,0.08%,1,1,0
8140103,1072177,0.08%,1,1,0
8140103,1082116,0.06%,1,1,0
8140103,1102032,0.06%,1,1,0
8140103,1332051,0.05%,1,1,0
8140103,1432011,0.05%,1,1,0
8140103,1452013,0.05%,1,1,0
8140103,1492010,0.05%,1,1,0
8140103,1322045,0.045%,1,1,0
8140103,1412009,0.045%,1,1,0
8140103,1412021,0.045%,1,1,0
8140103,1442019,0.045%,1,1,0
8140103,2040004,0.03%,1,1,0
8140103,2043701,0.03%,1,1,0
8140103,2044314,0.03%,1,1,0
8140110,4000241,36%,1,1,0
8140110,2000002,2%,1,1,0
8140110,2000006,2%,1,1,0
8140110,4004002,1%,1,1,0
8140110,4006000,1%,1,1,0
8140110,4007001,1%,1,1,0
8140110,4007003,1%,1,1,0
8140110,4010006,0.9%,1,1,0
8140110,4020008,0.9%,1,1,0
8140110,2000005,0.1%,1,1,0
8140110,2385014,0.1%,1,1,0
8140110,1002330,0.09%,1,1,0
8140110,1072185,0.08%,1,1,0
8140110,1082119,0.06%,1,1,0
8140110,1332052,0.05%,1,1,0
8140110,1342006,0.05%,1,1,0
8140110,1432010,0.05%,1,1,0
8140110,1452015,0.05%,1,1,0
8140110,1462013,0.05%,1,1,0
8140110,1482010,0.05%,1,1,0
8140110,1050083,0.045%,1,1,0
8140110,1092027,0.045%,1,1,0
8140110,1302056,0.045%,1,1,0
8140110,1372010,0.045%,1,1,0
8140110,2043802,0.03%,1,1,0
8140110,2044702,0.03%,1,1,0
8140110,2044801,0.03%,1,1,0
8140111,4000242,36%,1,1,0
8140111,4031413,10%,1,1,3712
8140111,2000002,2%,1,1,0
8140111,2000006,2%,1,1,0
8140111,4004003,1%,1,1,0
8140111,4006001,1%,1,1,0
8140111,4010003,0.9%,1,1,0
8140111,4020003,0.9%,1,1,0
8140111,4130001,0.6%,1,1,0
8140111,4130007,0.6%,1,1,0
8140111,4130012,0.6%,1,1,0
8140111,2330003,0.4%,1,1,0
8140111,1032023,0.1%,1,1,0
8140111,2000005,0.1%,1,1,0
8140111,2385019,0.1%,1,1,0
8140111,1002328,0.09%,1,1,0
8140111,1072183,0.08%,1,1,0
8140111,1082122,0.06%,1,1,0
8140111,1432030,0.05%,1,1,0
8140111,1462015,0.05%,1,1,0
8140111,1472031,0.05%,1,1,0
8140111,1482010,0.05%,1,1,0
8140111,1051080,0.045%,1,1,0
8140111,1092025,0.045%,1,1,0
8140111,1372016,0.045%,1,1,0
8140111,1442044,0.045%,1,1,0
8140111,2040323,0.03%,1,1,0
8140111,2041014,0.03%,1,1,0
8140111,2043214,0.03%,1,1,0
8140111,2044001,0.03%,1,1,0
8140111,2070006,0.002%,1,1,0
8140200,4031170,50%,1,1,7100
8140200,4000145,36%,1,1,0
8140200,4031175,35%,1,1,7101
8140200,2000006,2%,1,1,0
8140200,2002003,2%,1,1,0
8140200,2020014,2%,1,1,0
8140200,4004003,1%,1,1,0
8140200,4006001,1%,1,1,0
8140200,4010001,0.9%,1,1,0
8140200,4020001,0.9%,1,1,0
8140200,4130000,0.6%,1,1,0
8140200,4130014,0.6%,1,1,0
8140200,4130016,0.6%,1,1,0
8140200,2000004,0.15%,1,1,0
8140200,1032015,0.1%,1,1,0
8140200,1032022,0.1%,1,1,0
8140200,2384019,0.1%,1,1,0
8140200,1002270,0.09%,1,1,0
8140200,1040093,0.08%,1,1,0
8140200,1060082,0.08%,1,1,0
8140200,1072144,0.08%,1,1,0
8140200,1072159,0.08%,1,1,0
8140200,1072162,0.08%,1,1,0
8140200,1072182,0.08%,1,1,0
8140200,1082059,0.06%,1,1,0
8140200,1082104,0.06%,1,1,0
8140200,1082114,0.06%,1,1,0
8140200,1472022,0.05%,1,1,0
8140200,1482009,0.05%,1,1,0
8140200,1050054,0.045%,1,1,0
8140200,1050058,0.045%,1,1,0
8140200,1050073,0.045%,1,1,0
8140200,1051052,0.045%,1,1,0
8140200,1051062,0.045%,1,1,0
8140200,1322019,0.045%,1,1,0
8140200,2040302,0.03%,1,1,0
8140200,2040318,0.03%,1,1,0
8140200,2040802,0.03%,1,1,0
8140200,2040925,0.03%,1,1,0
8140300,4031170,50%,1,1,7100
8140300,4000146,36%,1,1,0
8140300,4031175,35%,1,1,7101
8140300,2000006,2%,1,1,0
8140300,4004004,1%,1,1,0
8140300,4006000,1%,1,1,0
8140300,4010005,0.9%,1,1,0
8140300,4020007,0.9%,1,1,0
8140300,4130016,0.6%,1,1,0
8140300,4130017,0.6%,1,1,0
8140300,2000004,0.15%,1,1,0
8140300,2385000,0.1%,1,1,0
8140300,1002252,0.09%,1,1,0
8140300,1002277,0.09%,1,1,0
8140300,1002288,0.09%,1,1,0
8140300,1002289,0.09%,1,1,0
8140300,1002340,0.09%,1,1,0
8140300,1040090,0.08%,1,1,0
8140300,1040107,0.08%,1,1,0
8140300,1040109,0.08%,1,1,0
8140300,1041096,0.08%,1,1,0
8140300,1041099,0.08%,1,1,0
8140300,1060079,0.08%,1,1,0
8140300,1060095,0.08%,1,1,0
8140300,1060098,0.08%,1,1,0
8140300,1061095,0.08%,1,1,0
8140300,1061098,0.08%,1,1,0
8140300,1072160,0.08%,1,1,0
8140300,1472027,0.05%,1,1,0
8140300,1492009,0.05%,1,1,0
8140300,1051043,0.045%,1,1,0
8140300,1051055,0.045%,1,1,0
8140300,1051057,0.045%,1,1,0
8140300,1322020,0.045%,1,1,0
8140300,1382010,0.045%,1,1,0
8140300,2040513,0.03%,1,1,0
8140300,2040622,0.03%,1,1,0
8140300,2040623,0.03%,1,1,0
8140300,2043110,0.03%,1,1,0
8140300,2044602,0.03%,1,1,0
8140300,2070005,0.004%,1,1,0
8140500,4000080,36%,1,1,0
8140500,4003005,20%,1,1,0
8140500,2000006,2%,1,1,0
8140500,4004000,1%,1,1,0
8140500,4007001,1%,1,1,0
8140500,4007007,1%,1,1,0
8140500,4020001,0.9%,1,1,0
8140500,4020007,0.9%,1,1,0
8140500,4130006,0.6%,1,1,0
8140500,4130014,0.6%,1,1,0
8140500,1032017,0.1%,1,1,0
8140500,2000005,0.1%,1,1,0
8140500,2385021,0.1%,1,1,0
8140500,1002340,0.09%,1,1,0
8140500,1040109,0.08%,1,1,0
8140500,1040115,0.08%,1,1,0
8140500,1060098,0.08%,1,1,0
8140500,1060104,0.08%,1,1,0
8140500,1072156,0.08%,1,1,0
8140500,1072164,0.08%,1,1,0
8140500,1072174,0.08%,1,1,0
8140500,1072195,0.08%,1,1,0
8140500,1072208,0.08%,1,1,0
8140500,1082096,0.06%,1,1,0
8140500,1082111,0.06%,1,1,0
8140500,1082117,0.06%,1,1,0
8140500,1082121,0.06%,1,1,0
8140500,1082126,0.06%,1,1,0
8140500,1452014,0.05%,1,1,0
8140500,1050070,0.045%,1,1,0
8140500,1050078,0.045%,1,1,0
8140500,1052125,0.045%,1,1,0
8140500,1092024,0.045%,1,1,0
8140500,1312011,0.045%,1,1,0
8140500,2041022,0.03%,1,1,0
8140500,2044001,0.03%,1,1,0
8140600,4000182,36%,1,1,0
8140600,4031251,30%,1,1,3076
8140600,4031256,10%,1,1,3076
8140600,2000006,2%,1,1,0
8140600,2020013,2%,1,1,0
8140600,2020015,2%,1,1,0
8140600,4004000,1%,1,1,0
8140600,4020001,0.9%,1,1,0
8140600,4020007,0.9%,1,1,0
8140600,4130010,0.6%,1,1,0
8140600,4130015,0.6%,1,1,0
8140600,4130016,0.6%,1,1,0
8140600,1032017,0.1%,1,1,0
8140600,2000005,0.1%,1,1,0
8140600,2386000,0.1%,1,1,0
8140600,1002324,0.09%,1,1,0
8140600,1040109,0.08%,1,1,0
8140600,1040111,0.08%,1,1,0
8140600,1060098,0.08%,1,1,0
8140600,1060100,0.08%,1,1,0
8140600,1072160,0.08%,1,1,0
8140600,1072194,0.08%,1,1,0
8140600,1072205,0.08%,1,1,0
8140600,1082108,0.06%,1,1,0
8140600,1082117,0.06%,1,1,0
8140600,1102030,0.06%,1,1,0
8140600,1452013,0.05%,1,1,0
8140600,1462008,0.05%,1,1,0
8140600,1472023,0.05%,1,1,0
8140600,1472028,0.05%,1,1,0
8140600,2290132,0.05%,1,1,0
8140600,2290146,0.05%,1,1,0
8140600,1052128,0.045%,1,1,0
8140600,2040401,0.03%,1,1,0
8140600,2040501,0.03%,1,1,0
8140600,2040513,0.03%,1,1,0
8140600,2040929,0.03%,1,1,0
8140600,2049100,0.03%,1,1,0
8140700,4031871,6%,1,1,6350
8140700,2290106,1%,1,1,0
8140700,4000262,0.36%,1,1,0
8140700,2000005,0.1%,1,1,0
8140700,2000006,0.1%,1,1,0
8140700,2385022,0.1%,1,1,0
8140700,4004000,0.1%,1,1,0
8140700,4020001,0.1%,1,1,0
8140700,4020007,0.1%,1,1,0
8140700,4130007,0.1%,1,1,0
8140700,4130012,0.1%,1,1,0
8140700,1002528,0.009%,1,1,0
8140700,1040117,0.008%,1,1,0
8140700,1041120,0.008%,1,1,0
8140700,1060106,0.008%,1,1,0
8140700,1061119,0.008%,1,1,0
8140700,1072204,0.008%,1,1,0
8140700,4000244,0.008%,1,1,0
8140700,4000245,0.008%,1,1,0
8140700,1082134,0.006%,1,1,0
8140700,1082207,0.006%,1,1,0
8140700,1472033,0.005%,1,1,0
8140700,1372009,0.0045%,1,1,0
8140700,2040515,0.003%,1,1,0
8140700,2041022,0.003%,1,1,0
8140700,2043801,0.003%,1,1,0
8140700,2044314,0.003%,1,1,0
8140700,2044805,0.003%,1,1,0
8140700,2044902,0.003%,1,1,0
8140701,4000263,36%,1,1,0
8140701,4031872,6%,1,1,6340
8140701,2000006,2%,1,1,0
8140701,2290122,1%,1,1,0
8140701,4004001,1%,1,1,0
8140701,4010001,0.9%,1,1,0
8140701,4020005,0.9%,1,1,0
8140701,4130003,0.6%,1,1,0
8140701,4130008,0.6%,1,1,0
8140701,2000005,0.1%,1,1,0
8140701,2386001,0.1%,1,1,0
8140701,1002365,0.09%,1,1,0
8140701,1040111,0.08%,1,1,0
8140701,1060100,0.08%,1,1,0
8140701,1072197,0.08%,1,1,0
8140701,1082144,0.06%,1,1,0
8140701,1082210,0.06%,1,1,0
8140701,1332027,0.05%,1,1,0
8140701,2290126,0.05%,1,1,0
8140701,2290140,0.05%,1,1,0
8140701,1051096,0.045%,1,1,0
8140701,1302023,0.045%,1,1,0
8140701,2040925,0.03%,1,1,0
8140701,2044101,0.03%,1,1,0
8140701,2044601,0.03%,1,1,0
8140701,4000244,0.008%,1,1,0
8140701,4000245,0.008%,1,1,0
8140702,4000264,36%,1,1,0
8140702,2000006,2%,1,1,0
8140702,2290112,1%,1,1,0
8140702,4004002,1%,1,1,0
8140702,4020003,0.9%,1,1,0
8140702,4020008,0.9%,1,1,0
8140702,4130004,0.6%,1,1,0
8140702,4130005,0.6%,1,1,0
8140702,4130015,0.6%,1,1,0
8140702,2000005,0.1%,1,1,0
8140702,2386005,0.1%,1,1,0
8140702,1002403,0.09%,1,1,0
8140702,1041117,0.08%,1,1,0
8140702,1061116,0.08%,1,1,0
8140702,1072206,0.08%,1,1,0
8140702,1082139,0.06%,1,1,0
8140702,1452017,0.05%,1,1,0
8140702,1492011,0.05%,1,1,0
8140702,1050092,0.045%,1,1,0
8140702,1050106,0.045%,1,1,0
8140702,1312015,0.045%,1,1,0
8140702,2040602,0.03%,1,1,0
8140702,2040621,0.03%,1,1,0
8140702,2043015,0.03%,1,1,0
8140702,2044701,0.03%,1,1,0
8140702,4000244,0.008%,1,1,0
8140702,4000245,0.008%,1,1,0
8140703,4000265,36%,1,1,0
8140703,2000006,2%,1,1,0
8140703,2290088,1%,1,1,0
8140703,2290099,1%,1,1,0
8140703,4004003,1%,1,1,0
8140703,4020006,0.9%,1,1,0
8140703,4020008,0.9%,1,1,0
8140703,2000005,0.1%,1,1,0
8140703,2386006,0.1%,1,1,0
8140703,1002325,0.09%,1,1,0
8140703,1002643,0.09%,1,1,0
8140703,1040120,0.08%,1,1,0
8140703,1060109,0.08%,1,1,0
8140703,1072212,0.08%,1,1,0
8140703,1082151,0.06%,1,1,0
8140703,1082159,0.06%,1,1,0
8140703,1050090,0.045%,1,1,0
8140703,1051082,0.045%,1,1,0
8140703,1322029,0.045%,1,1,0
8140703,1442020,0.045%,1,1,0
8140703,2040901,0.03%,1,1,0
8140703,2043801,0.03%,1,1,0
8140703,2044801,0.03%,1,1,0
8140703,4000244,0.008%,1,1,0
8140703,4000245,0.008%,1,1,0
8141000,4031170,50%,1,1,7100
8141000,4031175,45%,1,1,7101
8141000,4000134,36%,1,1,0
8141000,4031193,6%,1,1,3446
8141000,4031873,6%,1,1,6380
8141000,2000002,2%,1,1,0
8141000,2000006,2%,1,1,0
8141000,2290082,1%,1,1,0
8141000,2290097,1%,1,1,0
8141000,4004000,1%,1,1,0
8141000,4007002,1%,1,1,0
8141000,4010001,0.9%,1,1,0
8141000,4020008,0.9%,1,1,0
8141000,4130013,0.6%,1,1,0
8141000,2386002,0.1%,1,1,0
8141000,1002254,0.09%,1,1,0
8141000,1002278,0.09%,1,1,0
8141000,1002285,0.09%,1,1,0
8141000,1002327,0.09%,1,1,0
8141000,1040112,0.08%,1,1,0
8141000,1041106,0.08%,1,1,0
8141000,1041117,0.08%,1,1,0
8141000,1060101,0.08%,1,1,0
8141000,1061105,0.08%,1,1,0
8141000,1061116,0.08%,1,1,0
8141000,1072315,0.08%,1,1,0
8141000,1082115,0.06%,1,1,0
8141000,1082132,0.06%,1,1,0
8141000,1050072,0.045%,1,1,0
8141000,1050074,0.045%,1,1,0
8141000,1050076,0.045%,1,1,0
8141000,1050083,0.045%,1,1,0
8141000,1051063,0.045%,1,1,0
8141000,1051068,0.045%,1,1,0
8141000,1051079,0.045%,1,1,0
8141000,1322028,0.045%,1,1,0
8141000,1422010,0.045%,1,1,0
8141000,2040317,0.03%,1,1,0
8141000,2040929,0.03%,1,1,0
8141000,2044602,0.03%,1,1,0
8141000,2044802,0.03%,1,1,0
8141000,2044809,0.03%,1,1,0
8141000,2049000,0.015%,1,1,0
8141000,2070006,0.002%,1,1,0
8141100,4031170,50%,1,1,7100
8141100,4031175,45%,1,1,7101
8141100,4000135,36%,1,1,0
8141100,4031177,10%,1,1,7104
8141100,4031874,6%,1,1,6390
8141100,4031176,5%,1,1,7104
8141100,2000006,2%,1,1,0
8141100,4004004,1%,1,1,0
8141100,4006001,1%,1,1,0
8141100,4031178,1%,1,1,7104
8141100,4020008,0.9%,1,1,0
8141100,4130000,0.6%,1,1,0
8141100,4130010,0.6%,1,1,0
8141100,4130016,0.6%,1,1,0
8141100,4131003,0.6%,1,1,0
8141100,2000005,0.1%,1,1,0
8141100,2386009,0.1%,1,1,0
8141100,1002329,0.09%,1,1,0
8141100,1041116,0.08%,1,1,0
8141100,1061115,0.08%,1,1,0
8141100,1072165,0.08%,1,1,0
8141100,1072185,0.08%,1,1,0
8141100,1082105,0.06%,1,1,0
8141100,1082119,0.06%,1,1,0
8141100,1082134,0.06%,1,1,0
8141100,1462012,0.05%,1,1,0
8141100,1050077,0.045%,1,1,0
8141100,1050081,0.045%,1,1,0
8141100,1050093,0.045%,1,1,0
8141100,1051058,0.045%,1,1,0
8141100,1051080,0.045%,1,1,0
8141100,1051083,0.045%,1,1,0
8141100,1402015,0.045%,1,1,0
8141100,2040025,0.03%,1,1,0
8141100,2040031,0.03%,1,1,0
8141100,2040418,0.03%,1,1,0
8141100,2040427,0.03%,1,1,0
8141100,2040902,0.03%,1,1,0
8141100,2043002,0.03%,1,1,0
8141300,4000183,36%,1,1,0
8141300,2000002,2%,1,1,0
8141300,2002001,2%,1,1,0
8141300,2020013,2%,1,1,0
8141300,2020015,2%,1,1,0
8141300,2290098,1%,1,1,0
8141300,4004004,1%,1,1,0
8141300,4006000,1%,1,1,0
8141300,4007001,1%,1,1,0
8141300,4010006,0.9%,1,1,0
8141300,4020006,0.9%,1,1,0
8141300,4130006,0.6%,1,1,0
8141300,4130008,0.6%,1,1,0
8141300,4130014,0.6%,1,1,0
8141300,1032020,0.1%,1,1,0
8141300,2000005,0.1%,1,1,0
8141300,2386003,0.1%,1,1,0
8141300,1002271,0.09%,1,1,0
8141300,1002365,0.09%,1,1,0
8141300,1041119,0.08%,1,1,0
8141300,1061118,0.08%,1,1,0
8141300,1072183,0.08%,1,1,0
8141300,1072207,0.08%,1,1,0
8141300,1072224,0.08%,1,1,0
8141300,1102026,0.06%,1,1,0
8141300,1432007,0.05%,1,1,0
8141300,1452011,0.05%,1,1,0
8141300,1482011,0.05%,1,1,0
8141300,1050089,0.045%,1,1,0
8141300,1051083,0.045%,1,1,0
8141300,1092027,0.045%,1,1,0
8141300,1442008,0.045%,1,1,0
8141300,2040512,0.03%,1,1,0
8141300,2040601,0.03%,1,1,0
8141300,2040618,0.03%,1,1,0
8141300,2040627,0.03%,1,1,0
8141300,2040701,0.03%,1,1,0
8142000,4031170,50%,1,1,7100
8142000,4031175,45%,1,1,7101
8142000,4000149,36%,1,1,0
8142000,2000002,2%,1,1,0
8142000,2002001,2%,1,1,0
8142000,2020015,2%,1,1,0
8142000,4004004,1%,1,1,0
8142000,4006000,1%,1,1,0
8142000,4020003,0.9%,1,1,0
8142000,4130003,0.6%,1,1,0
8142000,4130009,0.6%,1,1,0
8142000,2000005,0.1%,1,1,0
8142000,2386004,0.1%,1,1,0
8142000,1002339,0.09%,1,1,0
8142000,1040110,0.08%,1,1,0
8142000,1040111,0.08%,1,1,0
8142000,1060099,0.08%,1,1,0
8142000,1060100,0.08%,1,1,0
8142000,1072212,0.08%,1,1,0
8142000,1082107,0.06%,1,1,0
8142000,1082112,0.06%,1,1,0
8142000,1082116,0.06%,1,1,0
8142000,1082133,0.06%,1,1,0
8142000,1332023,0.05%,1,1,0
8142000,1432007,0.05%,1,1,0
8142000,1452013,0.05%,1,1,0
8142000,1492011,0.05%,1,1,0
8142000,1050076,0.045%,1,1,0
8142000,1050091,0.045%,1,1,0
8142000,1051056,0.045%,1,1,0
8142000,1051067,0.045%,1,1,0
8142000,1051078,0.045%,1,1,0
8142000,1051096,0.045%,1,1,0
8142000,2040427,0.03%,1,1,0
8142000,2041022,0.03%,1,1,0
8142000,2044001,0.03%,1,1,0
8142100,4000184,36%,1,1,0
8142100,2000006,2%,1,1,0
8142100,2290032,1%,1,1,0
8142100,2290114,1%,1,1,0
8142100,4004001,1%,1,1,0
8142100,4006000,1%,1,1,0
8142100,4006001,1%,1,1,0
8142100,4007000,1%,1,1,0
8142100,4007006,1%,1,1,0
8142100,4007007,1%,1,1,0
8142100,4010004,0.9%,1,1,0
8142100,4020004,0.9%,1,1,0
8142100,4130000,0.6%,1,1,0
8142100,4130009,0.6%,1,1,0
8142100,1032017,0.1%,1,1,0
8142100,2000005,0.1%,1,1,0
8142100,1002325,0.09%,1,1,0
8142100,1040110,0.08%,1,1,0
8142100,1041118,0.08%,1,1,0
8142100,1060099,0.08%,1,1,0
8142100,1061117,0.08%,1,1,0
8142100,1072197,0.08%,1,1,0
8142100,1072220,0.08%,1,1,0
8142100,1050090,0.045%,1,1,0
8142100,1050095,0.045%,1,1,0
8142100,1051084,0.045%,1,1,0
8142100,1051097,0.045%,1,1,0
8142100,1092025,0.045%,1,1,0
8142100,1092026,0.045%,1,1,0
8142100,1092028,0.045%,1,1,0
8142100,1412009,0.045%,1,1,0
8142100,1422010,0.045%,1,1,0
8142100,2040318,0.03%,1,1,0
8142100,2040801,0.03%,1,1,0
8142100,2040804,0.03%,1,1,0
8142100,2043019,0.03%,1,1,0
8143000,4031170,50%,1,1,7100
8143000,4031175,45%,1,1,7101
8143000,4000150,36%,1,1,0
8143000,4031177,10%,1,1,7104
8143000,4031176,5%,1,1,7104
8143000,2000002,2%,1,1,0
8143000,2002002,2%,1,1,0
8143000,2022003,2%,1,1,0
8143000,4006001,1%,1,1,0
8143000,4007002,1%,1,1,0
8143000,4031178,1%,1,1,7104
8143000,4010001,0.9%,1,1,0
8143000,4010002,0.9%,1,1,0
8143000,4130011,0.6%,1,1,0
8143000,4130016,0.6%,1,1,0
8143000,4130017,0.6%,1,1,0
8143000,2000005,0.1%,1,1,0
8143000,2386010,0.1%,1,1,0
8143000,1002283,0.09%,1,1,0
8143000,1002328,0.09%,1,1,0
8143000,1002402,0.09%,1,1,0
8143000,4001107,0.09%,1,1,0
8143000,1040116,0.08%,1,1,0
8143000,1041119,0.08%,1,1,0
8143000,1060105,0.08%,1,1,0
8143000,1061118,0.08%,1,1,0
8143000,1072179,0.08%,1,1,0
8143000,1072183,0.08%,1,1,0
8143000,1082117,0.06%,1,1,0
8143000,1082120,0.06%,1,1,0
8143000,1082122,0.06%,1,1,0
8143000,1082130,0.06%,1,1,0
8143000,1462010,0.05%,1,1,0
8143000,1050064,0.045%,1,1,0
8143000,1051084,0.045%,1,1,0
8143000,1051094,0.045%,1,1,0
8143000,1092016,0.045%,1,1,0
8143000,1422012,0.045%,1,1,0
8143000,2040401,0.03%,1,1,0
8143000,2043019,0.03%,1,1,0
8143000,2044702,0.03%,1,1,0
8150000,4001111,99.9999%,1,1,0
8150000,2040002,50%,1,1,0
8150000,2040005,50%,1,1,0
8150000,2040029,50%,1,1,0
8150000,2040302,50%,1,1,0
8150000,2040402,50%,1,1,0
8150000,2040425,50%,1,1,0
8150000,2040502,50%,1,1,0
8150000,2040505,50%,1,1,0
8150000,2040602,50%,1,1,0
8150000,2040702,50%,1,1,0
8150000,2040705,50%,1,1,0
8150000,2040708,50%,1,1,0
8150000,2040802,50%,1,1,0
8150000,2040805,50%,1,1,0
8150000,2040902,50%,1,1,0
8150000,2043002,50%,1,1,0
8150000,2043102,50%,1,1,0
8150000,2043202,50%,1,1,0
8150000,2043212,50%,1,1,0
8150000,2043302,50%,1,1,0
8150000,2043702,50%,1,1,0
8150000,2043802,50%,1,1,0
8150000,2044002,50%,1,1,0
8150000,2044102,50%,1,1,0
8150000,2044202,50%,1,1,0
8150000,2044302,50%,1,1,0
8150000,2044402,50%,1,1,0
8150000,2044502,50%,1,1,0
8150000,2044602,50%,1,1,0
8150000,2044702,50%,1,1,0
8150000,2044802,50%,1,1,0
8150000,2044902,50%,1,1,0
8150000,2070007,50%,1,1,0
8150000,2022468,20%,1,1,0
8150000,2022468,20%,1,1,0
8150000,2022468,20%,1,1,0
8150000,2022468,20%,1,1,0
8150000,2040807,5%,1,1,0
8150000,2043003,5%,1,1,0
8150000,2043303,5%,1,1,0
8150000,2043703,5%,1,1,0
8150000,2043803,5%,1,1,0
8150000,2044003,5%,1,1,0
8150000,2044103,5%,1,1,0
8150000,2044303,5%,1,1,0
8150000,2044403,5%,1,1,0
8150000,2044503,5%,1,1,0
8150000,2044603,5%,1,1,0
8150000,2044703,5%,1,1,0
8150000,2044815,5%,1,1,0
8150000,2044908,5%,1,1,0
8150000,2002031,3%,1,1,0
8150000,2010006,3%,1,1,0
8150000,4001228,3%,1,1,0
8150000,1902055,1%,1,1,0
8150000,1912048,1%,1,1,0
8150100,4000180,36%,1,1,0
8150100,2000006,2%,1,1,0
8150100,2020013,2%,1,1,0
8150100,2022003,2%,1,1,0
8150100,2290118,1%,1,1,0
8150100,4004002,1%,1,1,0
8150100,4006000,1%,1,1,0
8150100,4006001,1%,1,1,0
8150100,4031252,1%,1,1,3078
8150100,4031254,1%,1,1,3078
8150100,4031255,1%,1,1,3078
8150100,4010005,0.9%,1,1,0
8150100,4130006,0.6%,1,1,0
8150100,4130007,0.6%,1,1,0
8150100,4161018,0.6%,1,1,0
8150100,1032017,0.1%,1,1,0
8150100,2000005,0.1%,1,1,0
8150100,2386012,0.1%,1,1,0
8150100,4161018,0.1%,1,1,0
8150100,1002366,0.09%,1,1,0
8150100,1002405,0.09%,1,1,0
8150100,1040112,0.08%,1,1,0
8150100,1060101,0.08%,1,1,0
8150100,1072192,0.08%,1,1,0
8150100,1072204,0.08%,1,1,0
8150100,1072214,0.08%,1,1,0
8150100,1072315,0.08%,1,1,0
8150100,1082142,0.06%,1,1,0
8150100,1332022,0.05%,1,1,0
8150100,1052131,0.045%,1,1,0
8150100,1322028,0.045%,1,1,0
8150100,2040901,0.03%,1,1,0
8150100,2041001,0.03%,1,1,0
8150100,2041013,0.03%,1,1,0
8150100,2044902,0.03%,1,1,0
8150101,4000181,36%,1,1,0
8150101,2000006,2%,1,1,0
8150101,2020013,2%,1,1,0
8150101,2022003,2%,1,1,0
8150101,2290042,1%,1,1,0
8150101,2290052,1%,1,1,0
8150101,2290102,1%,1,1,0
8150101,4006000,1%,1,1,0
8150101,4006001,1%,1,1,0
8150101,4031252,1%,1,1,3078
8150101,4031254,1%,1,1,3078
8150101,4031255,1%,1,1,3078
8150101,4010002,0.9%,1,1,0
8150101,4020007,0.9%,1,1,0
8150101,4130009,0.6%,1,1,0
8150101,4130010,0.6%,1,1,0
8150101,4161018,0.6%,1,1,0
8150101,1032023,0.1%,1,1,0
8150101,2000005,0.1%,1,1,0
8150101,2386014,0.1%,1,1,0
8150101,1002326,0.09%,1,1,0
8150101,1002403,0.09%,1,1,0
8150101,1040117,0.08%,1,1,0
8150101,1060106,0.08%,1,1,0
8150101,1072193,0.08%,1,1,0
8150101,1072203,0.08%,1,1,0
8150101,1072223,0.08%,1,1,0
8150101,1072318,0.08%,1,1,0
8150101,1082143,0.06%,1,1,0
8150101,1302018,0.045%,1,1,0
8150101,1312011,0.045%,1,1,0
8150101,2040301,0.03%,1,1,0
8150101,2040420,0.03%,1,1,0
8150101,2040931,0.03%,1,1,0
8150101,2041022,0.03%,1,1,0
8150101,2043001,0.03%,1,1,0
8150200,4001079,66.6666%,1,1,0
8150200,4000266,36%,1,1,0
8150200,4001079,6%,1,1,7303
8150200,4001075,5%,1,1,7301
8150200,4001103,5%,1,1,7303
8150200,2000006,2%,1,1,0
8150200,2020015,2%,1,1,0
8150200,2022003,2%,1,1,0
8150200,2290100,1%,1,1,0
8150200,4004004,1%,1,1,0
8150200,4007000,1%,1,1,0
8150200,4007007,1%,1,1,0
8150200,4010002,0.9%,1,1,0
8150200,4010005,0.9%,1,1,0
8150200,4130005,0.6%,1,1,0
8150200,2000005,0.1%,1,1,0
8150200,2386011,0.1%,1,1,0
8150200,2290135,0.05%,1,1,0
8150200,2290149,0.05%,1,1,0
8150200,2040001,0.03%,1,1,0
8150200,2040425,0.03%,1,1,0
8150200,2043301,0.03%,1,1,0
8150200,1002529,0.015%,1,1,0
8150200,1002646,0.015%,1,1,0
8150200,1082135,0.01%,1,1,0
8150200,1082210,0.01%,1,1,0
8150200,1072194,0.008%,1,1,0
8150200,4000244,0.008%,1,1,0
8150200,4000245,0.008%,1,1,0
8150200,1050102,0.007%,1,1,0
8150200,1051092,0.007%,1,1,0
8150200,1051105,0.007%,1,1,0
8150200,1092026,0.007%,1,1,0
8150200,1402005,0.007%,1,1,0
8150200,1462018,0.005%,1,1,0
8150201,4001078,50%,1,1,7301
8150201,4000267,36%,1,1,0
8150201,4031414,10%,1,1,3712
8150201,4001075,5%,1,1,7301
8150201,4001103,5%,1,1,7303
8150201,2000006,2%,1,1,0
8150201,2020013,2%,1,1,0
8150201,2022003,2%,1,1,0
8150201,2290004,1%,1,1,0
8150201,2290006,1%,1,1,0
8150201,2290024,1%,1,1,0
8150201,2290036,1%,1,1,0
8150201,2290056,1%,1,1,0
8150201,2290072,1%,1,1,0
8150201,2290078,1%,1,1,0
8150201,2290117,1%,1,1,0
8150201,4004004,1%,1,1,0
8150201,4007003,1%,1,1,0
8150201,4010001,0.9%,1,1,0
8150201,4020002,0.9%,1,1,0
8150201,4130002,0.6%,1,1,0
8150201,4130015,0.6%,1,1,0
8150201,4130017,0.6%,1,1,0
8150201,2000005,0.1%,1,1,0
8150201,2386016,0.1%,1,1,0
8150201,2040618,0.03%,1,1,0
8150201,2044012,0.03%,1,1,0
8150201,2044210,0.03%,1,1,0
8150201,2044802,0.03%,1,1,0
8150201,2049100,0.03%,1,1,0
8150201,4001077,0.03%,1,1,0
8150201,1002530,0.015%,1,1,0
8150201,1082136,0.01%,1,1,0
8150201,1082158,0.01%,1,1,0
8150201,1492012,0.01%,1,1,0
8150201,1041122,0.008%,1,1,0
8150201,1061121,0.008%,1,1,0
8150201,1072208,0.008%,1,1,0
8150201,4000244,0.008%,1,1,0
8150201,4000245,0.008%,1,1,0
8150201,1050098,0.007%,1,1,0
8150201,1051101,0.007%,1,1,0
8150201,1092027,0.007%,1,1,0
8150201,1382035,0.007%,1,1,0
8150201,1402016,0.007%,1,1,0
8150201,2040302,0.003%,1,1,0
8150201,2040501,0.003%,1,1,0
8150300,4000268,36%,1,1,0
8150300,4001077,6%,1,1,7301
8150300,4001105,6%,1,1,7303
8150300,4031449,2%,1,1,6120
8150300,4031482,2%,1,1,6121
8150300,4031483,2%,1,1,6122
8150300,4031484,2%,1,1,6123
8150300,4031485,2%,1,1,6124
8150300,2290120,1%,1,1,0
8150300,4004002,1%,1,1,0
8150300,4006001,1%,1,1,0
8150300,4010001,0.9%,1,1,0
8150300,4020000,0.9%,1,1,0
8150300,4130002,0.6%,1,1,0
8150300,4130005,0.6%,1,1,0
8150300,4130013,0.6%,1,1,0
8150300,2000005,0.1%,1,1,0
8150300,2386008,0.1%,1,1,0
8150300,2290127,0.05%,1,1,0
8150300,2290141,0.05%,1,1,0
8150300,2040516,0.03%,1,1,0
8150300,2040701,0.03%,1,1,0
8150300,2043002,0.03%,1,1,0
8150300,2043114,0.03%,1,1,0
8150300,2044901,0.03%,1,1,0
8150300,2000006,0.02%,1,1,0
8150300,1002365,0.015%,1,1,0
8150300,1082129,0.01%,1,1,0
8150300,1041118,0.008%,1,1,0
8150300,1061116,0.008%,1,1,0
8150300,1072223,0.008%,1,1,0
8150300,4000244,0.008%,1,1,0
8150300,4000245,0.008%,1,1,0
8150300,1050089,0.007%,1,1,0
8150300,1052128,0.007%,1,1,0
8150300,1452017,0.005%,1,1,0
8150301,4000269,36%,1,1,0
8150301,4001077,6%,1,1,7301
8150301,4001105,6%,1,1,7303
8150301,2000006,2%,1,1,0
8150301,2022003,2%,1,1,0
8150301,4031449,2%,1,1,6120
8150301,4031482,2%,1,1,6121
8150301,4031483,2%,1,1,6122
8150301,4031484,2%,1,1,6123
8150301,4031485,2%,1,1,6124
8150301,2290101,1%,1,1,0
8150301,4004003,1%,1,1,0
8150301,4006000,1%,1,1,0
8150301,4010004,0.9%,1,1,0
8150301,4020005,0.9%,1,1,0
8150301,4130004,0.6%,1,1,0
8150301,4130013,0.6%,1,1,0
8150301,2000005,0.1%,1,1,0
8150301,2386013,0.1%,1,1,0
8150301,2290154,0.05%,1,1,0
8150301,2040001,0.03%,1,1,0
8150301,2040401,0.03%,1,1,0
8150301,2040924,0.03%,1,1,0
8150301,2044001,0.03%,1,1,0
8150301,1002532,0.015%,1,1,0
8150301,1082143,0.01%,1,1,0
8150301,1082213,0.01%,1,1,0
8150301,1072227,0.008%,1,1,0
8150301,4000244,0.008%,1,1,0
8150301,4000245,0.008%,1,1,0
8150301,1050094,0.007%,1,1,0
8150301,1051105,0.007%,1,1,0
8150301,1372010,0.007%,1,1,0
8150301,1422013,0.007%,1,1,0
8150302,4000270,36%,1,1,0
8150302,4031415,10%,1,1,3712
8150302,4001077,6%,1,1,7301
8150302,4001105,6%,1,1,7303
8150302,2020013,2%,1,1,0
8150302,2022003,2%,1,1,0
8150302,4031449,2%,1,1,6120
8150302,4031482,2%,1,1,6121
8150302,4031483,2%,1,1,6122
8150302,4031484,2%,1,1,6123
8150302,4031485,2%,1,1,6124
8150302,2290010,1%,1,1,0
8150302,2290019,1%,1,1,0
8150302,2290026,1%,1,1,0
8150302,2290076,1%,1,1,0
8150302,2290119,1%,1,1,0
8150302,4004000,1%,1,1,0
8150302,4006000,1%,1,1,0
8150302,4006001,1%,1,1,0
8150302,4010005,0.9%,1,1,0
8150302,4020002,0.9%,1,1,0
8150302,4130009,0.6%,1,1,0
8150302,4130014,0.6%,1,1,0
8150302,4130017,0.6%,1,1,0
8150302,4131004,0.6%,1,1,0
8150302,1902053,0.1%,1,1,0
8150302,1912046,0.1%,1,1,0
8150302,2000005,0.1%,1,1,0
8150302,2386015,0.1%,1,1,0
8150302,2290128,0.05%,1,1,0
8150302,2290142,0.05%,1,1,0
8150302,2040302,0.03%,1,1,0
8150302,2044301,0.03%,1,1,0
8150302,2044402,0.03%,1,1,0
8150302,2000006,0.02%,1,1,0
8150302,1002531,0.015%,1,1,0
8150302,1082127,0.01%,1,1,0
8150302,1040115,0.008%,1,1,0
8150302,1060107,0.008%,1,1,0
8150302,1072214,0.008%,1,1,0
8150302,4000244,0.008%,1,1,0
8150302,4000245,0.008%,1,1,0
8150302,1051095,0.007%,1,1,0
8150302,1442020,0.007%,1,1,0
8150302,1332027,0.005%,1,1,0
8150302,1482012,0.005%,1,1,0
8160000,4031175,60%,1,1,7101
8160000,4031170,50%,1,1,7100
8160000,4000151,36%,1,1,0
8160000,4031172,20%,1,1,7103
8160000,4031474,5%,1,1,6295
8160000,2000006,2%,1,1,0
8160000,2022003,2%,1,1,0
8160000,4031473,2%,1,1,6226
8160000,4031496,2%,1,1,6316
8160000,4004003,1%,1,1,0
8160000,4006000,1%,1,1,0
8160000,4010001,0.9%,1,1,0
8160000,4020002,0.9%,1,1,0
8160000,4130003,0.6%,1,1,0
8160000,4130004,0.6%,1,1,0
8160000,4130014,0.6%,1,1,0
8160000,1032023,0.1%,1,1,0
8160000,2387000,0.1%,1,1,0
8160000,1002329,0.09%,1,1,0
8160000,1002403,0.09%,1,1,0
8160000,1040118,0.08%,1,1,0
8160000,1041120,0.08%,1,1,0
8160000,1060107,0.08%,1,1,0
8160000,1061119,0.08%,1,1,0
8160000,1072179,0.08%,1,1,0
8160000,1072213,0.08%,1,1,0
8160000,1082123,0.06%,1,1,0
8160000,1452015,0.05%,1,1,0
8160000,1462009,0.05%,1,1,0
8160000,1472028,0.05%,1,1,0
8160000,1472031,0.05%,1,1,0
8160000,1050062,0.045%,1,1,0
8160000,1050081,0.045%,1,1,0
8160000,1051079,0.045%,1,1,0
8160000,1051095,0.045%,1,1,0
8160000,1052131,0.045%,1,1,0
8160000,1092015,0.045%,1,1,0
8160000,1092026,0.045%,1,1,0
8160000,1442019,0.045%,1,1,0
8160000,2040602,0.03%,1,1,0
8160000,2040705,0.03%,1,1,0
8160000,2040924,0.03%,1,1,0
8160000,2280007,0.002%,1,1,0
8170000,4031175,60%,1,1,7101
8170000,4031170,50%,1,1,7100
8170000,4000152,36%,1,1,0
8170000,4031172,20%,1,1,7103
8170000,4031453,5%,1,1,6291
8170000,2002001,2%,1,1,0
8170000,4004004,1%,1,1,0
8170000,4006001,1%,1,1,0
8170000,4031458,1%,1,1,6231
8170000,4010004,0.9%,1,1,0
8170000,4010005,0.9%,1,1,0
8170000,4020008,0.9%,1,1,0
8170000,4130001,0.6%,1,1,0
8170000,4130003,0.6%,1,1,0
8170000,4130008,0.6%,1,1,0
8170000,1032017,0.1%,1,1,0
8170000,2000005,0.1%,1,1,0
8170000,2387001,0.1%,1,1,0
8170000,1002281,0.09%,1,1,0
8170000,1002404,0.09%,1,1,0
8170000,4001112,0.09%,1,1,0
8170000,1040113,0.08%,1,1,0
8170000,1041107,0.08%,1,1,0
8170000,1060102,0.08%,1,1,0
8170000,1061106,0.08%,1,1,0
8170000,1072177,0.08%,1,1,0
8170000,1072178,0.08%,1,1,0
8170000,1072211,0.08%,1,1,0
8170000,1072227,0.08%,1,1,0
8170000,1102031,0.06%,1,1,0
8170000,1332018,0.05%,1,1,0
8170000,1332019,0.05%,1,1,0
8170000,1452012,0.05%,1,1,0
8170000,1462013,0.05%,1,1,0
8170000,1050072,0.045%,1,1,0
8170000,1050083,0.045%,1,1,0
8170000,1050095,0.045%,1,1,0
8170000,1051069,0.045%,1,1,0
8170000,1092017,0.045%,1,1,0
8170000,1092027,0.045%,1,1,0
8170000,2040512,0.03%,1,1,0
8170000,2040702,0.03%,1,1,0
8170000,2040802,0.03%,1,1,0
8170000,2000006,0.02%,1,1,0
8170000,2280008,0.02%,1,1,0
8180000,4001076,100%,1,1,7301
8180000,4001104,100%,1,1,7303
8180000,2022468,30%,1,1,0
8180000,2022468,30%,1,1,0
8180000,2022468,30%,1,1,0
8180000,2022468,30%,1,1,0
8180000,2022468,30%,1,1,0
8180000,4251200,15%,1,1,0
8180000,4000235,10%,1,1,0
8180000,4004000,10%,1,1,0
8180000,4004001,10%,1,1,0
8180000,4004002,10%,1,1,0
8180000,4004003,10%,1,1,0
8180000,4251201,10%,1,1,0
8180000,4251202,5%,1,1,0
8180000,4031343,3.8%,1,1,6904
8180000,4031511,3.8%,1,1,6904
8180000,4031511,3.8%,1,1,6914
8180000,4031514,3.8%,1,1,6924
8180000,4031517,3.8%,1,1,6934
8180000,4031860,3.8%,1,1,6944
8180000,2388018,2.5%,1,1,0
8180000,4001002,2%,1,1,0
8180000,4310015,2%,1,1,0
8180000,1302056,1.2%,1,1,0
8180000,1312030,1.2%,1,1,0
8180000,1322045,1.2%,1,1,0
8180000,1332051,1.2%,1,1,0
8180000,1332052,1.2%,1,1,0
8180000,1372010,1.2%,1,1,0
8180000,1382035,1.2%,1,1,0
8180000,1402035,1.2%,1,1,0
8180000,1412021,1.2%,1,1,0
8180000,1422027,1.2%,1,1,0
8180000,1432030,1.2%,1,1,0
8180000,1442044,1.2%,1,1,0
8180000,1452019,1.2%,1,1,0
8180000,1462015,1.2%,1,1,0
8180000,1472053,1.2%,1,1,0
8180000,1902063,1%,1,1,0
8180000,1912056,1%,1,1,0
8180000,2290003,1%,1,1,0
8180000,2290015,1%,1,1,0
8180000,2290030,1%,1,1,0
8180000,2290035,1%,1,1,0
8180000,2290036,1%,1,1,0
8180000,2290063,1%,1,1,0
8180000,2290080,1%,1,1,0
8180000,2290098,1%,1,1,0
8180000,2290101,1%,1,1,0
8180000,2290117,1%,1,1,0
8180000,2290130,0.5%,1,1,0
8180000,1482012,0.3%,1,1,0
8180000,1492012,0.3%,1,1,0
8180000,2040328,0.3%,1,1,0
8180000,2040805,0.3%,1,1,0
8180000,2040824,0.3%,1,1,0
8180000,2043001,0.3%,1,1,0
8180000,2043101,0.3%,1,1,0
8180000,2043112,0.3%,1,1,0
8180000,2043201,0.3%,1,1,0
8180000,2043301,0.3%,1,1,0
8180000,2043701,0.3%,1,1,0
8180000,2043801,0.3%,1,1,0
8180000,2044001,0.3%,1,1,0
8180000,2044014,0.3%,1,1,0
8180000,2044101,0.3%,1,1,0
8180000,2044201,0.3%,1,1,0
8180000,2044301,0.3%,1,1,0
8180000,2044401,0.3%,1,1,0
8180000,2044701,0.3%,1,1,0
8180000,2044801,0.3%,1,1,0
8180000,2044901,0.3%,1,1,0
8180000,2000004,0.15%,1,1,0
8180000,2000005,0.1%,1,1,0
8180000,2049000,0.09%,1,1,0
8180000,1372035,0.05%,1,1,0
8180000,1372036,0.05%,1,1,0
8180000,2290144,0.05%,1,1,0
8180000,4000244,0.05%,1,1,0
8180000,4000245,0.05%,1,1,0
8180001,4031464,100%,1,1,6303
8180001,4031479,99.9999%,1,1,6151
8180001,4031457,40%,1,1,6231
8180001,4031861,40%,1,1,6944
8180001,2022468,30%,1,1,0
8180001,2022468,30%,1,1,0
8180001,2022468,30%,1,1,0
8180001,2022468,30%,1,1,0
8180001,2022468,30%,1,1,0
8180001,4251200,15%,1,1,0
8180001,4000243,10%,1,1,0
8180001,4004000,10%,1,1,0
8180001,4004001,10%,1,1,0
8180001,4004002,10%,1,1,0
8180001,4004003,10%,1,1,0
8180001,4251201,10%,1,1,0
8180001,4251202,5%,1,1,0
8180001,4031344,3.8%,1,1,6904
8180001,4031511,3.8%,1,1,6904
8180001,4031512,3.8%,1,1,6914
8180001,4031515,3.8%,1,1,6924
8180001,4031518,3.8%,1,1,6934
8180001,2388019,2.5%,1,1,0
8180001,1302056,1.2%,1,1,0
8180001,1312030,1.2%,1,1,0
8180001,1322045,1.2%,1,1,0
8180001,1332051,1.2%,1,1,0
8180001,1332052,1.2%,1,1,0
8180001,1372010,1.2%,1,1,0
8180001,1382035,1.2%,1,1,0
8180001,1402035,1.2%,1,1,0
8180001,1412021,1.2%,1,1,0
8180001,1422027,1.2%,1,1,0
8180001,1432030,1.2%,1,1,0
8180001,1442044,1.2%,1,1,0
8180001,1452019,1.2%,1,1,0
8180001,1462015,1.2%,1,1,0
8180001,1472053,1.2%,1,1,0
8180001,1902024,1%,1,1,0
8180001,1912017,1%,1,1,0
8180001,2290018,1%,1,1,0
8180001,2290019,1%,1,1,0
8180001,2290032,1%,1,1,0
8180001,2290042,1%,1,1,0
8180001,2290059,1%,1,1,0
8180001,2290069,1%,1,1,0
8180001,2290072,1%,1,1,0
8180001,2290092,1%,1,1,0
8180001,2290100,1%,1,1,0
8180001,2290102,1%,1,1,0
8180001,2290119,1%,1,1,0
8180001,2290128,0.5%,1,1,0
8180001,4000244,0.5%,1,1,0
8180001,4000245,0.5%,1,1,0
8180001,1482012,0.3%,1,1,0
8180001,1492012,0.3%,1,1,0
8180001,2040002,0.3%,1,1,0
8180001,2040005,0.3%,1,1,0
8180001,2040302,0.3%,1,1,0
8180001,2040402,0.3%,1,1,0
8180001,2040502,0.3%,1,1,0
8180001,2040505,0.3%,1,1,0
8180001,2040513,0.3%,1,1,0
8180001,2040516,0.3%,1,1,0
8180001,2040532,0.3%,1,1,0
8180001,2040602,0.3%,1,1,0
8180001,2040618,0.3%,1,1,0
8180001,2040702,0.3%,1,1,0
8180001,2040705,0.3%,1,1,0
8180001,2040708,0.3%,1,1,0
8180001,2040802,0.3%,1,1,0
8180001,2040902,0.3%,1,1,0
8180001,2040925,0.3%,1,1,0
8180001,2043114,0.3%,1,1,0
8180001,2043214,0.3%,1,1,0
8180001,2044112,0.3%,1,1,0
8180001,2000004,0.15%,1,1,0
8180001,2000005,0.1%,1,1,0
8180001,1342008,0.05%,1,1,0
8180001,1372037,0.05%,1,1,0
8180001,1372038,0.05%,1,1,0
8180001,2290142,0.05%,1,1,0
8180001,2049100,0.03%,1,1,0
8190000,4000272,36%,1,1,0
8190000,2020013,2%,1,1,0
8190000,2022003,2%,1,1,0
8190000,2290030,1%,1,1,0
8190000,2290044,1%,1,1,0
8190000,2290054,1%,1,1,0
8190000,2290066,1%,1,1,0
8190000,2290092,1%,1,1,0
8190000,2290103,1%,1,1,0
8190000,4004001,1%,1,1,0
8190000,4006000,1%,1,1,0
8190000,4006001,1%,1,1,0
8190000,4007000,1%,1,1,0
8190000,4007005,1%,1,1,0
8190000,4010000,0.9%,1,1,0
8190000,4020004,0.9%,1,1,0
8190000,4130004,0.6%,1,1,0
8190000,4130006,0.6%,1,1,0
8190000,4130008,0.6%,1,1,0
8190000,2000005,0.1%,1,1,0
8190000,2386017,0.1%,1,1,0
8190000,2040004,0.03%,1,1,0
8190000,2040419,0.03%,1,1,0
8190000,2044110,0.03%,1,1,0
8190000,2044702,0.03%,1,1,0
8190000,2000006,0.02%,1,1,0
8190000,1002398,0.015%,1,1,0
8190000,1002646,0.015%,1,1,0
8190000,2049000,0.015%,1,1,0
8190000,1082158,0.01%,1,1,0
8190000,1040111,0.008%,1,1,0
8190000,1060102,0.008%,1,1,0
8190000,1072228,0.008%,1,1,0
8190000,4000244,0.008%,1,1,0
8190000,4000245,0.008%,1,1,0
8190000,1051092,0.007%,1,1,0
8190000,1402016,0.007%,1,1,0
8190000,1332052,0.005%,1,1,0
8190003,4000274,36%,1,1,0
8190003,2022003,2%,1,1,0
8190003,2290012,1%,1,1,0
8190003,2290014,1%,1,1,0
8190003,2290050,1%,1,1,0
8190003,2290062,1%,1,1,0
8190003,2290070,1%,1,1,0
8190003,2290086,1%,1,1,0
8190003,2290108,1%,1,1,0
8190003,4004001,1%,1,1,0
8190003,4006000,1%,1,1,0
8190003,4006001,1%,1,1,0
8190003,4007000,1%,1,1,0
8190003,4007002,1%,1,1,0
8190003,4007003,1%,1,1,0
8190003,4007004,1%,1,1,0
8190003,4007007,1%,1,1,0
8190003,4010001,0.9%,1,1,0
8190003,4020001,0.9%,1,1,0
8190003,4130001,0.6%,1,1,0
8190003,4130014,0.6%,1,1,0
8190003,2000005,0.1%,1,1,0
8190003,2387002,0.1%,1,1,0
8190003,2290156,0.05%,1,1,0
8190003,2040534,0.03%,1,1,0
8190003,2040627,0.03%,1,1,0
8190003,2040805,0.03%,1,1,0
8190003,2043301,0.03%,1,1,0
8190003,2044602,0.03%,1,1,0
8190003,2044902,0.03%,1,1,0
8190003,2000006,0.02%,1,1,0
8190003,1002377,0.015%,1,1,0
8190003,2049000,0.015%,1,1,0
8190003,1032017,0.01%,1,1,0
8190003,1082135,0.01%,1,1,0
8190003,1082140,0.01%,1,1,0
8190003,1072221,0.008%,1,1,0
8190003,1072318,0.008%,1,1,0
8190003,4000244,0.008%,1,1,0
8190003,4000245,0.008%,1,1,0
8190003,1050103,0.007%,1,1,0
8190003,1050107,0.007%,1,1,0
8190003,1422027,0.007%,1,1,0
8190003,1332051,0.005%,1,1,0
8190003,1482011,0.005%,1,1,0
8190004,4000273,36%,1,1,0
8190004,2022003,2%,1,1,0
8190004,2290002,1%,1,1,0
8190004,2290009,1%,1,1,0
8190004,2290034,1%,1,1,0
8190004,2290053,1%,1,1,0
8190004,2290058,1%,1,1,0
8190004,2290068,1%,1,1,0
8190004,2290090,1%,1,1,0
8190004,2290121,1%,1,1,0
8190004,4004004,1%,1,1,0
8190004,4006000,1%,1,1,0
8190004,4006001,1%,1,1,0
8190004,4020002,0.9%,1,1,0
8190004,4020006,0.9%,1,1,0
8190004,4130010,0.6%,1,1,0
8190004,2000005,0.1%,1,1,0
8190004,2387003,0.1%,1,1,0
8190004,1342008,0.05%,1,1,0
8190004,2040326,0.03%,1,1,0
8190004,2040530,0.03%,1,1,0
8190004,2040924,0.03%,1,1,0
8190004,2041004,0.03%,1,1,0
8190004,2041013,0.03%,1,1,0
8190004,2044201,0.03%,1,1,0
8190004,2044214,0.03%,1,1,0
8190004,2044801,0.03%,1,1,0
8190004,2000006,0.02%,1,1,0
8190004,1002380,0.015%,1,1,0
8190004,1082151,0.01%,1,1,0
8190004,2290130,0.01%,1,1,0
8190004,2290144,0.01%,1,1,0
8190004,1040121,0.008%,1,1,0
8190004,1060109,0.008%,1,1,0
8190004,1072215,0.008%,1,1,0
8190004,4000244,0.008%,1,1,0
8190004,4000245,0.008%,1,1,0
8190004,1051102,0.007%,1,1,0
8190004,1302056,0.007%,1,1,0
8190004,1322045,0.007%,1,1,0
8190004,1482012,0.005%,1,1,0
8190005,4000271,36%,1,1,0
8190005,2022003,2%,1,1,0
8190005,2290000,1%,1,1,0
8190005,2290008,1%,1,1,0
8190005,2290018,1%,1,1,0
8190005,2290038,1%,1,1,0
8190005,2290060,1%,1,1,0
8190005,2290080,1%,1,1,0
8190005,2290124,1%,1,1,0
8190005,4004003,1%,1,1,0
8190005,4006000,1%,1,1,0
8190005,4006001,1%,1,1,0
8190005,4007001,1%,1,1,0
8190005,4007001,1%,1,1,0
8190005,4010005,0.9%,1,1,0
8190005,4020007,0.9%,1,1,0
8190005,4130013,0.6%,1,1,0
8190005,2000005,0.1%,1,1,0
8190005,2387004,0.1%,1,1,0
8190005,2040707,0.03%,1,1,0
8190005,2041023,0.03%,1,1,0
8190005,2043801,0.03%,1,1,0
8190005,2044901,0.03%,1,1,0
8190005,2000006,0.02%,1,1,0
8190005,1002406,0.015%,1,1,0
8190005,1032023,0.01%,1,1,0
8190005,1082139,0.01%,1,1,0
8190005,1082152,0.01%,1,1,0
8190005,1082213,0.01%,1,1,0
8190005,1072225,0.008%,1,1,0
8190005,4000244,0.008%,1,1,0
8190005,4000245,0.008%,1,1,0
8190005,1050097,0.007%,1,1,0
8190005,1051101,0.007%,1,1,0
8190005,1412021,0.007%,1,1,0
8190005,1452019,0.005%,1,1,0
8190005,1492012,0.005%,1,1,0
8200000,4000443,36%,1,1,0
8200000,4004002,1%,1,1,0
8200000,4007001,1%,1,1,0
8200000,4010000,0.9%,1,1,0
8200000,4020000,0.9%,1,1,0
8200000,4130000,0.6%,1,1,0
8200000,4130013,0.6%,1,1,0
8200000,2330004,0.4%,1,1,0
8200000,2385025,0.1%,1,1,0
8200000,2040532,0.03%,1,1,0
8200000,2044112,0.03%,1,1,0
8200000,2044807,0.03%,1,1,0
8200000,1002640,0.015%,1,1,0
8200000,1082112,0.01%,1,1,0
8200000,1102028,0.01%,1,1,0
8200000,1040110,0.008%,1,1,0
8200000,1041107,0.008%,1,1,0
8200000,1072179,0.008%,1,1,0
8200000,1402015,0.007%,1,1,0
8200000,1452011,0.005%,1,1,0
8200001,4000444,36%,1,1,0
8200001,2000006,2%,1,1,0
8200001,2022003,2%,1,1,0
8200001,2290050,1%,1,1,0
8200001,4000446,1%,1,1,0
8200001,4004003,1%,1,1,0
8200001,4007004,1%,1,1,0
8200001,4007006,1%,1,1,0
8200001,4010001,0.9%,1,1,0
8200001,4020001,0.9%,1,1,0
8200001,4130001,0.6%,1,1,0
8200001,4130014,0.6%,1,1,0
8200001,2386021,0.1%,1,1,0
8200001,2040029,0.03%,1,1,0
8200001,2040321,0.03%,1,1,0
8200001,2043301,0.03%,1,1,0
8200001,1002532,0.015%,1,1,0
8200001,1082144,0.01%,1,1,0
8200001,2290129,0.01%,1,1,0
8200001,2290143,0.01%,1,1,0
8200001,2290155,0.01%,1,1,0
8200001,1072205,0.008%,1,1,0
8200001,1051097,0.007%,1,1,0
8200001,1052128,0.007%,1,1,0
8200001,1312015,0.007%,1,1,0
8200001,1382035,0.007%,1,1,0
8200001,1402005,0.007%,1,1,0
8200001,4020009,0.0015%,1,1,0
8200002,4000445,36%,1,1,0
8200002,2000006,2%,1,1,0
8200002,2022003,2%,1,1,0
8200002,2290066,1%,1,1,0
8200002,4000446,1%,1,1,0
8200002,4004000,1%,1,1,0
8200002,4010002,0.9%,1,1,0
8200002,4020002,0.9%,1,1,0
8200002,4130002,0.6%,1,1,0
8200002,4130015,0.6%,1,1,0
8200002,2330004,0.4%,1,1,0
8200002,2386022,0.1%,1,1,0
8200002,2040707,0.03%,1,1,0
8200002,2044212,0.03%,1,1,0
8200002,2044401,0.03%,1,1,0
8200002,1002366,0.015%,1,1,0
8200002,1082210,0.01%,1,1,0
8200002,2290131,0.01%,1,1,0
8200002,2290145,0.01%,1,1,0
8200002,1040113,0.008%,1,1,0
8200002,1060102,0.008%,1,1,0
8200002,1072195,0.008%,1,1,0
8200002,1051085,0.007%,1,1,0
8200002,1092027,0.007%,1,1,0
8200002,1402016,0.007%,1,1,0
8200002,1442044,0.007%,1,1,0
8200002,1452017,0.005%,1,1,0
8200002,4020009,0.0015%,1,1,0
8200003,4000447,36%,1,1,0
8200003,2000006,2%,1,1,0
8200003,2022003,2%,1,1,0
8200003,4000459,2%,1,1,0
8200003,2290056,1%,1,1,0
8200003,4004001,1%,1,1,0
8200003,4007001,1%,1,1,0
8200003,4007005,1%,1,1,0
8200003,4010006,0.9%,1,1,0
8200003,4020006,0.9%,1,1,0
8200003,4130003,0.6%,1,1,0
8200003,4130016,0.6%,1,1,0
8200003,2330004,0.4%,1,1,0
8200003,2386023,0.1%,1,1,0
8200003,1002405,0.09%,1,1,0
8200003,1041118,0.08%,1,1,0
8200003,1061117,0.08%,1,1,0
8200003,1072315,0.08%,1,1,0
8200003,1082130,0.06%,1,1,0
8200003,1332027,0.05%,1,1,0
8200003,1482012,0.05%,1,1,0
8200003,1050095,0.045%,1,1,0
8200003,1412010,0.045%,1,1,0
8200003,2040927,0.03%,1,1,0
8200003,2044412,0.03%,1,1,0
8200003,2044702,0.03%,1,1,0
8200003,1342008,0.01%,1,1,0
8200003,4020009,0.0015%,1,1,0
8200004,4000448,36%,1,1,0
8200004,2000006,2%,1,1,0
8200004,2020015,2%,1,1,0
8200004,2022003,2%,1,1,0
8200004,4000459,2%,1,1,0
8200004,2290073,1%,1,1,0
8200004,4004001,1%,1,1,0
8200004,4010001,0.9%,1,1,0
8200004,4020008,0.9%,1,1,0
8200004,4130004,0.6%,1,1,0
8200004,4130017,0.6%,1,1,0
8200004,2386024,0.1%,1,1,0
8200004,1002326,0.09%,1,1,0
8200004,1041121,0.08%,1,1,0
8200004,1061120,0.08%,1,1,0
8200004,1072198,0.08%,1,1,0
8200004,1082132,0.06%,1,1,0
8200004,1482011,0.05%,1,1,0
8200004,1050091,0.045%,1,1,0
8200004,1092036,0.045%,1,1,0
8200004,1302056,0.045%,1,1,0
8200004,1422013,0.045%,1,1,0
8200004,2040025,0.03%,1,1,0
8200004,2044312,0.03%,1,1,0
8200004,2044901,0.03%,1,1,0
8200004,2290134,0.01%,1,1,0
8200004,2290148,0.01%,1,1,0
8200004,4020009,0.0015%,1,1,0
8200005,4000449,36%,1,1,0
8200005,2000006,2%,1,1,0
8200005,2020013,2%,1,1,0
8200005,2022003,2%,1,1,0
8200005,2290079,1%,1,1,0
8200005,4000451,1%,1,1,0
8200005,4004000,1%,1,1,0
8200005,4010004,0.9%,1,1,0
8200005,4020001,0.9%,1,1,0
8200005,4130005,0.6%,1,1,0
8200005,2387006,0.1%,1,1,0
8200005,1002643,0.09%,1,1,0
8200005,1040118,0.08%,1,1,0
8200005,1060107,0.08%,1,1,0
8200005,1072207,0.08%,1,1,0
8200005,1082127,0.06%,1,1,0
8200005,1051103,0.045%,1,1,0
8200005,1302023,0.045%,1,1,0
8200005,1322029,0.045%,1,1,0
8200005,2040931,0.03%,1,1,0
8200005,2044012,0.03%,1,1,0
8200005,4020009,0.01%,1,1,0
8200006,4000450,36%,1,1,0
8200006,2022003,2%,1,1,0
8200006,2290077,1%,1,1,0
8200006,4000451,1%,1,1,0
8200006,4004003,1%,1,1,0
8200006,4010003,0.9%,1,1,0
8200006,4020003,0.9%,1,1,0
8200006,4130006,0.6%,1,1,0
8200006,1032023,0.1%,1,1,0
8200006,2000005,0.1%,1,1,0
8200006,2387007,0.1%,1,1,0
8200006,1002378,0.09%,1,1,0
8200006,1072227,0.08%,1,1,0
8200006,1082135,0.06%,1,1,0
8200006,1462017,0.05%,1,1,0
8200006,1051107,0.045%,1,1,0
8200006,1052131,0.045%,1,1,0
8200006,1382035,0.045%,1,1,0
8200006,1412021,0.045%,1,1,0
8200006,2040317,0.03%,1,1,0
8200006,2040824,0.03%,1,1,0
8200006,2000006,0.02%,1,1,0
8200006,2290138,0.01%,1,1,0
8200006,2290151,0.01%,1,1,0
8200006,4020009,0.01%,1,1,0
8200007,4000452,36%,1,1,0
8200007,2000006,2%,1,1,0
8200007,2022003,2%,1,1,0
8200007,4000459,2%,1,1,0
8200007,2290007,1%,1,1,0
8200007,4004002,1%,1,1,0
8200007,4010004,0.9%,1,1,0
8200007,4020004,0.9%,1,1,0
8200007,4130007,0.6%,1,1,0
8200007,2387008,0.1%,1,1,0
8200007,1002400,0.09%,1,1,0
8200007,1040121,0.08%,1,1,0
8200007,1041124,0.08%,1,1,0
8200007,1072214,0.08%,1,1,0
8200007,1082213,0.06%,1,1,0
8200007,1332052,0.05%,1,1,0
8200007,1462018,0.05%,1,1,0
8200007,1051091,0.045%,1,1,0
8200007,1422027,0.045%,1,1,0
8200007,2040302,0.03%,1,1,0
8200007,2040701,0.03%,1,1,0
8200007,2044301,0.03%,1,1,0
8200007,2290136,0.01%,1,1,0
8200007,2290150,0.01%,1,1,0
8200007,4020009,0.01%,1,1,0
8200008,4000453,36%,1,1,0
8200008,2000006,2%,1,1,0
8200008,2022003,2%,1,1,0
8200008,4000459,2%,1,1,0
8200008,2290006,1%,1,1,0
8200008,4004000,1%,1,1,0
8200008,4010005,0.9%,1,1,0
8200008,4020005,0.9%,1,1,0
8200008,4130008,0.6%,1,1,0
8200008,2387009,0.1%,1,1,0
8200008,1002407,0.09%,1,1,0
8200008,1060111,0.08%,1,1,0
8200008,1061123,0.08%,1,1,0
8200008,1072318,0.08%,1,1,0
8200008,1082140,0.06%,1,1,0
8200008,1472033,0.05%,1,1,0
8200008,1472053,0.05%,1,1,0
8200008,1050104,0.045%,1,1,0
8200008,1442020,0.045%,1,1,0
8200008,2044101,0.03%,1,1,0
8200008,2044501,0.03%,1,1,0
8200008,2290133,0.01%,1,1,0
8200008,2290136,0.01%,1,1,0
8200008,2290147,0.01%,1,1,0
8200008,2290150,0.01%,1,1,0
8200008,4020009,0.01%,1,1,0
8200009,4000454,36%,1,1,0
8200009,2000006,2%,1,1,0
8200009,2022003,2%,1,1,0
8200009,2290039,1%,1,1,0
8200009,4000456,1%,1,1,0
8200009,4004001,1%,1,1,0
8200009,4007004,1%,1,1,0
8200009,4010000,0.9%,1,1,0
8200009,4020007,0.9%,1,1,0
8200009,4130000,0.6%,1,1,0
8200009,4130009,0.6%,1,1,0
8200009,2387010,0.1%,1,1,0
8200009,1002381,0.09%,1,1,0
8200009,1072221,0.08%,1,1,0
8200009,1082153,0.06%,1,1,0
8200009,1432011,0.05%,1,1,0
8200009,1492011,0.05%,1,1,0
8200009,1050108,0.045%,1,1,0
8200009,1402035,0.045%,1,1,0
8200009,2040924,0.03%,1,1,0
8200009,2044001,0.03%,1,1,0
8200009,2044601,0.03%,1,1,0
8200009,4020009,0.01%,1,1,0
8200010,4000455,36%,1,1,0
8200010,2022003,2%,1,1,0
8200010,2290089,1%,1,1,0
8200010,4000456,1%,1,1,0
8200010,4004003,1%,1,1,0
8200010,4010002,0.9%,1,1,0
8200010,4020000,0.9%,1,1,0
8200010,4130001,0.6%,1,1,0
8200010,4130010,0.6%,1,1,0
8200010,2000005,0.1%,1,1,0
8200010,2387011,0.1%,1,1,0
8200010,1002646,0.09%,1,1,0
8200010,1072225,0.08%,1,1,0
8200010,1082158,0.06%,1,1,0
8200010,1432030,0.05%,1,1,0
8200010,1050099,0.045%,1,1,0
8200010,1312030,0.045%,1,1,0
8200010,2041022,0.03%,1,1,0
8200010,2043801,0.03%,1,1,0
8200010,2000006,0.02%,1,1,0
8200010,4020009,0.01%,1,1,0
8200011,4000457,36%,1,1,0
8200011,2022003,2%,1,1,0
8200011,4000459,2%,1,1,0
8200011,2290040,1%,1,1,0
8200011,2290046,1%,1,1,0
8200011,2290048,1%,1,1,0
8200011,4004002,1%,1,1,0
8200011,4007004,1%,1,1,0
8200011,4010003,0.9%,1,1,0
8200011,4020002,0.9%,1,1,0
8200011,4130002,0.6%,1,1,0
8200011,4130011,0.6%,1,1,0
8200011,2000005,0.1%,1,1,0
8200011,2387012,0.1%,1,1,0
8200011,1002379,0.09%,1,1,0
8200011,1072229,0.08%,1,1,0
8200011,1082138,0.06%,1,1,0
8200011,1052131,0.045%,1,1,0
8200011,1322045,0.045%,1,1,0
8200011,1372010,0.045%,1,1,0
8200011,2041008,0.03%,1,1,0
8200011,2044201,0.03%,1,1,0
8200011,2044602,0.03%,1,1,0
8200011,2000006,0.02%,1,1,0
8200011,2290160,0.01%,1,1,0
8200011,4020009,0.01%,1,1,0
8200012,4000458,36%,1,1,0
8200012,2022003,2%,1,1,0
8200012,4000459,2%,1,1,0
8200012,2290093,1%,1,1,0
8200012,4004002,1%,1,1,0
8200012,4007001,1%,1,1,0
8200012,4007007,1%,1,1,0
8200012,4010000,0.9%,1,1,0
8200012,4020000,0.9%,1,1,0
8200012,4130003,0.6%,1,1,0
8200012,4130012,0.6%,1,1,0
8200012,2000005,0.1%,1,1,0
8200012,2387013,0.1%,1,1,0
8200012,1002401,0.09%,1,1,0
8200012,1040122,0.08%,1,1,0
8200012,1060111,0.08%,1,1,0
8200012,1072216,0.08%,1,1,0
8200012,1082213,0.06%,1,1,0
8200012,1452021,0.05%,1,1,0
8200012,1322045,0.045%,1,1,0
8200012,2040501,0.03%,1,1,0
8200012,2043701,0.03%,1,1,0
8200012,2000006,0.02%,1,1,0
8200012,2290137,0.01%,1,1,0
8200012,2290139,0.01%,1,1,0
8200012,2290152,0.01%,1,1,0
8200012,2290160,0.01%,1,1,0
8200012,4020009,0.01%,1,1,0
8220000,2000006,99.9999%,1,1,0
8220000,4000021,50%,1,1,0
8220000,4000073,36%,1,1,0
8220000,4000074,36%,1,1,0
8220000,2060001,30%,1,1,0
8220000,2061001,30%,1,1,0
8220000,2002003,20%,1,1,0
8220000,2012001,20%,1,1,0
8220000,2022468,20%,1,1,0
8220000,2022468,20%,1,1,0
8220000,2022468,20%,1,1,0
8220000,2022468,20%,1,1,0
8220000,4004004,10%,1,1,0
8220000,4006000,10%,1,1,0
8220000,2388015,2.5%,1,1,0
8220000,4001002,1.39%,1,1,0
8220000,4010006,0.9%,1,1,0
8220000,4020008,0.9%,1,1,0
8220000,2000004,0.15%,1,1,0
8220000,1002326,0.09%,1,1,0
8220000,1002366,0.09%,1,1,0
8220000,1002405,0.09%,1,1,0
8220000,1002532,0.09%,1,1,0
8220000,1002643,0.09%,1,1,0
8220000,1040113,0.08%,1,1,0
8220000,1040117,0.08%,1,1,0
8220000,1041117,0.08%,1,1,0
8220000,1041121,0.08%,1,1,0
8220000,1072194,0.08%,1,1,0
8220000,1072198,0.08%,1,1,0
8220000,1072205,0.08%,1,1,0
8220000,1072209,0.08%,1,1,0
8220000,1072315,0.08%,1,1,0
8220000,1082127,0.06%,1,1,0
8220000,1082130,0.06%,1,1,0
8220000,1082134,0.06%,1,1,0
8220000,1082144,0.06%,1,1,0
8220000,1082210,0.06%,1,1,0
8220000,1050091,0.045%,1,1,0
8220000,1050095,0.045%,1,1,0
8220000,1051085,0.045%,1,1,0
8220000,1051097,0.045%,1,1,0
8220000,1052128,0.045%,1,1,0
8220000,2040001,0.03%,1,1,0
8220000,2040002,0.03%,1,1,0
8220000,2040302,0.03%,1,1,0
8220000,2040401,0.03%,1,1,0
8220000,2040707,0.03%,1,1,0
8220000,2041007,0.03%,1,1,0
8220000,2041019,0.03%,1,1,0
8220000,2041020,0.03%,1,1,0
8220000,2043017,0.03%,1,1,0
8220000,2043301,0.03%,1,1,0
8220000,2043701,0.03%,1,1,0
8220000,2044114,0.03%,1,1,0
8220000,2044214,0.03%,1,1,0
8220000,2044301,0.03%,1,1,0
8220000,2044302,0.03%,1,1,0
8220000,2044401,0.03%,1,1,0
8220000,2044402,0.03%,1,1,0
8220001,2000006,99.9999%,1,1,0
8220001,4000021,50%,1,1,0
8220001,4000048,36%,1,1,0
8220001,4000049,36%,1,1,0
8220001,4000051,36%,1,1,0
8220001,4000257,36%,1,1,0
8220001,2060001,30%,1,1,0
8220001,2061001,30%,1,1,0
8220001,2022001,20%,1,1,0
8220001,2022186,20%,1,1,0
8220001,2388016,2.5%,1,1,0
8220001,4001002,1.3%,1,1,0
8220001,4004002,1%,1,1,0
8220001,4010004,0.9%,1,1,0
8220001,4020004,0.9%,1,1,0
8220001,2000004,0.15%,1,1,0
8220001,1032017,0.1%,1,1,0
8220001,2070008,0.1%,1,1,0
8220001,1332027,0.05%,1,1,0
8220001,1432011,0.05%,1,1,0
8220001,1452017,0.05%,1,1,0
8220001,1462018,0.05%,1,1,0
8220001,1472033,0.05%,1,1,0
8220001,1482011,0.05%,1,1,0
8220001,1492011,0.05%,1,1,0
8220001,1092028,0.045%,1,1,0
8220001,1302023,0.045%,1,1,0
8220001,1312015,0.045%,1,1,0
8220001,1322029,0.045%,1,1,0
8220001,1382035,0.045%,1,1,0
8220001,1402016,0.045%,1,1,0
8220001,1412010,0.045%,1,1,0
8220001,1422013,0.045%,1,1,0
8220001,1442020,0.045%,1,1,0
8220001,2040026,0.03%,1,1,0
8220001,2040323,0.03%,1,1,0
8220001,2040501,0.03%,1,1,0
8220001,2040601,0.03%,1,1,0
8220001,2040701,0.03%,1,1,0
8220001,2040801,0.03%,1,1,0
8220001,2040804,0.03%,1,1,0
8220001,2040901,0.03%,1,1,0
8220001,2040927,0.03%,1,1,0
8220001,2041001,0.03%,1,1,0
8220001,2041008,0.03%,1,1,0
8220001,2041016,0.03%,1,1,0
8220001,2041017,0.03%,1,1,0
8220001,2043302,0.03%,1,1,0
8220001,2043702,0.03%,1,1,0
8220001,2043801,0.03%,1,1,0
8220001,2043802,0.03%,1,1,0
8220001,2044314,0.03%,1,1,0
8220001,2044802,0.03%,1,1,0
8220001,2049100,0.03%,1,1,0
8220002,2000006,99.9999%,1,1,0
8220002,4000356,36%,1,1,0
8220002,4000364,36%,1,1,0
8220002,4000365,36%,1,1,0
8220002,4004004,10%,1,1,0
8220002,4010005,9%,1,1,0
8220002,4020008,9%,1,1,0
8220002,2330003,4%,1,1,0
8220002,2388032,2.5%,1,1,0
8220002,4001002,1.3%,1,1,0
8220002,4310015,1%,1,1,0
8220002,1302023,0.42%,1,1,0
8220002,1312015,0.42%,1,1,0
8220002,1322029,0.42%,1,1,0
8220002,1372009,0.42%,1,1,0
8220002,1382008,0.42%,1,1,0
8220002,1402005,0.42%,1,1,0
8220002,1402016,0.42%,1,1,0
8220002,1412010,0.42%,1,1,0
8220002,1422013,0.42%,1,1,0
8220002,1442020,0.42%,1,1,0
8220002,1332026,0.3%,1,1,0
8220002,1332027,0.3%,1,1,0
8220002,1432011,0.3%,1,1,0
8220002,1452017,0.3%,1,1,0
8220002,1462018,0.3%,1,1,0
8220002,1472033,0.3%,1,1,0
8220002,1482011,0.3%,1,1,0
8220002,1492011,0.3%,1,1,0
8220002,2040301,0.3%,1,1,0
8220002,2040326,0.3%,1,1,0
8220002,2040422,0.3%,1,1,0
8220002,2040501,0.3%,1,1,0
8220002,2040516,0.3%,1,1,0
8220002,2040532,0.3%,1,1,0
8220002,2040931,0.3%,1,1,0
8220002,2041007,0.3%,1,1,0
8220002,2041013,0.3%,1,1,0
8220002,2041016,0.3%,1,1,0
8220002,2041019,0.3%,1,1,0
8220002,2041022,0.3%,1,1,0
8220002,2000004,0.15%,1,1,0
8220002,2070007,0.02%,1,1,0
8220003,2000006,99.9999%,1,1,0
8220003,2020013,99.9999%,1,1,0
8220003,4000268,36%,1,1,0
8220003,4000269,36%,1,1,0
8220003,4000270,36%,1,1,0
8220003,4006000,10%,1,1,0
8220003,4006001,10%,1,1,0
8220003,2388033,2.5%,1,1,0
8220003,1402037,1.5%,1,1,0
8220003,1402063,1.5%,1,1,0
8220003,2290006,1%,1,1,0
8220003,2290031,1%,1,1,0
8220003,2290033,1%,1,1,0
8220003,2290061,1%,1,1,0
8220003,2290077,1%,1,1,0
8220003,2290105,1%,1,1,0
8220003,2290118,1%,1,1,0
8220003,1302056,0.8%,1,1,0
8220003,1312030,0.8%,1,1,0
8220003,1322045,0.8%,1,1,0
8220003,1332051,0.8%,1,1,0
8220003,1332052,0.8%,1,1,0
8220003,1372010,0.8%,1,1,0
8220003,1382035,0.8%,1,1,0
8220003,1402035,0.8%,1,1,0
8220003,1412021,0.8%,1,1,0
8220003,1422027,0.8%,1,1,0
8220003,1432030,0.8%,1,1,0
8220003,1442044,0.8%,1,1,0
8220003,1452019,0.8%,1,1,0
8220003,1462015,0.8%,1,1,0
8220003,1472053,0.8%,1,1,0
8220003,1482012,0.8%,1,1,0
8220003,1492012,0.8%,1,1,0
8220003,2040824,0.8%,1,1,0
8220003,2044212,0.8%,1,1,0
8220003,2000005,0.1%,1,1,0
8220004,2000006,99.9999%,1,1,0
8220004,2020013,99.9999%,1,1,0
8220004,4006000,10%,1,1,0
8220004,4006001,10%,1,1,0
8220004,2330004,4%,1,1,0
8220004,2388040,2.5%,1,1,0
8220004,4001002,2.5%,1,1,0
8220004,4310015,2%,1,1,0
8220004,1002405,1.5%,1,1,0
8220004,2290018,1%,1,1,0
8220004,2290019,1%,1,1,0
8220004,2290025,1%,1,1,0
8220004,2290059,1%,1,1,0
8220004,2290077,1%,1,1,0
8220004,2290106,1%,1,1,0
8220004,1050105,0.7%,1,1,0
8220004,1051093,0.7%,1,1,0
8220004,1082141,0.6%,1,1,0
8220004,4000460,0.5%,1,1,0
8220004,1072318,0.48%,1,1,0
8220004,1332052,0.3%,1,1,0
8220004,2040025,0.3%,1,1,0
8220004,2040029,0.3%,1,1,0
8220004,2040326,0.3%,1,1,0
8220004,2040532,0.3%,1,1,0
8220004,2040924,0.3%,1,1,0
8220004,2000005,0.1%,1,1,0
8220004,2049000,0.09%,1,1,0
8220004,2290127,0.05%,1,1,0
8220004,2290134,0.05%,1,1,0
8220004,2290141,0.05%,1,1,0
8220004,2290148,0.05%,1,1,0
8220004,2290153,0.05%,1,1,0
8220005,2000006,99.9999%,1,1,0
8220005,2020013,99.9999%,1,1,0
8220005,4006000,10%,1,1,0
8220005,4006001,10%,1,1,0
8220005,2388041,2.5%,1,1,0
8220005,4001002,2%,1,1,0
8220005,4310015,2%,1,1,0
8220005,1002382,1.5%,1,1,0
8220005,2290003,1%,1,1,0
8220005,2290037,1%,1,1,0
8220005,2290055,1%,1,1,0
8220005,2290080,1%,1,1,0
8220005,2290099,1%,1,1,0
8220005,1050108,0.7%,1,1,0
8220005,1051104,0.7%,1,1,0
8220005,1082154,0.6%,1,1,0
8220005,4000461,0.5%,1,1,0
8220005,1072222,0.48%,1,1,0
8220005,1482012,0.3%,1,1,0
8220005,2040317,0.3%,1,1,0
8220005,2040321,0.3%,1,1,0
8220005,2040927,0.3%,1,1,0
8220005,2040931,0.3%,1,1,0
8220005,2000005,0.1%,1,1,0
8220005,2049000,0.09%,1,1,0
8220005,2290131,0.05%,1,1,0
8220005,2290136,0.05%,1,1,0
8220005,2290145,0.05%,1,1,0
8220005,2290150,0.05%,1,1,0
8220005,2290159,0.05%,1,1,0
8220006,2000006,99.9999%,1,1,0
8220006,2020013,99.9999%,1,1,0
8220006,4006000,10%,1,1,0
8220006,4006001,10%,1,1,0
8220006,2388042,2.5%,1,1,0
8220006,4001002,2%,1,1,0
8220006,4310015,2%,1,1,0
8220006,1002646,1.5%,1,1,0
8220006,2290013,1%,1,1,0
8220006,2290043,1%,1,1,0
8220006,2290061,1%,1,1,0
8220006,2290090,1%,1,1,0
8220006,2290120,1%,1,1,0
8220006,1050099,0.7%,1,1,0
8220006,1051107,0.7%,1,1,0
8220006,1082160,0.6%,1,1,0
8220006,2290135,0.5%,1,1,0
8220006,2290138,0.5%,1,1,0
8220006,2290151,0.5%,1,1,0
8220006,4000462,0.5%,1,1,0
8220006,1072226,0.48%,1,1,0
8220006,1432030,0.3%,1,1,0
8220006,1492012,0.3%,1,1,0
8220006,2043701,0.3%,1,1,0
8220006,2044301,0.3%,1,1,0
8220006,2044501,0.3%,1,1,0
8220006,2044701,0.3%,1,1,0
8220006,2044801,0.3%,1,1,0
8220006,2044901,0.3%,1,1,0
8220006,2000005,0.1%,1,1,0
8220006,2290149,0.05%,1,1,0
8220006,2049100,0.03%,1,1,0
8220007,1032030,1%,1,1,0
8220007,1302012,0.42%,1,1,0
8220007,1312010,0.42%,1,1,0
8220007,1322019,0.42%,1,1,0
8220007,1382007,0.42%,1,1,0
8220007,1412008,0.42%,1,1,0
8220007,1332018,0.3%,1,1,0
8220007,1332019,0.3%,1,1,0
8220007,1432007,0.3%,1,1,0
8220007,2043001,0.3%,1,1,0
8220007,2043101,0.3%,1,1,0
8220007,2043301,0.3%,1,1,0
8220007,2043701,0.3%,1,1,0
8220007,2044001,0.3%,1,1,0
8220007,2044201,0.3%,1,1,0
8220007,2044301,0.3%,1,1,0
8220007,2044501,0.3%,1,1,0
8220007,2044601,0.3%,1,1,0
8220007,2044701,0.3%,1,1,0
8220007,2000004,0.15%,1,1,0
8220007,2000005,0.1%,1,1,0
8220009,1092017,0.42%,1,1,0
8220009,1302012,0.42%,1,1,0
8220009,1312010,0.42%,1,1,0
8220009,1322019,0.42%,1,1,0
8220009,1382007,0.42%,1,1,0
8220009,1402012,0.42%,1,1,0
8220009,1412008,0.42%,1,1,0
8220009,1422010,0.42%,1,1,0
8220009,1442008,0.42%,1,1,0
8220009,1332018,0.3%,1,1,0
8220009,1332019,0.3%,1,1,0
8220009,1432007,0.3%,1,1,0
8220009,1452009,0.3%,1,1,0
8220009,1462009,0.3%,1,1,0
8220009,1472026,0.3%,1,1,0
8220009,2043001,0.3%,1,1,0
8220009,2043101,0.3%,1,1,0
8220009,2043201,0.3%,1,1,0
8220009,2043301,0.3%,1,1,0
8220009,2043701,0.3%,1,1,0
8220009,2043801,0.3%,1,1,0
8220009,2044001,0.3%,1,1,0
8220009,2044101,0.3%,1,1,0
8220009,2044201,0.3%,1,1,0
8220009,2044301,0.3%,1,1,0
8220009,2044401,0.3%,1,1,0
8220009,2044501,0.3%,1,1,0
8220009,2044601,0.3%,1,1,0
8220009,2044701,0.3%,1,1,0
8220009,2000004,0.15%,1,1,0
8220009,2000005,0.1%,1,1,0
8500002,4031196,100%,1,1,0
8500002,2020013,99.9999%,1,1,0
8500002,2020015,99.9999%,1,1,0
8500002,4001084,99.9999%,1,1,0
8500002,4031869,99.9999%,1,1,6360
8500002,2022468,30%,1,1,0
8500002,2022468,30%,1,1,0
8500002,2022468,30%,1,1,0
8500002,2022468,30%,1,1,0
8500002,2022468,30%,1,1,0
8500002,2388022,25%,1,1,0
8500002,1002377,20%,1,1,0
8500002,1002646,20%,1,1,0
8500002,1040120,20%,1,1,0
8500002,1041122,20%,1,1,0
8500002,1050098,20%,1,1,0
8500002,1050102,20%,1,1,0
8500002,1050106,20%,1,1,0
8500002,1051092,20%,1,1,0
8500002,1051101,20%,1,1,0
8500002,1051105,20%,1,1,0
8500002,1052131,20%,1,1,0
8500002,1060109,20%,1,1,0
8500002,1061121,20%,1,1,0
8500002,1072213,20%,1,1,0
8500002,1072220,20%,1,1,0
8500002,1072221,20%,1,1,0
8500002,1072224,20%,1,1,0
8500002,1072227,20%,1,1,0
8500002,1082158,20%,1,1,0
8500002,1082213,20%,1,1,0
8500002,1482011,20%,1,1,0
8500002,4031196,18.75%,1,1,0
8500002,4251200,15%,1,1,0
8500002,4031196,12.5%,1,1,0
8500002,4251201,10%,1,1,0
8500002,3010045,8.888%,1,1,0
8500002,3010048,8.888%,1,1,0
8500002,3010068,8.888%,1,1,0
8500002,3010077,8.888%,1,1,0
8500002,3010099,8.888%,1,1,0
8500002,3010100,8.888%,1,1,0
8500002,2290006,5%,1,1,0
8500002,2290011,5%,1,1,0
8500002,2290013,5%,1,1,0
8500002,2290028,5%,1,1,0
8500002,2290037,5%,1,1,0
8500002,2290043,5%,1,1,0
8500002,2290050,5%,1,1,0
8500002,2290051,5%,1,1,0
8500002,2290056,5%,1,1,0
8500002,2290061,5%,1,1,0
8500002,2290066,5%,1,1,0
8500002,2290071,5%,1,1,0
8500002,2290078,5%,1,1,0
8500002,2290089,5%,1,1,0
8500002,2290091,5%,1,1,0
8500002,2290104,5%,1,1,0
8500002,2290107,5%,1,1,0
8500002,2290121,5%,1,1,0
8500002,2290123,5%,1,1,0
8500002,2290126,5%,1,1,0
8500002,2290129,5%,1,1,0
8500002,2290140,5%,1,1,0
8500002,2290143,5%,1,1,0
8500002,2290155,5%,1,1,0
8500002,4251202,5%,1,1,0
8500002,1072318,4.8%,1,1,0
8500002,1312015,4.2%,1,1,0
8500002,1372009,4.2%,1,1,0
8500002,1332026,3%,1,1,0
8500002,1332027,3%,1,1,0
8500002,1462018,3%,1,1,0
8500002,2040318,3%,1,1,0
8500002,2040321,3%,1,1,0
8500002,2040419,3%,1,1,0
8500002,2040421,3%,1,1,0
8500002,2041013,3%,1,1,0
8500002,2041016,3%,1,1,0
8500002,2041019,3%,1,1,0
8500002,2041022,3%,1,1,0
8500002,3010842,3%,1,1,0
8500002,3010843,3%,1,1,0
8500002,4001227,2%,1,1,0
8500002,2000004,1.5%,1,1,0
8500002,2000005,1%,1,1,0
8500002,2290010,1%,1,1,0
8500002,2044809,0.3%,1,1,0
8500002,2049100,0.3%,1,1,0
8510000,4000175,36%,1,1,0
8510000,4001085,36%,1,1,0
8510000,2022468,30%,1,1,0
8510000,2022468,30%,1,1,0
8510000,2022468,30%,1,1,0
8510000,2022468,30%,1,1,0
8510000,2022468,30%,1,1,0
8510000,1040121,15%,1,1,0
8510000,1041123,15%,1,1,0
8510000,1050097,15%,1,1,0
8510000,1050103,15%,1,1,0
8510000,1050107,15%,1,1,0
8510000,1051091,15%,1,1,0
8510000,1051102,15%,1,1,0
8510000,1051106,15%,1,1,0
8510000,1060110,15%,1,1,0
8510000,1061122,15%,1,1,0
8510000,1302023,15%,1,1,0
8510000,1322029,15%,1,1,0
8510000,1402005,15%,1,1,0
8510000,1412010,15%,1,1,0
8510000,2040401,15%,1,1,0
8510000,2040501,15%,1,1,0
8510000,2040504,15%,1,1,0
8510000,2040513,15%,1,1,0
8510000,2040516,15%,1,1,0
8510000,4251200,15%,1,1,0
8510000,1052131,10%,1,1,0
8510000,1492011,10%,1,1,0
8510000,2280010,10%,1,1,0
8510000,2290005,10%,1,1,0
8510000,2290024,10%,1,1,0
8510000,2290025,10%,1,1,0
8510000,2290026,10%,1,1,0
8510000,2290027,10%,1,1,0
8510000,2290052,10%,1,1,0
8510000,2290053,10%,1,1,0
8510000,2290076,10%,1,1,0
8510000,2290077,10%,1,1,0
8510000,2290082,10%,1,1,0
8510000,2290083,10%,1,1,0
8510000,2290097,10%,1,1,0
8510000,2290099,10%,1,1,0
8510000,2290106,10%,1,1,0
8510000,2290108,10%,1,1,0
8510000,2290112,10%,1,1,0
8510000,2290114,10%,1,1,0
8510000,2290122,10%,1,1,0
8510000,2290124,10%,1,1,0
8510000,2290132,10%,1,1,0
8510000,2290146,10%,1,1,0
8510000,2388020,10%,1,1,0
8510000,4251201,10%,1,1,0
8510000,3010112,5%,1,1,0
8510000,3010116,5%,1,1,0
8510000,3010117,5%,1,1,0
8510000,3010118,5%,1,1,0
8510000,3015096,5%,1,1,0
8510000,4251202,5%,1,1,0
8510000,4001226,3%,1,1,0
8510000,2290000,1%,1,1,0
8510000,2290001,1%,1,1,0
8510000,2290004,1%,1,1,0
8510000,2290054,1%,1,1,0
8510000,2290055,1%,1,1,0
8520000,4000175,36%,1,1,0
8520000,4001085,36%,1,1,0
8520000,2022468,30%,1,1,0
8520000,2022468,30%,1,1,0
8520000,2022468,30%,1,1,0
8520000,2022468,30%,1,1,0
8520000,2022468,30%,1,1,0
8520000,1040121,15%,1,1,0
8520000,1041123,15%,1,1,0
8520000,1050097,15%,1,1,0
8520000,1050103,15%,1,1,0
8520000,1050107,15%,1,1,0
8520000,1051091,15%,1,1,0
8520000,1051102,15%,1,1,0
8520000,1051106,15%,1,1,0
8520000,1060110,15%,1,1,0
8520000,1061122,15%,1,1,0
8520000,1302023,15%,1,1,0
8520000,1322029,15%,1,1,0
8520000,1402005,15%,1,1,0
8520000,1412010,15%,1,1,0
8520000,2040401,15%,1,1,0
8520000,2040501,15%,1,1,0
8520000,2040504,15%,1,1,0
8520000,2040513,15%,1,1,0
8520000,2040516,15%,1,1,0
8520000,4251200,15%,1,1,0
8520000,4251201,10%,1,1,0
8520000,1492011,5%,1,1,0
8520000,2280010,5%,1,1,0
8520000,2290005,5%,1,1,0
8520000,2290024,5%,1,1,0
8520000,2290025,5%,1,1,0
8520000,2290026,5%,1,1,0
8520000,2290027,5%,1,1,0
8520000,2290052,5%,1,1,0
8520000,2290053,5%,1,1,0
8520000,2290076,5%,1,1,0
8520000,2290077,5%,1,1,0
8520000,2290082,5%,1,1,0
8520000,2290083,5%,1,1,0
8520000,2290097,5%,1,1,0
8520000,2290099,5%,1,1,0
8520000,2290106,5%,1,1,0
8520000,2290108,5%,1,1,0
8520000,2290112,5%,1,1,0
8520000,2290114,5%,1,1,0
8520000,2290122,5%,1,1,0
8520000,2290124,5%,1,1,0
8520000,2290132,5%,1,1,0
8520000,2290146,5%,1,1,0
8520000,2388020,5%,1,1,0
8520000,4251202,5%,1,1,0
8520000,3010112,3%,1,1,0
8520000,3010116,3%,1,1,0
8520000,3010117,3%,1,1,0
8520000,3010118,3%,1,1,0
8520000,3015096,3%,1,1,0
8520000,4001226,3%,1,1,0
8520000,2290000,1%,1,1,0
8520000,2290001,1%,1,1,0
8520000,2290004,1%,1,1,0
8520000,2290054,1%,1,1,0
8520000,2290055,1%,1,1,0
8800002,2001001,99.9999%,1,1,0
8800002,2020014,99.9999%,1,1,0
8800002,2020015,99.9999%,1,1,0
8800002,4001080,99.9999%,1,1,0
8800002,4001083,99.9999%,1,1,0
8800002,4006000,99.9999%,1,1,0
8800002,4006001,99.9999%,1,1,0
8800002,1002357,80%,1,1,0
8800002,1002357,80%,1,1,0
8800002,2022468,30%,1,1,0
8800002,2022468,30%,1,1,0
8800002,2022468,30%,1,1,0
8800002,2022468,30%,1,1,0
8800002,2022468,30%,1,1,0
8800002,2022468,30%,1,1,0
8800002,2022468,30%,1,1,0
8800002,2022468,30%,1,1,0
8800002,2022468,30%,1,1,0
8800002,2022468,30%,1,1,0
8800002,2280007,30%,1,1,0
8800002,2280008,30%,1,1,0
8800002,2280009,30%,1,1,0
8800002,2280010,30%,1,1,0
8800002,4251200,15%,1,1,0
8800002,4251201,10%,1,1,0
8800002,1302023,5%,1,1,0
8800002,1302056,5%,1,1,0
8800002,1312015,5%,1,1,0
8800002,1312030,5%,1,1,0
8800002,1322029,5%,1,1,0
8800002,1332027,5%,1,1,0
8800002,1332051,5%,1,1,0
8800002,1332052,5%,1,1,0
8800002,1372009,5%,1,1,0
8800002,1372010,5%,1,1,0
8800002,1382008,5%,1,1,0
8800002,1382035,5%,1,1,0
8800002,1402016,5%,1,1,0
8800002,1412010,5%,1,1,0
8800002,1422013,5%,1,1,0
8800002,1432011,5%,1,1,0
8800002,1432030,5%,1,1,0
8800002,1442002,5%,1,1,0
8800002,1442020,5%,1,1,0
8800002,1452017,5%,1,1,0
8800002,1452019,5%,1,1,0
8800002,1462018,5%,1,1,0
8800002,1472031,5%,1,1,0
8800002,1472033,5%,1,1,0
8800002,2000004,5%,1,1,0
8800002,2000005,5%,1,1,0
8800002,4251202,5%,1,1,0
8800002,4001229,2%,1,1,0
8800002,2290016,1.5%,1,1,0
8800002,2290020,1.5%,1,1,0
8800002,2290022,1.5%,1,1,0
8800002,2290029,1.5%,1,1,0
8800002,2290040,1.5%,1,1,0
8800002,2290046,1.5%,1,1,0
8800002,2290048,1.5%,1,1,0
8800002,2290057,1.5%,1,1,0
8800002,2290064,1.5%,1,1,0
8800002,2290067,1.5%,1,1,0
8800002,2290074,1.5%,1,1,0
8800002,2290079,1.5%,1,1,0
8800002,2290084,1.5%,1,1,0
8800002,1452020,1.2%,1,1,0
8800002,1902032,1%,1,1,0
8800002,1912025,1%,1,1,0
8800002,2290007,1%,1,1,0
8800002,4000464,1%,1,1,0
8800002,1402063,0.6%,1,1,0
8800002,1402037,0.4%,1,1,0
8810018,2000004,30%,1,1,0
8810018,2000005,30%,1,1,0
8810018,2000006,30%,1,1,0
8810018,2020013,30%,1,1,0
8810018,2020015,30%,1,1,0
8810018,2022468,30%,1,1,0
8810018,2022468,30%,1,1,0
8810018,2022468,30%,1,1,0
8810018,2022468,30%,1,1,0
8810018,2022468,30%,1,1,0
8810018,2022468,30%,1,1,0
8810018,2022468,30%,1,1,0
8810018,2022468,30%,1,1,0
8810018,2022468,30%,1,1,0
8810018,2022468,30%,1,1,0
8810018,1122000,15%,1,1,0
8810018,1302056,15%,1,1,0
8810018,1302059,15%,1,1,0
8810018,1312030,15%,1,1,0
8810018,1312031,15%,1,1,0
8810018,1322045,15%,1,1,0
8810018,1322052,15%,1,1,0
8810018,1332049,15%,1,1,0
8810018,1332050,15%,1,1,0
8810018,1332051,15%,1,1,0
8810018,1332052,15%,1,1,0
8810018,1372010,15%,1,1,0
8810018,1372032,15%,1,1,0
8810018,1382035,15%,1,1,0
8810018,1382036,15%,1,1,0
8810018,1402035,15%,1,1,0
8810018,1402036,15%,1,1,0
8810018,1412021,15%,1,1,0
8810018,1412026,15%,1,1,0
8810018,1422027,15%,1,1,0
8810018,1422028,15%,1,1,0
8810018,1432030,15%,1,1,0
8810018,1432038,15%,1,1,0
8810018,1442044,15%,1,1,0
8810018,1442045,15%,1,1,0
8810018,1452019,15%,1,1,0
8810018,1452020,15%,1,1,0
8810018,1452021,15%,1,1,0
8810018,1452044,15%,1,1,0
8810018,1462015,15%,1,1,0
8810018,1462016,15%,1,1,0
8810018,1462017,15%,1,1,0
8810018,1462039,15%,1,1,0
8810018,1472051,15%,1,1,0
8810018,1472052,15%,1,1,0
8810018,1472053,15%,1,1,0
8810018,1482012,15%,1,1,0
8810018,1482013,15%,1,1,0
8810018,1492012,15%,1,1,0
8810018,1492013,15%,1,1,0
8810018,2040317,15%,1,1,0
8810018,2040418,15%,1,1,0
8810018,2040421,15%,1,1,0
8810018,2040512,15%,1,1,0
8810018,2040515,15%,1,1,0
8810018,2040625,15%,1,1,0
8810018,2049000,15%,1,1,0
8810018,2049100,15%,1,1,0
8810018,2290017,15%,1,1,0
8810018,2290021,15%,1,1,0
8810018,2290023,15%,1,1,0
8810018,2290041,15%,1,1,0
8810018,2290047,15%,1,1,0
8810018,2290049,15%,1,1,0
8810018,2290065,15%,1,1,0
8810018,2290075,15%,1,1,0
8810018,2290085,15%,1,1,0
8810018,2290095,15%,1,1,0
8810018,2290111,15%,1,1,0
8810018,2290116,15%,1,1,0
8810018,2290133,15%,1,1,0
8810018,2290139,15%,1,1,0
8810018,2290147,15%,1,1,0
8810018,2290152,15%,1,1,0
8810018,2290157,15%,1,1,0
8810018,2290161,15%,1,1,0
8810018,2388024,15%,1,1,0
8810018,2290096,5%,1,1,0
8810018,2290125,5%,1,1,0
8810018,4251202,5%,1,1,0
8810018,1342010,4%,1,1,0
8810018,2010006,3%,1,1,0
8810018,4001230,3%,1,1,0
8810018,3010128,2%,1,1,0
8810018,4000464,2%,1,1,0
8810019,2386008,2.5%,1,1,0
8810020,2386013,2.5%,1,1,0
8810021,2386015,2.5%,1,1,0
8810022,2386011,2.5%,1,1,0
8810023,2386016,2.5%,1,1,0
8820000,2388043,2.5%,1,1,0
8820001,2000006,30%,1,5,0
8820001,2000012,30%,1,3,0
8820001,2000018,30%,1,5,0
8820001,2000019,30%,1,5,0
8820001,2020013,30%,1,5,0
8820001,2020014,30%,1,3,0
8820001,2020015,30%,1,5,0
8820001,2022468,30%,1,1,0
8820001,2022468,30%,1,1,0
8820001,2022468,30%,1,1,0
8820001,2022468,30%,1,1,0
8820001,2022468,30%,1,1,0
8820001,2022468,30%,1,1,0
8820001,2022468,30%,1,1,0
8820001,2022468,30%,1,1,0
8820001,2022468,30%,1,1,0
8820001,2022468,30%,1,1,0
8820001,1002776,15%,1,1,0
8820001,1002777,15%,1,1,0
8820001,1002778,15%,1,1,0
8820001,1002779,15%,1,1,0
8820001,1002780,15%,1,1,0
8820001,1002790,15%,1,1,0
8820001,1002791,15%,1,1,0
8820001,1002792,15%,1,1,0
8820001,1002793,15%,1,1,0
8820001,1002794,15%,1,1,0
8820001,1032031,15%,1,1,0
8820001,1032206,15%,1,1,0
8820001,1052155,15%,1,1,0
8820001,1052156,15%,1,1,0
8820001,1052157,15%,1,1,0
8820001,1052158,15%,1,1,0
8820001,1052159,15%,1,1,0
8820001,1052160,15%,1,1,0
8820001,1052161,15%,1,1,0
8820001,1052162,15%,1,1,0
8820001,1052163,15%,1,1,0
8820001,1052164,15%,1,1,0
8820001,1072355,15%,1,1,0
8820001,1072356,15%,1,1,0
8820001,1072357,15%,1,1,0
8820001,1072358,15%,1,1,0
8820001,1072359,15%,1,1,0
8820001,1072361,15%,1,1,0
8820001,1072362,15%,1,1,0
8820001,1072363,15%,1,1,0
8820001,1072364,15%,1,1,0
8820001,1072365,15%,1,1,0
8820001,1082234,15%,1,1,0
8820001,1082235,15%,1,1,0
8820001,1082236,15%,1,1,0
8820001,1082237,15%,1,1,0
8820001,1082238,15%,1,1,0
8820001,1082239,15%,1,1,0
8820001,1082240,15%,1,1,0
8820001,1082241,15%,1,1,0
8820001,1082242,15%,1,1,0
8820001,1082243,15%,1,1,0
8820001,1092057,15%,1,1,0
8820001,1092058,15%,1,1,0
8820001,1092059,15%,1,1,0
8820001,1102172,15%,1,1,0
8820001,1302081,15%,1,1,0
8820001,1302086,15%,1,1,0
8820001,1312037,15%,1,1,0
8820001,1312038,15%,1,1,0
8820001,1322060,15%,1,1,0
8820001,1322061,15%,1,1,0
8820001,1332073,15%,1,1,0
8820001,1332074,15%,1,1,0
8820001,1332075,15%,1,1,0
8820001,1332076,15%,1,1,0
8820001,1342011,15%,1,1,0
8820001,1342012,15%,1,1,0
8820001,1372044,15%,1,1,0
8820001,1372045,15%,1,1,0
8820001,1382057,15%,1,1,0
8820001,1382059,15%,1,1,0
8820001,1402046,15%,1,1,0
8820001,1402047,15%,1,1,0
8820001,1412033,15%,1,1,0
8820001,1412034,15%,1,1,0
8820001,1422037,15%,1,1,0
8820001,1422038,15%,1,1,0
8820001,1432047,15%,1,1,0
8820001,1432049,15%,1,1,0
8820001,1442063,15%,1,1,0
8820001,1442067,15%,1,1,0
8820001,1452057,15%,1,1,0
8820010,2388043,0.1%,1,1,0
8820011,2388043,0.1%,1,1,0
8830000,2000006,99.9999%,1,1,0
8830000,2020013,99.9999%,1,1,0
8830000,2020015,99.9999%,1,1,0
8830000,2050004,50%,1,1,0
8830000,4001261,36%,1,1,0
8830000,2000016,20%,1,1,0
8830000,2001000,20%,1,1,0
8830000,2020000,20%,1,1,0
8830000,2020001,20%,1,1,0
8830000,2020003,20%,1,1,0
8830000,2020005,20%,1,1,0
8830000,2020006,20%,1,1,0
8830000,2020009,20%,1,1,0
8830000,2020010,20%,1,1,0
8830000,2020012,20%,1,1,0
8830000,2020014,20%,1,1,0
8830000,2022000,20%,1,1,0
8830000,2030000,20%,1,1,0
8830000,2330005,4%,1,1,0
8830000,1072376,0.8%,1,1,0
8830000,1302112,0.7%,1,1,0
8830000,1302113,0.7%,1,1,0
8830000,1312042,0.7%,1,1,0
8830000,1312043,0.7%,1,1,0
8830000,1322068,0.7%,1,1,0
8830000,1322069,0.7%,1,1,0
8830000,1372050,0.7%,1,1,0
8830000,1382066,0.7%,1,1,0
8830000,1382067,0.7%,1,1,0
8830000,1402056,0.7%,1,1,0
8830000,1402057,0.7%,1,1,0
8830000,1402058,0.7%,1,1,0
8830000,1402059,0.7%,1,1,0
8830000,1412038,0.7%,1,1,0
8830000,1412039,0.7%,1,1,0
8830000,1422042,0.7%,1,1,0
8830000,1422043,0.7%,1,1,0
8830000,1442074,0.7%,1,1,0
8830000,1442075,0.7%,1,1,0
8830000,1332084,0.5%,1,1,0
8830000,1332085,0.5%,1,1,0
8830000,1332086,0.5%,1,1,0
8830000,1332087,0.5%,1,1,0
8830000,1432054,0.5%,1,1,0
8830000,1432055,0.5%,1,1,0
8830000,1452066,0.5%,1,1,0
8830000,1452067,0.5%,1,1,0
8830000,1452068,0.5%,1,1,0
8830000,1452069,0.5%,1,1,0
8830000,1452070,0.5%,1,1,0
8830000,1462059,0.5%,1,1,0
8830000,1462060,0.5%,1,1,0
8830000,1462061,0.5%,1,1,0
8830000,1462062,0.5%,1,1,0
8830000,1462063,0.5%,1,1,0
8830000,1472083,0.5%,1,1,0
8830000,1472084,0.5%,1,1,0
8830000,1482031,0.5%,1,1,0
8830000,1482032,0.5%,1,1,0
8830000,1492035,0.5%,1,1,0
8830000,1492036,0.5%,1,1,0
8830000,2040739,0.3%,1,1,0
8830000,2000004,0.15%,1,1,0
8830000,2000005,0.1%,1,1,0
8830000,2049000,0.09%,1,1,0
8830000,2049100,0.03%,1,1,0
9000001,4031013,30%,1,1,0
9000002,4031013,30%,1,1,0
9000100,4031013,30%,1,1,0
9000101,4031013,30%,1,1,0
9000200,4031013,80%,1,1,0
9000201,4031013,80%,1,1,0
9000300,4031013,80%,1,1,0
9000301,4031013,30%,1,1,0
9001000,4031059,100%,1,1,0
9001001,4031059,100%,1,1,0
9001002,4031059,100%,1,1,0
9001003,4031059,100%,1,1,0
9001004,4031059,100%,1,1,0
9001005,4031856,35%,1,1,0
9001005,4031857,35%,1,1,0
9001006,4031856,100%,1,1,0
9001006,4031857,100%,1,1,0
9001009,4032101,70%,1,1,20301
9001009,4032102,70%,1,1,20302
9001009,4032103,70%,1,1,20303
9001009,4032104,70%,1,1,20304
9001009,4032105,70%,1,1,20305
9001009,4032101,4%,1,1,20301
9001009,4032102,4%,1,1,20302
9001009,4032103,4%,1,1,20303
9001009,4032104,4%,1,1,20304
9001009,4032105,4%,1,1,20305
9001011,4032096,70%,1,1,20201
9001011,4032097,70%,1,1,20202
9001011,4032098,70%,1,1,20203
9001011,4032099,70%,1,1,20204
9001011,4032100,70%,1,1,20205
9001012,4032311,99.9999%,1,1,21202
9200016,2382001,0.1%,1,1,0
9200018,2383013,0.1%,1,1,0
9200019,2383040,0.1%,1,1,0
9300000,4001008,99.9999%,1,1,0
9300001,4001007,99.9999%,1,1,0
9300002,4001008,99.9999%,1,1,0
9300003,4001008,99.9999%,1,1,0
9300003,1072369,1%,1,1,0
9300003,1072369,1%,1,1,0
9300003,2388001,0.3%,1,1,0
9300004,4001008,99.9999%,1,1,0
9300005,4001022,99.9999%,1,1,0
9300006,4001022,99.9999%,1,1,0
9300007,4001022,99.9999%,1,1,0
9300008,4001022,99.9999%,1,1,0
9300010,4001022,99.9999%,1,1,0
9300011,2382038,0.1%,1,1,0
9300012,4001023,99.9999%,1,1,0
9300012,2388004,2.5%,1,1,0
9300014,4001022,99.9999%,1,1,0
9300018,4031802,100%,1,1,1035
9300019,4001026,100%,1,1,0
9300022,4001027,100%,1,1,0
9300023,4001028,100%,1,1,0
9300024,4001035,100%,1,1,0
9300025,4001036,100%,1,1,0
9300027,4001035,100%,1,1,0
9300028,4001024,99.9999%,1,1,0
9300028,2388021,2.5%,1,1,0
9300033,4001035,100%,1,1,0
9300039,4001054,99.9999%,1,1,0
9300039,2388012,2.5%,1,1,0
9300039,2388012,1%,1,1,0
9300040,4001051,99.9999%,1,1,0
9300041,4001052,99.9999%,1,1,0
9300042,4001052,99.9999%,1,1,0
9300043,4001052,99.9999%,1,1,0
9300045,4001050,99.9999%,1,1,0
9300046,4001050,99.9999%,1,1,0
9300047,4001050,99.9999%,1,1,0
9300048,4001053,99.9999%,1,1,0
9300051,4001052,1000%,1,1,0
9300052,4001067,10%,1,1,0
9300052,4001068,10%,1,1,0
9300052,4001069,10%,1,1,0
9300053,4001070,10%,1,1,0
9300053,4001071,10%,1,1,0
9300053,4001072,10%,1,1,0
9300053,4001073,10%,1,1,0
9300058,2380006,0.1%,1,1,0
9300059,2380009,0.1%,1,1,0
9300060,2382053,0.1%,1,1,0
9300061,2382068,0.1%,1,1,0
9300062,2382047,0.1%,1,1,0
9300063,2381003,0.1%,1,1,0
9300065,4031461,3%,1,1,6169
9300066,4031461,3%,1,1,6169
9300067,4031461,3%,1,1,6169
9300068,4031461,3%,1,1,6169
9300069,4031461,3%,1,1,6169
9300070,4031461,3%,1,1,6169
9300071,4031461,3%,1,1,6169
9300072,4031461,3%,1,1,6169
9300073,4031461,3%,1,1,6169
9300074,4031461,3%,1,1,6169
9300075,4031461,3%,1,1,6169
9300076,4031461,3%,1,1,6169
9300077,4031461,3%,1,1,6169
9300078,4031461,3%,1,1,6169
9300079,4031461,3%,1,1,6169
9300080,2384017,0.1%,1,1,0
9300081,2382047,0.1%,1,1,0
9300082,2381003,0.1%,1,1,0
9300086,4031469,25%,1,1,6315
9300086,4031470,25%,1,1,6225
9300090,2382056,2.5%,1,1,0
9300094,2280004,0.7%,1,1,0
9300094,2280005,0.7%,1,1,0
9300094,2280006,0.7%,1,1,0
9300095,2280004,0.7%,1,1,0
9300095,2280005,0.7%,1,1,0
9300095,2280006,0.7%,1,1,0
9300096,2385016,0.1%,1,1,0
9300097,4031472,10%,1,1,6301
9300098,4031472,10%,1,1,6301
9300099,4031472,10%,1,1,6301
9300100,4031469,25%,1,1,6315
9300100,4031470,25%,1,1,6225
9300105,4001347,99.9999%,1,1,0
9300105,4001348,99.9999%,1,1,0
9300106,4001347,99.9999%,1,1,0
9300106,4001348,99.9999%,1,1,0
9300107,4001347,99.9999%,1,1,0
9300107,4001348,99.9999%,1,1,0
9300114,4001120,99.9999%,1,1,0
9300115,4001121,99.9999%,1,1,0
9300116,4001122,99.9999%,1,1,0
9300119,2000006,99.9999%,1,1,0
9300119,2020013,99.9999%,1,1,0
9300119,2020015,99.9999%,1,1,0
9300119,4031437,99.9999%,1,1,0
9300119,4031438,99.9999%,1,1,0
9300119,2000002,20%,1,1,0
9300119,2020014,20%,1,1,0
9300119,2040001,0.3%,1,1,0
9300119,2040002,0.3%,1,1,0
9300119,2040401,0.3%,1,1,0
9300119,2040502,0.3%,1,1,0
9300119,2040505,0.3%,1,1,0
9300119,2040601,0.3%,1,1,0
9300119,2040801,0.3%,1,1,0
9300119,2041010,0.3%,1,1,0
9300119,2043101,0.3%,1,1,0
9300119,2043201,0.3%,1,1,0
9300119,2044101,0.3%,1,1,0
9300119,2044201,0.3%,1,1,0
9300119,2000004,0.15%,1,1,0
9300120,4001117,30%,1,1,0
9300121,4001117,30%,1,1,0
9300122,4001117,30%,1,1,0
9300124,2022131,99.9999%,1,1,0
9300124,2022132,99.9999%,1,1,0
9300125,2022131,99.9999%,1,1,0
9300125,2022132,99.9999%,1,1,0
9300126,4001117,30%,1,1,0
9300127,2022157,20%,1,1,0
9300127,2022158,20%,1,1,0
9300127,2022159,20%,1,1,0
9300127,2022160,20%,1,1,0
9300127,2022161,20%,1,1,0
9300127,2022162,20%,1,1,0
9300127,2022166,20%,1,1,0
9300127,2022174,20%,1,1,0
9300127,2022175,20%,1,1,0
9300127,2022176,20%,1,1,0
9300127,2022177,20%,1,1,0
9300127,2022178,20%,1,1,0
9300127,4001129,2%,1,1,0
9300128,2022157,1%,1,1,0
9300128,2022158,1%,1,1,0
9300128,2022159,1%,1,1,0
9300128,2022161,1%,1,1,0
9300128,2022162,1%,1,1,0
9300128,2022166,1%,1,1,0
9300128,2022174,1%,1,1,0
9300128,2022175,1%,1,1,0
9300128,2022176,1%,1,1,0
9300128,2022177,1%,1,1,0
9300128,2022178,1%,1,1,0
9300128,4001129,0.2%,1,1,0
9300129,2022177,20%,1,1,0
9300129,2022157,1%,1,1,0
9300129,2022158,1%,1,1,0
9300129,2022159,1%,1,1,0
9300129,2022161,1%,1,1,0
9300129,2022162,1%,1,1,0
9300129,2022166,1%,1,1,0
9300129,2022174,1%,1,1,0
9300129,2022175,1%,1,1,0
9300129,2022176,1%,1,1,0
9300129,2022177,1%,1,1,0
9300129,2022178,1%,1,1,0
9300129,4001129,0.2%,1,1,0
9300130,2022157,1%,1,1,0
9300130,2022158,1%,1,1,0
9300130,2022159,1%,1,1,0
9300130,2022161,1%,1,1,0
9300130,2022166,1%,1,1,0
9300130,2022174,1%,1,1,0
9300130,2022175,1%,1,1,0
9300130,2022176,1%,1,1,0
9300130,2022177,1%,1,1,0
9300130,2022178,1%,1,1,0
9300130,4001129,0.2%,1,1,0
9300131,2022157,20%,1,1,0
9300131,2022158,20%,1,1,0
9300131,2022166,20%,1,1,0
9300131,2022174,20%,1,1,0
9300131,2022175,20%,1,1,0
9300131,2022176,20%,1,1,0
9300131,2022177,20%,1,1,0
9300131,2022178,20%,1,1,0
9300131,4001129,2%,1,1,0
9300131,2022159,1%,1,1,0
9300132,2022163,20%,1,1,0
9300132,2022177,20%,1,1,0
9300132,2022157,1%,1,1,0
9300132,2022158,1%,1,1,0
9300132,2022159,1%,1,1,0
9300132,2022161,1%,1,1,0
9300132,2022162,1%,1,1,0
9300132,2022166,1%,1,1,0
9300132,2022174,1%,1,1,0
9300132,2022175,1%,1,1,0
9300132,2022176,1%,1,1,0
9300132,2022177,1%,1,1,0
9300132,2022178,1%,1,1,0
9300132,4001129,0.2%,1,1,0
9300133,2022157,20%,1,1,0
9300133,2022158,20%,1,1,0
9300133,2022159,20%,1,1,0
9300133,2022166,20%,1,1,0
9300133,2022174,20%,1,1,0
9300133,2022175,20%,1,1,0
9300133,2022176,20%,1,1,0
9300133,2022177,20%,1,1,0
9300133,2022178,20%,1,1,0
9300133,4001129,2%,1,1,0
9300134,2022177,20%,1,1,0
9300134,2022157,1%,1,1,0
9300134,2022158,1%,1,1,0
9300134,2022159,1%,1,1,0
9300134,2022162,1%,1,1,0
9300134,2022166,1%,1,1,0
9300134,2022174,1%,1,1,0
9300134,2022175,1%,1,1,0
9300134,2022176,1%,1,1,0
9300134,2022177,1%,1,1,0
9300134,2022178,1%,1,1,0
9300134,4001129,0.2%,1,1,0
9300135,2022157,1%,1,1,0
9300135,2022158,1%,1,1,0
9300135,2022159,1%,1,1,0
9300135,2022161,1%,1,1,0
9300135,2022162,1%,1,1,0
9300135,2022166,1%,1,1,0
9300135,2022174,1%,1,1,0
9300135,2022175,1%,1,1,0
9300135,2022176,1%,1,1,0
9300135,2022177,1%,1,1,0
9300135,2022178,1%,1,1,0
9300135,4001129,0.2%,1,1,0
9300136,2022157,30%,1,1,0
9300136,2022158,30%,1,1,0
9300136,2022159,30%,1,1,0
9300136,2022162,30%,1,1,0
9300136,2022166,30%,1,1,0
9300136,2022174,30%,1,1,0
9300136,2022175,30%,1,1,0
9300136,2022177,30%,1,1,0
9300136,2022178,30%,1,1,0
9300136,2022176,20%,1,1,0
9300136,2022177,20%,1,1,0
9300136,4001129,2%,1,1,0
9300139,2000006,99.9999%,1,1,0
9300139,2020013,99.9999%,1,1,0
9300139,2020015,99.9999%,1,1,0
9300139,2000002,20%,1,1,0
9300139,2020014,20%,1,1,0
9300139,2040004,0.3%,1,1,0
9300139,2040504,0.3%,1,1,0
9300139,2040707,0.3%,1,1,0
9300139,2043001,0.3%,1,1,0
9300139,2043301,0.3%,1,1,0
9300139,2043701,0.3%,1,1,0
9300139,2043801,0.3%,1,1,0
9300139,2044001,0.3%,1,1,0
9300139,2044401,0.3%,1,1,0
9300139,2044501,0.3%,1,1,0
9300139,2044601,0.3%,1,1,0
9300139,2044701,0.3%,1,1,0
9300139,2000004,0.15%,1,1,0
9300145,4001132,99.9999%,1,1,0
9300147,4001132,100%,1,1,0
9300148,4001133,36%,1,1,0
9300148,4001133,20%,1,1,0
9300148,4001134,3%,1,1,0
9300169,4001156,99.9999%,1,1,0
9300170,4001156,99.9999%,1,1,0
9300171,4001156,99.9999%,1,1,0
9300173,4001161,99.9999%,1,1,0
9300175,4001169,100%,1,1,0
9300178,2020012,36%,1,1,0
9300178,2020013,36%,1,1,0
9300178,2020014,36%,1,1,0
9300178,2020015,36%,1,1,0
9300178,2043001,0.75%,1,1,0
9300178,2043101,0.75%,1,1,0
9300178,2043201,0.75%,1,1,0
9300178,2043301,0.75%,1,1,0
9300178,2043401,0.75%,1,1,0
9300178,2043601,0.75%,1,1,0
9300178,2043701,0.75%,1,1,0
9300178,2043801,0.75%,1,1,0
9300178,2044001,0.75%,1,1,0
9300178,2044101,0.75%,1,1,0
9300178,2044201,0.75%,1,1,0
9300178,2044301,0.75%,1,1,0
9300178,2044401,0.75%,1,1,0
9300178,2044501,0.75%,1,1,0
9300178,2044601,0.75%,1,1,0
9300178,2044701,0.75%,1,1,0
9300182,2000006,99.9999%,1,1,0
9300182,2020013,99.9999%,1,1,0
9300182,2020015,99.9999%,1,1,0
9300182,4001164,36%,1,1,0
9300182,2000002,20%,1,1,0
9300182,2020014,20%,1,1,0
9300182,2043001,0.3%,1,1,0
9300182,2043101,0.3%,1,1,0
9300182,2043201,0.3%,1,1,0
9300182,2043301,0.3%,1,1,0
9300182,2043701,0.3%,1,1,0
9300182,2043801,0.3%,1,1,0
9300182,2044001,0.3%,1,1,0
9300182,2044101,0.3%,1,1,0
9300182,2044201,0.3%,1,1,0
9300182,2044301,0.3%,1,1,0
9300182,2044401,0.3%,1,1,0
9300182,2044501,0.3%,1,1,0
9300182,2044601,0.3%,1,1,0
9300182,2044701,0.3%,1,1,0
9300182,1902041,0.1%,1,1,0
9300182,1912034,0.1%,1,1,0
9300182,2049000,0.09%,1,1,0
9300184,2002034,20%,1,1,0
9300185,2002034,20%,1,1,0
9300186,2002034,20%,1,1,0
9300187,2002034,20%,1,1,0
9300188,2002034,20%,1,1,0
9300189,2002034,25%,1,1,0
9300190,2002034,25%,1,1,0
9300191,2002034,25%,1,1,0
9300192,2002034,25%,1,1,0
9300193,2002034,25%,1,1,0
9300194,2002034,30%,1,1,0
9300195,2002034,30%,1,1,0
9300196,2002034,30%,1,1,0
9300197,2002034,30%,1,1,0
9300198,2002034,30%,1,1,0
9300199,2002034,35%,1,1,0
9300200,2002034,35%,1,1,0
9300201,2002034,35%,1,1,0
9300202,2002034,35%,1,1,0
9300203,2002034,35%,1,1,0
9300204,2002034,40%,1,1,0
9300205,2002034,40%,1,1,0
9300206,2002034,40%,1,1,0
9300207,2002034,40%,1,1,0
9300208,2002034,40%,1,1,0
9300209,2002034,45%,1,1,0
9300209,2002034,45%,1,1,0
9300210,2002034,45%,1,1,0
9300210,2002034,45%,1,1,0
9300211,2002034,45%,1,1,0
9300211,2002034,45%,1,1,0
9300212,2002034,45%,1,1,0
9300212,2002034,45%,1,1,0
9300213,2002034,45%,1,1,0
9300213,2002034,45%,1,1,0
9300214,2002034,50%,1,1,0
9300214,2002034,50%,1,1,0
9300214,2002034,50%,1,1,0
9300215,2002034,50%,1,1,0
9300215,2002034,50%,1,1,0
9300215,2002034,50%,1,1,0
9300215,2340000,50%,1,1,0
9300215,2340000,50%,1,1,0
9300215,2022413,20%,1,1,0
9300215,2022414,20%,1,1,0
9300215,2022415,20%,1,1,0
9300215,2022416,20%,1,1,0
9300215,2022417,20%,1,1,0
9300215,2022418,20%,1,1,0
9300215,2022419,20%,1,1,0
9300215,2022420,20%,1,1,0
9300215,2022421,20%,1,1,0
9300215,4001226,15%,1,1,0
9300215,4001227,15%,1,1,0
9300215,4001228,15%,1,1,0
9300215,4001229,15%,1,1,0
9300215,4001230,15%,1,1,0
9300215,2049124,10%,1,1,0
9300215,4000464,10%,1,1,0
9300215,2460005,8%,1,1,0
9300215,2614015,8%,1,1,0
9300215,2002033,5%,1,1,0
9300217,2022430,70%,1,1,0
9300217,2022431,70%,1,1,0
9300217,2022432,70%,1,1,0
9300217,2022433,70%,1,1,0
9300218,2022430,70%,1,1,0
9300218,2022431,70%,1,1,0
9300218,2022432,70%,1,1,0
9300218,2022433,70%,1,1,0
9300219,2022430,70%,1,1,0
9300219,2022431,70%,1,1,0
9300219,2022432,70%,1,1,0
9300219,2022433,70%,1,1,0
9300220,2022430,70%,1,1,0
9300220,2022431,70%,1,1,0
9300220,2022432,70%,1,1,0
9300220,2022433,70%,1,1,0
9300221,2022430,70%,1,1,0
9300221,2022431,70%,1,1,0
9300221,2022432,70%,1,1,0
9300221,2022433,70%,1,1,0
9300222,2022430,70%,1,1,0
9300222,2022431,70%,1,1,0
9300222,2022432,70%,1,1,0
9300222,2022433,70%,1,1,0
9300223,2022430,70%,1,1,0
9300223,2022431,70%,1,1,0
9300223,2022432,70%,1,1,0
9300223,2022433,70%,1,1,0
9300224,2022430,70%,1,1,0
9300224,2022431,70%,1,1,0
9300224,2022432,70%,1,1,0
9300224,2022433,70%,1,1,0
9300225,2022430,70%,1,1,0
9300225,2022431,70%,1,1,0
9300225,2022432,70%,1,1,0
9300225,2022433,70%,1,1,0
9300226,2022430,70%,1,1,0
9300226,2022431,70%,1,1,0
9300226,2022432,70%,1,1,0
9300226,2022433,70%,1,1,0
9300227,2022430,70%,1,1,0
9300227,2022431,70%,1,1,0
9300227,2022432,70%,1,1,0
9300227,2022433,70%,1,1,0
9300228,2022430,70%,1,1,0
9300228,2022431,70%,1,1,0
9300228,2022432,70%,1,1,0
9300228,2022433,70%,1,1,0
9300229,2022430,70%,1,1,0
9300229,2022431,70%,1,1,0
9300229,2022432,70%,1,1,0
9300229,2022433,70%,1,1,0
9300230,2022430,70%,1,1,0
9300230,2022431,70%,1,1,0
9300230,2022432,70%,1,1,0
9300230,2022433,70%,1,1,0
9300231,2022430,70%,1,1,0
9300231,2022431,70%,1,1,0
9300231,2022432,70%,1,1,0
9300231,2022433,70%,1,1,0
9300232,2022430,70%,1,1,0
9300232,2022431,70%,1,1,0
9300232,2022432,70%,1,1,0
9300232,2022433,70%,1,1,0
9300233,2022430,70%,1,1,0
9300233,2022431,70%,1,1,0
9300233,2022432,70%,1,1,0
9300233,2022433,70%,1,1,0
9300234,2022430,70%,1,1,0
9300234,2022431,70%,1,1,0
9300234,2022432,70%,1,1,0
9300234,2022433,70%,1,1,0
9300235,2022430,70%,1,1,0
9300235,2022431,70%,1,1,0
9300235,2022432,70%,1,1,0
9300235,2022433,70%,1,1,0
9300236,2022430,70%,1,1,0
9300236,2022431,70%,1,1,0
9300236,2022432,70%,1,1,0
9300236,2022433,70%,1,1,0
9300237,2022430,70%,1,1,0
9300237,2022431,70%,1,1,0
9300237,2022432,70%,1,1,0
9300237,2022433,70%,1,1,0
9300238,2022430,70%,1,1,0
9300238,2022431,70%,1,1,0
9300238,2022432,70%,1,1,0
9300238,2022433,70%,1,1,0
9300239,2022430,70%,1,1,0
9300239,2022431,70%,1,1,0
9300239,2022432,70%,1,1,0
9300239,2022433,70%,1,1,0
9300240,2022430,70%,1,1,0
9300240,2022431,70%,1,1,0
9300240,2022432,70%,1,1,0
9300240,2022433,70%,1,1,0
9300241,2022430,70%,1,1,0
9300241,2022431,70%,1,1,0
9300241,2022432,70%,1,1,0
9300241,2022433,70%,1,1,0
9300242,2022430,70%,1,1,0
9300242,2022431,70%,1,1,0
9300242,2022432,70%,1,1,0
9300242,2022433,70%,1,1,0
9300243,2022430,70%,1,1,0
9300243,2022431,70%,1,1,0
9300243,2022432,70%,1,1,0
9300243,2022433,70%,1,1,0
9300244,2022430,70%,1,1,0
9300244,2022431,70%,1,1,0
9300244,2022432,70%,1,1,0
9300244,2022433,70%,1,1,0
9300245,2022430,70%,1,1,0
9300245,2022431,70%,1,1,0
9300245,2022432,70%,1,1,0
9300245,2022433,70%,1,1,0
9300246,2022430,70%,1,1,0
9300246,2022431,70%,1,1,0
9300246,2022432,70%,1,1,0
9300246,2022433,70%,1,1,0
9300247,2022430,70%,1,1,0
9300247,2022431,70%,1,1,0
9300247,2022432,70%,1,1,0
9300247,2022433,70%,1,1,0
9300248,2022430,70%,1,1,0
9300248,2022431,70%,1,1,0
9300248,2022432,70%,1,1,0
9300248,2022433,70%,1,1,0
9300249,2022430,70%,1,1,0
9300249,2022431,70%,1,1,0
9300249,2022432,70%,1,1,0
9300249,2022433,70%,1,1,0
9300250,2022430,70%,1,1,0
9300250,2022431,70%,1,1,0
9300250,2022432,70%,1,1,0
9300250,2022433,70%,1,1,0
9300251,2022430,70%,1,1,0
9300251,2022431,70%,1,1,0
9300251,2022432,70%,1,1,0
9300251,2022433,70%,1,1,0
9300252,2022430,70%,1,1,0
9300252,2022431,70%,1,1,0
9300252,2022432,70%,1,1,0
9300252,2022433,70%,1,1,0
9300253,2022430,70%,1,1,0
9300253,2022431,70%,1,1,0
9300253,2022432,70%,1,1,0
9300253,2022433,70%,1,1,0
9300254,2022430,70%,1,1,0
9300254,2022431,70%,1,1,0
9300254,2022432,70%,1,1,0
9300254,2022433,70%,1,1,0
9300255,2022430,70%,1,1,0
9300255,2022431,70%,1,1,0
9300255,2022432,70%,1,1,0
9300255,2022433,70%,1,1,0
9300256,2022430,70%,1,1,0
9300256,2022431,70%,1,1,0
9300256,2022432,70%,1,1,0
9300256,2022433,70%,1,1,0
9300257,2022430,70%,1,1,0
9300257,2022431,70%,1,1,0
9300257,2022432,70%,1,1,0
9300257,2022433,70%,1,1,0
9300258,2022430,70%,1,1,0
9300258,2022431,70%,1,1,0
9300258,2022432,70%,1,1,0
9300258,2022433,70%,1,1,0
9300259,2022430,70%,1,1,0
9300259,2022431,70%,1,1,0
9300259,2022432,70%,1,1,0
9300259,2022433,70%,1,1,0
9300260,2022430,70%,1,1,0
9300260,2022431,70%,1,1,0
9300260,2022432,70%,1,1,0
9300260,2022433,70%,1,1,0
9300261,2022430,70%,1,1,0
9300261,2022431,70%,1,1,0
9300261,2022432,70%,1,1,0
9300261,2022433,70%,1,1,0
9300262,2022430,70%,1,1,0
9300262,2022431,70%,1,1,0
9300262,2022432,70%,1,1,0
9300262,2022433,70%,1,1,0
9300263,2022430,70%,1,1,0
9300263,2022431,70%,1,1,0
9300263,2022432,70%,1,1,0
9300263,2022433,70%,1,1,0
9300264,2022430,70%,1,1,0
9300264,2022431,70%,1,1,0
9300264,2022432,70%,1,1,0
9300264,2022433,70%,1,1,0
9300265,2022430,70%,1,1,0
9300265,2022431,70%,1,1,0
9300265,2022432,70%,1,1,0
9300265,2022433,70%,1,1,0
9300266,2022430,70%,1,1,0
9300266,2022431,70%,1,1,0
9300266,2022432,70%,1,1,0
9300266,2022433,70%,1,1,0
9300267,2022430,70%,1,1,0
9300267,2022431,70%,1,1,0
9300267,2022432,70%,1,1,0
9300267,2022433,70%,1,1,0
9300270,2022430,70%,1,1,0
9300270,2022431,70%,1,1,0
9300270,2022432,70%,1,1,0
9300270,2022433,70%,1,1,0
9300274,4000001,36%,1,1,0
9300274,4032314,15%,1,1,21709
9300274,4032190,5%,1,1,20705
9300274,4032315,5%,1,1,21711
9300274,2060000,3%,1,1,0
9300274,2061000,3%,1,1,0
9300274,2000000,2%,1,1,0
9300274,4010000,0.9%,1,1,0
9300274,4020007,0.9%,1,1,0
9300274,2330000,0.4%,1,1,0
9300274,4030001,0.2%,1,1,0
9300274,1082012,0.1%,1,1,0
9300274,1002043,0.09%,1,1,0
9300274,1072004,0.08%,1,1,0
9300274,1072015,0.08%,1,1,0
9300274,1072031,0.08%,1,1,0
9300274,1432000,0.05%,1,1,0
9300274,1052095,0.045%,1,1,0
9300274,1312000,0.045%,1,1,0
9300274,2040705,0.03%,1,1,0
9300274,4030001,0.03%,1,1,0
9300281,4000580,99.9999%,10,10,3127
9300281,4000581,99.9999%,10,10,3129
9300281,4000584,99.9999%,1,1,3125
9300281,4032647,99.9999%,1,1,3130
9300281,4032648,99.9999%,1,1,3128
9300281,4032651,99.9999%,10,10,3126
9300281,4000584,36%,1,1,0
9300281,1032077,10%,1,1,0
9300281,1032078,10%,1,1,0
9300281,1032079,10%,1,1,0
9300281,1032077,0.1%,1,1,0
9300281,1032078,0.1%,1,1,0
9300281,1032079,0.1%,1,1,0
9300281,1902048,0.1%,1,1,0
9300281,1912041,0.1%,1,1,0
9300281,2290154,0.05%,1,1,0
9300281,2290155,0.05%,1,1,0
9300281,2290156,0.05%,1,1,0
9300281,2040004,0.03%,1,1,0
9300281,2040031,0.03%,1,1,0
9300281,2040501,0.03%,1,1,0
9300281,2040516,0.03%,1,1,0
9300281,2040627,0.03%,1,1,0
9300281,2040702,0.03%,1,1,0
9300281,2040804,0.03%,1,1,0
9300281,2041001,0.03%,1,1,0
9300281,2041008,0.03%,1,1,0
9300281,2043301,0.03%,1,1,0
9300281,2043401,0.03%,1,1,0
9300281,2043402,0.03%,1,1,0
9300281,2044001,0.03%,1,1,0
9300281,2044312,0.03%,1,1,0
9300281,2044401,0.03%,1,1,0
9300281,2044502,0.03%,1,1,0
9300281,2044601,0.03%,1,1,0
9300281,2044701,0.03%,1,1,0
9300281,2044702,0.03%,1,1,0
9300281,2044807,0.03%,1,1,0
9300281,2048002,0.03%,1,1,0
9300287,4032120,4%,1,1,20601
9300287,4032121,4%,1,1,20602
9300287,4032122,4%,1,1,20603
9300287,4032123,4%,1,1,20604
9300287,4032124,4%,1,1,20605
9300289,4032120,99.9999%,1,1,20601
9300289,4032121,99.9999%,1,1,20602
9300289,4032122,99.9999%,1,1,20603
9300289,4032123,99.9999%,1,1,20604
9300289,4032124,99.9999%,1,1,20605
9300289,4032125,4%,1,1,20611
9300289,4032126,4%,1,1,20612
9300289,4032127,4%,1,1,20613
9300289,4032128,4%,1,1,20614
9300289,4032129,4%,1,1,20615
9300294,4032125,99.9999%,1,1,20611
9300294,4032126,99.9999%,1,1,20612
9300294,4032127,99.9999%,1,1,20613
9300294,4032128,99.9999%,1,1,20614
9300294,4032129,99.9999%,1,1,20615
9300315,2022177,20%,1,1,0
9300315,2022157,1%,1,1,0
9300315,2022158,1%,1,1,0
9300315,2022159,1%,1,1,0
9300315,2022161,1%,1,1,0
9300315,2022166,1%,1,1,0
9300315,2022174,1%,1,1,0
9300315,2022175,1%,1,1,0
9300315,2022176,1%,1,1,0
9300315,2022177,1%,1,1,0
9300315,2022178,1%,1,1,0
9300315,4001254,0.2%,1,1,0
9300316,2022177,20%,1,1,0
9300316,2022157,1%,1,1,0
9300316,2022158,1%,1,1,0
9300316,2022159,1%,1,1,0
9300316,2022161,1%,1,1,0
9300316,2022162,1%,1,1,0
9300316,2022166,1%,1,1,0
9300316,2022174,1%,1,1,0
9300316,2022175,1%,1,1,0
9300316,2022176,1%,1,1,0
9300316,2022177,1%,1,1,0
9300316,2022178,1%,1,1,0
9300316,4001254,0.2%,1,1,0
9300317,2022177,20%,1,1,0
9300317,2022178,20%,1,1,0
9300317,2022157,1%,1,1,0
9300317,2022158,1%,1,1,0
9300317,2022159,1%,1,1,0
9300317,2022161,1%,1,1,0
9300317,2022166,1%,1,1,0
9300317,2022174,1%,1,1,0
9300317,2022175,1%,1,1,0
9300317,2022176,1%,1,1,0
9300317,2022177,1%,1,1,0
9300317,2022178,1%,1,1,0
9300317,4001254,0.2%,1,1,0
9300318,2022177,20%,1,1,0
9300318,2022178,20%,1,1,0
9300318,2022157,1%,1,1,0
9300318,2022158,1%,1,1,0
9300318,2022159,1%,1,1,0
9300318,2022162,1%,1,1,0
9300318,2022166,1%,1,1,0
9300318,2022174,1%,1,1,0
9300318,2022175,1%,1,1,0
9300318,2022176,1%,1,1,0
9300318,2022177,1%,1,1,0
9300318,2022178,1%,1,1,0
9300318,4001254,0.2%,1,1,0
9300319,2022177,20%,1,1,0
9300319,2022157,1%,1,1,0
9300319,2022158,1%,1,1,0
9300319,2022159,1%,1,1,0
9300319,2022162,1%,1,1,0
9300319,2022166,1%,1,1,0
9300319,2022174,1%,1,1,0
9300319,2022175,1%,1,1,0
9300319,2022176,1%,1,1,0
9300319,2022177,1%,1,1,0
9300319,2022178,1%,1,1,0
9300319,4001254,0.2%,1,1,0
9300320,2022157,1%,1,1,0
9300320,2022158,1%,1,1,0
9300320,2022159,1%,1,1,0
9300320,2022161,1%,1,1,0
9300320,2022162,1%,1,1,0
9300320,2022166,1%,1,1,0
9300320,2022174,1%,1,1,0
9300320,2022175,1%,1,1,0
9300320,2022176,1%,1,1,0
9300320,2022177,1%,1,1,0
9300320,2022178,1%,1,1,0
9300320,4001254,0.2%,1,1,0
9300321,2022157,1%,1,1,0
9300321,2022158,1%,1,1,0
9300321,2022159,1%,1,1,0
9300321,2022161,1%,1,1,0
9300321,2022162,1%,1,1,0
9300321,2022166,1%,1,1,0
9300321,2022174,1%,1,1,0
9300321,2022175,1%,1,1,0
9300321,2022176,1%,1,1,0
9300321,2022177,1%,1,1,0
9300321,2022178,1%,1,1,0
9300321,4001254,0.2%,1,1,0
9300322,2022178,20%,1,1,0
9300322,2022157,1%,1,1,0
9300322,2022158,1%,1,1,0
9300322,2022159,1%,1,1,0
9300322,2022161,1%,1,1,0
9300322,2022162,1%,1,1,0
9300322,2022166,1%,1,1,0
9300322,2022174,1%,1,1,0
9300322,2022175,1%,1,1,0
9300322,2022176,1%,1,1,0
9300322,2022177,1%,1,1,0
9300322,2022178,1%,1,1,0
9300322,4001254,0.2%,1,1,0
9300323,2022177,20%,1,1,0
9300323,2022178,20%,1,1,0
9300323,2022157,1%,1,1,0
9300323,2022158,1%,1,1,0
9300323,2022159,1%,1,1,0
9300323,2022161,1%,1,1,0
9300323,2022162,1%,1,1,0
9300323,2022166,1%,1,1,0
9300323,2022174,1%,1,1,0
9300323,2022175,1%,1,1,0
9300323,2022176,1%,1,1,0
9300323,2022177,1%,1,1,0
9300323,2022178,1%,1,1,0
9300323,4001254,0.2%,1,1,0
9300324,2022177,20%,1,1,0
9300324,2022178,20%,1,1,0
9300324,2022157,1%,1,1,0
9300324,2022158,1%,1,1,0
9300324,2022159,1%,1,1,0
9300324,2022161,1%,1,1,0
9300324,2022162,1%,1,1,0
9300324,2022166,1%,1,1,0
9300324,2022174,1%,1,1,0
9300324,2022175,1%,1,1,0
9300324,2022176,1%,1,1,0
9300324,2022177,1%,1,1,0
9300324,2022178,1%,1,1,0
9300324,4001254,0.2%,1,1,0
9300340,2002033,10%,1,1,0
9300340,2002033,10%,1,1,0
9300340,2002033,10%,1,1,0
9300340,2022035,10%,1,1,0
9300340,2022035,10%,1,1,0
9300340,2022035,10%,1,1,0
9300340,2022035,10%,1,1,0
9300340,2022468,10%,1,1,0
9300340,2022468,10%,1,1,0
9300340,2022468,10%,1,1,0
9300340,2022468,10%,1,1,0
9300340,2022468,10%,1,1,0
9300340,2022468,10%,1,1,0
9300340,2049124,10%,1,1,0
9300340,2049124,10%,1,1,0
9300340,2049124,10%,1,1,0
9300340,2340000,10%,1,1,0
9300340,2340000,10%,1,1,0
9300340,2340000,10%,1,1,0
9300340,2460005,10%,1,1,0
9300340,2460005,10%,1,1,0
9300340,2460005,10%,1,1,0
9300340,4000464,5%,1,1,0
9300340,4000464,5%,1,1,0
9300340,4000464,5%,1,1,0
9300340,4310149,5%,1,1,0
9300340,4310149,5%,1,1,0
9300340,4310149,5%,1,1,0
9300367,2022179,30%,1,1,0
9300367,1002971,4%,1,1,0
9300367,1442057,4%,1,1,0
9300367,1442046,3%,1,1,0
9300368,2022179,30%,1,1,0
9300368,1002971,4%,1,1,0
9300368,1442057,4%,1,1,0
9300368,1442046,3%,1,1,0
9300369,2022179,30%,1,1,0
9300369,1002971,4%,1,1,0
9300369,1442057,4%,1,1,0
9300369,1442046,3%,1,1,0
9300370,2022179,30%,1,1,0
9300370,1002971,4%,1,1,0
9300370,1442057,4%,1,1,0
9300370,1442046,3%,1,1,0
9300371,2022179,30%,1,1,0
9300371,1002971,4%,1,1,0
9300371,1442057,4%,1,1,0
9300371,1442046,3%,1,1,0
9300372,2022179,30%,1,1,0
9300372,1002971,4%,1,1,0
9300372,1442057,4%,1,1,0
9300372,1442046,3%,1,1,0
9300373,2022179,30%,1,1,0
9300373,1002971,4%,1,1,0
9300373,1442057,4%,1,1,0
9300373,1442046,3%,1,1,0
9300374,2022179,30%,1,1,0
9300374,1002971,4%,1,1,0
9300374,1442057,4%,1,1,0
9300374,1442046,3%,1,1,0
9300375,2022179,30%,1,1,0
9300375,1002971,4%,1,1,0
9300375,1442057,4%,1,1,0
9300375,1442046,3%,1,1,0
9300376,2022179,30%,1,1,0
9300376,1002971,4%,1,1,0
9300376,1442057,4%,1,1,0
9300376,1442046,3%,1,1,0
9300377,2022179,30%,1,1,0
9300377,1002971,4%,1,1,0
9300377,1442057,4%,1,1,0
9300377,1442046,3%,1,1,0
9302010,2022524,10%,1,1,0
9303000,2388000,0.1%,1,1,0
9303003,2388029,0.1%,1,1,0
9303006,2383004,0.1%,1,1,0
9303007,2388031,0.1%,1,1,0
9303014,2388030,0.1%,1,1,0
9400002,4000066,36%,1,1,0
9400002,1322010,1%,1,1,0
9400002,1002138,0.2%,1,1,0
9400002,1002138,0.2%,1,1,0
9400002,1032008,0.2%,1,1,0
9400002,1040073,0.2%,1,1,0
9400002,1072039,0.2%,1,1,0
9400002,1322027,0.2%,1,1,0
9400002,1462004,0.2%,1,1,0
9400002,2043105,0.1%,1,1,0
9400002,1002418,0.03%,1,1,0
9400003,4000075,36%,1,1,0
9400004,4000077,36%,1,1,0
9400009,4000064,36%,1,1,0
9400010,4000065,36%,1,1,0
9400011,4007002,1%,1,1,0
9400012,4007003,1%,1,1,0
9400013,4000225,36%,1,1,0
9400013,2000006,2%,1,1,0
9400013,2002005,2%,1,1,0
9400013,2022018,2%,1,1,0
9400013,2070013,0.3%,1,1,0
9400013,2000004,0.15%,1,1,0
9400013,1032019,0.1%,1,1,0
9400013,1102013,0.1%,1,1,0
9400013,1002276,0.09%,1,1,0
9400013,1002403,0.09%,1,1,0
9400013,1472027,0.05%,1,1,0
9400013,1092015,0.045%,1,1,0
9400013,1322026,0.045%,1,1,0
9400013,1382016,0.045%,1,1,0
9400013,2040306,0.03%,1,1,0
9400013,2041034,0.03%,1,1,0
9400013,2043704,0.03%,1,1,0
9400013,2044605,0.03%,1,1,0
9400014,4310015,5%,1,1,0
9400100,4000089,36%,1,1,0
9400100,1332021,0.05%,1,1,0
9400100,1332029,0.05%,1,1,0
9400101,4000090,36%,1,1,0
9400102,4000091,36%,1,1,0
9400102,1312012,0.05%,1,1,0
9400103,4000137,36%,1,1,0
9400110,4000093,36%,1,1,0
9400110,4031139,10%,1,1,8005
9400110,1402017,0.1%,1,1,0
9400111,4000092,36%,1,1,0
9400111,4031139,10%,1,1,8005
9400111,1452018,0.1%,1,1,0
9400111,1452018,0.003%,1,1,0
9400112,4000139,36%,1,1,0
9400112,2002011,20%,1,1,0
9400112,2000004,0.15%,1,1,0
9400113,4000140,36%,1,1,0
9400113,2002008,20%,1,1,0
9400113,2000004,0.15%,1,1,0
9400120,4000094,36%,1,1,0
9400120,2041030,9%,1,1,0
9400120,2000006,8%,1,1,0
9400120,2050004,7%,1,1,0
9400120,4010006,5%,1,1,0
9400120,4020007,5%,1,1,0
9400120,4001002,2%,1,1,0
9400120,4310015,2%,1,1,0
9400120,1092029,1.3%,1,1,0
9400120,1002276,0.6%,1,1,0
9400120,1002328,0.6%,1,1,0
9400120,1032023,0.6%,1,1,0
9400120,1050064,0.6%,1,1,0
9400120,1051058,0.6%,1,1,0
9400120,1302026,0.6%,1,1,0
9400120,1382010,0.6%,1,1,0
9400120,1422012,0.6%,1,1,0
9400120,2041041,0.4%,1,1,0
9400120,1402013,0.3%,1,1,0
9400120,1372038,0.1%,1,1,0
9400120,2000005,0.1%,1,1,0
9400120,2070005,0.004%,1,1,0
9400121,2000006,99.9999%,1,1,0
9400121,4000138,36%,1,1,0
9400121,2000011,10%,1,1,0
9400121,2020016,10%,1,1,0
9400121,2022024,10%,1,1,0
9400121,2022026,10%,1,1,0
9400121,4010006,4.5%,1,1,0
9400121,4001002,2%,1,1,0
9400121,4310015,2%,1,1,0
9400121,1072239,0.4%,1,1,0
9400121,1312015,0.35%,1,1,0
9400121,1382010,0.35%,1,1,0
9400121,1402016,0.35%,1,1,0
9400121,1422013,0.35%,1,1,0
9400121,1442020,0.35%,1,1,0
9400121,1332022,0.25%,1,1,0
9400121,1432011,0.25%,1,1,0
9400121,1472033,0.25%,1,1,0
9400121,2040510,0.09%,1,1,0
9400121,2040716,0.09%,1,1,0
9400121,2040908,0.09%,1,1,0
9400121,2043705,0.09%,1,1,0
9400200,2383029,0.1%,1,1,0
9400202,2049100,0.03%,1,1,0
9400203,2384059,0.1%,1,1,0
9400204,4130020,0.4%,1,1,0
9400204,2384058,0.1%,1,1,0
9400205,2020018,4.5%,1,1,0
9400205,2020019,4.5%,1,1,0
9400205,2061003,4.5%,1,1,0
9400205,2002011,3%,1,1,0
9400205,4010002,3%,1,1,0
9400205,4020005,3%,1,1,0
9400205,2070004,2.5%,1,1,0
9400205,2388053,2.5%,1,1,0
9400205,1322029,0.6%,1,1,0
9400205,1412010,0.6%,1,1,0
9400205,1452025,0.6%,1,1,0
9400205,1462022,0.6%,1,1,0
9400205,1472031,0.6%,1,1,0
9400205,2040008,0.3%,1,1,0
9400205,2040405,0.3%,1,1,0
9400205,2041039,0.3%,1,1,0
9400205,2041041,0.3%,1,1,0
9400205,2043004,0.3%,1,1,0
9400205,2043304,0.3%,1,1,0
9400205,2044505,0.3%,1,1,0
9400205,2280005,0.12%,1,1,0
9400205,1382037,0.1%,1,1,0
9400205,2000005,0.1%,1,1,0
9400238,2382001,0.1%,1,1,0
9400240,2383028,0.1%,1,1,0
9400242,2380009,0.1%,1,1,0
9400243,2383030,0.1%,1,1,0
9400244,2383039,0.1%,1,1,0
9400245,2381016,0.1%,1,1,0
9400249,2383028,0.1%,1,1,0
9400316,2022428,20%,1,1,0
9400316,2022465,20%,1,1,0
9400316,2022466,20%,1,1,0
9400316,2022467,20%,1,1,0
9400316,2022468,20%,1,1,0
9400317,2022428,20%,1,1,0
9400317,2022465,20%,1,1,0
9400317,2022466,20%,1,1,0
9400317,2022467,20%,1,1,0
9400317,2022468,20%,1,1,0
9400318,2022428,20%,1,1,0
9400318,2022465,20%,1,1,0
9400318,2022466,20%,1,1,0
9400318,2022467,20%,1,1,0
9400318,2022468,20%,1,1,0
9400321,2022428,20%,1,1,0
9400321,2022465,20%,1,1,0
9400321,2022466,20%,1,1,0
9400321,2022467,20%,1,1,0
9400321,2022468,20%,1,1,0
9400321,1072239,0.2%,1,1,0
9400543,4031680,30%,1,1,4914
9400543,1902051,0.1%,1,1,0
9400543,1912044,0.1%,1,1,0
9400545,4004001,1%,1,1,0
9400545,4010001,0.9%,1,1,0
9400545,4020006,0.9%,1,1,0
9400545,4020008,0.9%,1,1,0
9400545,1002271,0.03%,1,1,0
9400545,1002275,0.03%,1,1,0
9400545,1002285,0.03%,1,1,0
9400545,1032023,0.03%,1,1,0
9400545,1040104,0.03%,1,1,0
9400545,1050064,0.03%,1,1,0
9400545,1050092,0.03%,1,1,0
9400545,1051053,0.03%,1,1,0
9400545,1051082,0.03%,1,1,0
9400545,1060092,0.03%,1,1,0
9400545,1072172,0.03%,1,1,0
9400545,1072178,0.03%,1,1,0
9400545,1072193,0.03%,1,1,0
9400545,1072210,0.03%,1,1,0
9400545,1082129,0.03%,1,1,0
9400545,1102029,0.03%,1,1,0
9400545,1382008,0.03%,1,1,0
9400545,1402004,0.03%,1,1,0
9400545,1442008,0.03%,1,1,0
9400545,1472028,0.03%,1,1,0
9400545,2044305,0.03%,1,1,0
9400545,2044404,0.03%,1,1,0
9400545,2044702,0.03%,1,1,0
9400545,2070006,0.002%,1,1,0
9400546,4031681,100%,1,1,4915
9400546,1902034,0.1%,1,1,0
9400546,1912027,0.1%,1,1,0
9400547,4000391,36%,1,1,0
9400557,2022468,5%,1,1,0
9400558,2022468,5%,1,1,0
9400559,2022468,5%,1,1,0
9400560,2022468,5%,1,1,0
9400578,4032008,5%,1,1,0
9400578,2001000,2%,1,1,0
9400578,1082246,0.01%,1,1,0
9400581,4032006,5%,1,1,0
9400582,4032010,5%,1,1,0
9400582,4032011,5%,1,1,0
9400589,1902054,0.1%,1,1,0
9400589,1912047,0.1%,1,1,0
9400590,1122059,99.9999%,1,1,0
9400591,1122059,99.9999%,1,1,0
9400591,1412040,30%,1,1,0
9400592,1122059,99.9999%,1,1,0
9400593,1122059,99.9999%,1,1,0
9400609,1072419,1%,1,1,0
9400609,1082256,1%,1,1,0
9400610,1072422,1%,1,1,0
9400610,1082259,1%,1,1,0
9400611,1072423,1%,1,1,0
9400611,1082260,1%,1,1,0
9400612,1072420,1%,1,1,0
9400612,1082257,1%,1,1,0
9400613,1072421,1%,1,1,0
9400613,1082258,1%,1,1,0
9400614,4001352,99.9999%,1,1,28205
9400614,4001369,99.9999%,1,1,28259
9400614,4001341,5%,1,1,0
9400615,4001352,99.9999%,1,1,28205
9400615,4001369,99.9999%,1,1,28259
9400615,4001341,5%,1,1,0
9400616,4001352,99.9999%,1,1,28205
9400616,4001369,99.9999%,1,1,28259
9400616,4001341,5%,1,1,0
9400617,4001352,99.9999%,1,1,28205
9400617,4001369,99.9999%,1,1,28259
9400617,4001370,99.9999%,1,1,28260
9400617,2380020,0.1%,1,1,0
9400618,4001367,99.9999%,1,1,28257
9400619,4001367,99.9999%,1,1,28257
9400620,4001371,99.9999%,1,1,28261
9400621,4001368,99.9999%,1,1,28258
9400622,4001368,99.9999%,1,1,28258
9400623,1072422,1%,1,1,0
9400623,1082259,1%,1,1,0
9400633,1302133,5%,1,1,0
9400633,1332099,5%,1,1,0
9400633,1372058,5%,1,1,0
9400633,1382080,5%,1,1,0
9400633,1402072,5%,1,1,0
9400633,1412046,5%,1,1,0
9400633,1432061,5%,1,1,0
9400633,1452085,5%,1,1,0
9400633,1462075,5%,1,1,0
9400633,1472100,5%,1,1,0
9400633,1482046,5%,1,1,0
9400633,1492048,5%,1,1,0
9400655,4001370,99.9999%,1,1,28260
9400656,4001370,99.9999%,1,1,28260
9400657,4001371,99.9999%,1,1,28261
9400748,2022453,12%,1,1,0
9400748,4020000,10%,1,1,0
9400748,4020003,10%,1,1,0
9400748,4020006,10%,1,1,0
9400748,4020007,10%,1,1,0
9400748,1002858,5%,1,1,0
9400748,1002859,5%,1,1,0
9400748,1002860,5%,1,1,0
9400748,1002861,5%,1,1,0
9400748,1032001,5%,1,1,0
9400748,1032002,5%,1,1,0
9400748,1032003,5%,1,1,0
9400748,1032004,5%,1,1,0
9410000,4000198,40%,1,1,0
9410001,4000199,40%,1,1,0
9410002,4000200,40%,1,1,0
9410003,4000201,40%,1,1,0
9410004,4000202,40%,1,1,0
9410004,4031296,10%,1,1,8605
9410005,4000254,36%,1,1,0
9410006,4000255,36%,1,1,0
9410007,4000256,36%,1,1,0
9410008,4031352,10%,1,1,8623
9410009,4000257,36%,1,1,0
9410011,4000258,36%,1,1,0
9410013,4000259,36%,1,1,0
9410014,2388054,0.1%,1,1,0
9410015,2388054,2.5%,1,1,0
9410067,5220010,100%,1,1,0
9420001,4031401,100%,1,1,8761
9420001,1902008,0.1%,1,1,0
9420001,1912003,0.1%,1,1,0
9420002,4000248,100%,1,1,0
9420003,4000251,100%,1,1,0
9420003,4031400,100%,1,1,8761
9420003,4007004,1%,1,1,0
9420005,4000252,100%,1,1,0
9420005,4000253,100%,1,1,0
9420500,4000369,36%,1,1,0
9420500,4000370,36%,1,1,0
9420500,2060000,3%,1,1,0
9420500,2061000,3%,1,1,0
9420500,2000001,2%,1,1,0
9420500,2000003,2%,1,1,0
9420500,2002002,2%,1,1,0
9420500,2020028,2%,1,1,0
9420500,1302027,1%,1,1,0
9420500,4010006,0.9%,1,1,0
9420500,4020005,0.9%,1,1,0
9420500,2330001,0.4%,1,1,0
9420500,1002142,0.09%,1,1,0
9420500,1002178,0.09%,1,1,0
9420500,1060052,0.08%,1,1,0
9420500,1332001,0.05%,1,1,0
9420500,1051006,0.045%,1,1,0
9420500,1051007,0.045%,1,1,0
9420500,1052095,0.045%,1,1,0
9420500,1382002,0.045%,1,1,0
9420500,1422008,0.045%,1,1,0
9420500,2044002,0.03%,1,1,0
9420500,4030012,0.03%,1,1,0
9420501,4000372,36%,1,1,0
9420501,2000002,2%,1,1,0
9420501,2000003,2%,1,1,0
9420501,2020028,2%,1,1,0
9420501,4006001,1%,1,1,0
9420501,4010005,0.9%,1,1,0
9420501,4020000,0.9%,1,1,0
9420501,1032008,0.1%,1,1,0
9420501,1040044,0.08%,1,1,0
9420501,1040099,0.08%,1,1,0
9420501,1060033,0.08%,1,1,0
9420501,1060088,0.08%,1,1,0
9420501,1072103,0.08%,1,1,0
9420501,1072297,0.08%,1,1,0
9420501,1332020,0.05%,1,1,0
9420501,1482001,0.05%,1,1,0
9420501,1482005,0.05%,1,1,0
9420501,1492005,0.05%,1,1,0
9420501,1050011,0.045%,1,1,0
9420501,1050051,0.045%,1,1,0
9420501,1050058,0.045%,1,1,0
9420501,1302017,0.045%,1,1,0
9420501,2043301,0.03%,1,1,0
9420501,2048005,0.03%,1,1,0
9420501,4030012,0.03%,1,1,0
9420502,4000366,36%,1,1,0
9420502,4000367,36%,1,1,0
9420502,2060000,3%,1,1,0
9420502,2061000,3%,1,1,0
9420502,2000000,2%,1,1,0
9420502,2000003,2%,1,1,0
9420502,2020028,2%,1,1,0
9420502,1302025,1%,1,1,0
9420502,4010005,0.9%,1,1,0
9420502,4020004,0.9%,1,1,0
9420502,2330000,0.4%,1,1,0
9420502,1002141,0.09%,1,1,0
9420502,1002177,0.09%,1,1,0
9420502,1002610,0.09%,1,1,0
9420502,1040074,0.08%,1,1,0
9420502,1060063,0.08%,1,1,0
9420502,1072008,0.08%,1,1,0
9420502,1051008,0.045%,1,1,0
9420502,1051009,0.045%,1,1,0
9420502,1092007,0.045%,1,1,0
9420502,1312016,0.045%,1,1,0
9420502,1372001,0.045%,1,1,0
9420502,1402009,0.045%,1,1,0
9420502,2043202,0.03%,1,1,0
9420503,4000370,36%,1,1,0
9420503,4000371,36%,1,1,0
9420503,2000002,2%,1,1,0
9420503,2000003,2%,1,1,0
9420503,2020028,2%,1,1,0
9420503,4010001,0.9%,1,1,0
9420503,4020000,0.9%,1,1,0
9420503,4001000,0.5%,1,1,0
9420503,2070001,0.1%,1,1,0
9420503,1002137,0.09%,1,1,0
9420503,1002153,0.09%,1,1,0
9420503,1002181,0.09%,1,1,0
9420503,1002613,0.09%,1,1,0
9420503,1040061,0.08%,1,1,0
9420503,1041075,0.08%,1,1,0
9420503,1060050,0.08%,1,1,0
9420503,1060051,0.08%,1,1,0
9420503,1061047,0.08%,1,1,0
9420503,1061048,0.08%,1,1,0
9420503,1061049,0.08%,1,1,0
9420503,1061070,0.08%,1,1,0
9420504,4000377,36%,1,1,0
9420504,2000002,2%,1,1,0
9420504,2000003,2%,1,1,0
9420504,2020028,2%,1,1,0
9420504,4004004,1%,1,1,0
9420504,4006001,1%,1,1,0
9420504,4010001,0.9%,1,1,0
9420504,4020000,0.9%,1,1,0
9420504,2331000,0.4%,1,1,0
9420504,2000004,0.15%,1,1,0
9420504,1302013,0.145%,1,1,0
9420504,1032007,0.1%,1,1,0
9420504,1082186,0.1%,1,1,0
9420504,1102003,0.1%,1,1,0
9420504,1002083,0.09%,1,1,0
9420504,1002211,0.09%,1,1,0
9420504,1002212,0.09%,1,1,0
9420504,1040094,0.08%,1,1,0
9420504,1041080,0.08%,1,1,0
9420504,1041086,0.08%,1,1,0
9420504,1041092,0.08%,1,1,0
9420504,1060083,0.08%,1,1,0
9420504,1061079,0.08%,1,1,0
9420504,1061085,0.08%,1,1,0
9420504,1061091,0.08%,1,1,0
9420504,1072291,0.08%,1,1,0
9420504,1482003,0.05%,1,1,0
9420504,4030012,0.03%,1,1,0
9420505,4000378,36%,1,1,0
9420505,2000002,2%,1,1,0
9420505,2002004,2%,1,1,0
9420505,2020028,2%,1,1,0
9420505,4010006,0.9%,1,1,0
9420505,4020007,0.9%,1,1,0
9420505,2000004,0.15%,1,1,0
9420505,1032002,0.1%,1,1,0
9420505,1082183,0.1%,1,1,0
9420505,2070003,0.1%,1,1,0
9420505,1002036,0.09%,1,1,0
9420505,1002167,0.09%,1,1,0
9420505,1002185,0.09%,1,1,0
9420505,1002616,0.09%,1,1,0
9420505,1041014,0.08%,1,1,0
9420505,1041065,0.08%,1,1,0
9420505,1061060,0.08%,1,1,0
9420505,1051038,0.045%,1,1,0
9420505,1051039,0.045%,1,1,0
9420505,1052101,0.045%,1,1,0
9420505,4030012,0.03%,1,1,0
9420506,4000368,36%,1,1,0
9420506,2060000,3%,1,1,0
9420506,2061000,3%,1,1,0
9420506,2000001,2%,1,1,0
9420506,2000003,2%,1,1,0
9420506,2002000,2%,1,1,0
9420506,2020028,2%,1,1,0
9420506,4010002,0.9%,1,1,0
9420506,4020003,0.9%,1,1,0
9420506,1032000,0.1%,1,1,0
9420506,1002035,0.09%,1,1,0
9420506,1002179,0.09%,1,1,0
9420506,1040021,0.08%,1,1,0
9420506,1040081,0.08%,1,1,0
9420506,1060070,0.08%,1,1,0
9420506,1432003,0.05%,1,1,0
9420506,1050030,0.045%,1,1,0
9420506,1050031,0.045%,1,1,0
9420506,1312007,0.045%,1,1,0
9420506,2044302,0.03%,1,1,0
9420507,4000374,36%,1,1,0
9420507,4000375,36%,1,1,0
9420507,4000376,36%,1,1,0
9420507,2000003,2%,1,1,0
9420507,2020028,2%,1,1,0
9420507,4010003,0.9%,1,1,0
9420507,4020002,0.9%,1,1,0
9420507,2000004,0.15%,1,1,0
9420507,1902036,0.1%,1,1,0
9420507,1912029,0.1%,1,1,0
9420507,1002213,0.09%,1,1,0
9420507,1002214,0.09%,1,1,0
9420507,1002216,0.09%,1,1,0
9420507,1002242,0.09%,1,1,0
9420507,1002243,0.09%,1,1,0
9420507,1002619,0.09%,1,1,0
9420507,1040089,0.08%,1,1,0
9420507,1041027,0.08%,1,1,0
9420507,1060078,0.08%,1,1,0
9420507,1061025,0.08%,1,1,0
9420507,1482002,0.05%,1,1,0
9420507,1492002,0.05%,1,1,0
9420507,1050053,0.045%,1,1,0
9420507,1050054,0.045%,1,1,0
9420507,1051032,0.045%,1,1,0
9420507,1051033,0.045%,1,1,0
9420507,1052104,0.045%,1,1,0
9420507,1302016,0.045%,1,1,0
9420507,2043201,0.03%,1,1,0
9420507,2044802,0.03%,1,1,0
9420508,4000373,36%,1,1,0
9420508,2060000,3%,1,1,0
9420508,2061000,3%,1,1,0
9420508,2000002,2%,1,1,0
9420508,2000003,2%,1,1,0
9420508,2020028,2%,1,1,0
9420508,4010003,0.9%,1,1,0
9420508,4020005,0.9%,1,1,0
9420508,2000004,0.15%,1,1,0
9420508,1002128,0.09%,1,1,0
9420508,1002217,0.09%,1,1,0
9420508,1040086,0.08%,1,1,0
9420508,1040095,0.08%,1,1,0
9420508,1041078,0.08%,1,1,0
9420508,1041087,0.08%,1,1,0
9420508,1060074,0.08%,1,1,0
9420508,1060084,0.08%,1,1,0
9420508,1061077,0.08%,1,1,0
9420508,1061086,0.08%,1,1,0
9420508,1072054,0.08%,1,1,0
9420508,1072288,0.08%,1,1,0
9420508,1072294,0.08%,1,1,0
9420508,1482000,0.05%,1,1,0
9420508,1482004,0.05%,1,1,0
9420508,1482006,0.05%,1,1,0
9420508,1492004,0.05%,1,1,0
9420508,1492006,0.05%,1,1,0
9420508,1051010,0.045%,1,1,0
9420509,4000380,36%,1,1,0
9420509,2000003,2%,1,1,0
9420509,2020028,2%,1,1,0
9420509,4004004,1%,1,1,0
9420509,4020008,0.9%,1,1,0
9420509,4001005,0.5%,1,1,0
9420509,2330002,0.4%,1,1,0
9420509,2000004,0.15%,1,1,0
9420509,2070004,0.1%,1,1,0
9420509,1002631,0.09%,1,1,0
9420509,1040075,0.08%,1,1,0
9420509,1041093,0.08%,1,1,0
9420509,1060064,0.08%,1,1,0
9420509,1061092,0.08%,1,1,0
9420509,1050036,0.045%,1,1,0
9420509,1050037,0.045%,1,1,0
9420509,1050039,0.045%,1,1,0
9420509,1050059,0.045%,1,1,0
9420509,1050060,0.045%,1,1,0
9420509,1051001,0.045%,1,1,0
9420509,1051014,0.045%,1,1,0
9420509,1052116,0.045%,1,1,0
9420509,1402007,0.045%,1,1,0
9420509,2044201,0.03%,1,1,0
9420510,4000379,36%,1,1,0
9420510,2000006,2%,1,1,0
9420510,2020028,2%,1,1,0
9420510,4010006,0.9%,1,1,0
9420510,4020008,0.9%,1,1,0
9420510,1032011,0.1%,1,1,0
9420510,1102017,0.1%,1,1,0
9420510,1002209,0.09%,1,1,0
9420510,1002210,0.09%,1,1,0
9420510,1040109,0.08%,1,1,0
9420510,1041068,0.08%,1,1,0
9420510,1041076,0.08%,1,1,0
9420510,1060098,0.08%,1,1,0
9420510,1061063,0.08%,1,1,0
9420510,1061071,0.08%,1,1,0
9420510,1452008,0.05%,1,1,0
9420510,1492001,0.05%,1,1,0
9420510,1051030,0.045%,1,1,0
9420510,1051031,0.045%,1,1,0
9420510,1051034,0.045%,1,1,0
9420510,1051046,0.045%,1,1,0
9420510,1051047,0.045%,1,1,0
9420510,1312008,0.045%,1,1,0
9420510,2043701,0.03%,1,1,0
9420510,4030012,0.03%,1,1,0
9420511,4000382,36%,1,1,0
9420511,2000006,2%,1,1,0
9420511,2020028,2%,1,1,0
9420511,4001006,1%,1,1,0
9420511,4010005,0.9%,1,1,0
9420511,4020007,0.9%,1,1,0
9420511,2000004,0.15%,1,1,0
9420511,1102015,0.1%,1,1,0
9420511,1002215,0.09%,1,1,0
9420511,1041079,0.08%,1,1,0
9420511,1041083,0.08%,1,1,0
9420511,1041098,0.08%,1,1,0
9420511,1061078,0.08%,1,1,0
9420511,1061082,0.08%,1,1,0
9420511,1072090,0.08%,1,1,0
9420511,1482008,0.05%,1,1,0
9420511,1492008,0.05%,1,1,0
9420511,1050055,0.045%,1,1,0
9420511,1050056,0.045%,1,1,0
9420511,2070005,0.004%,1,1,0
9420512,4000383,36%,1,1,0
9420512,2000002,2%,1,1,0
9420512,2020028,2%,1,1,0
9420512,4004004,1%,1,1,0
9420512,4006000,1%,1,1,0
9420512,4010006,0.9%,1,1,0
9420512,4020006,0.9%,1,1,0
9420512,2330003,0.4%,1,1,0
9420512,2000004,0.15%,1,1,0
9420512,1032015,0.1%,1,1,0
9420512,1082082,0.1%,1,1,0
9420512,1002637,0.09%,1,1,0
9420512,1040089,0.08%,1,1,0
9420512,1040093,0.08%,1,1,0
9420512,1060078,0.08%,1,1,0
9420512,1060082,0.08%,1,1,0
9420512,1050093,0.045%,1,1,0
9420512,1052122,0.045%,1,1,0
9420512,1302011,0.045%,1,1,0
9420512,1312009,0.045%,1,1,0
9420512,2041022,0.03%,1,1,0
9420512,2043301,0.03%,1,1,0
9420513,2000006,99.9999%,1,1,0
9420513,2020013,99.9999%,1,1,0
9420513,2020015,99.9999%,1,1,0
9420513,4000384,36%,1,1,0
9420513,4000385,36%,1,1,0
9420513,2290100,1%,1,1,0
9420513,2290118,1%,1,1,0
9420513,1040112,0.8%,1,1,0
9420513,1041118,0.8%,1,1,0
9420513,1041120,0.8%,1,1,0
9420513,1060106,0.8%,1,1,0
9420513,1061119,0.8%,1,1,0
9420513,1072178,0.8%,1,1,0
9420513,1072198,0.8%,1,1,0
9420513,1051097,0.7%,1,1,0
9420513,1312015,0.7%,1,1,0
9420513,1372009,0.7%,1,1,0
9420513,1332026,0.5%,1,1,0
9420513,1462018,0.5%,1,1,0
9420513,2041022,0.3%,1,1,0
9420514,4000429,36%,1,1,0
9420514,2000002,2%,1,1,0
9420514,2000006,2%,1,1,0
9420514,2290099,1%,1,1,0
9420514,4004002,1%,1,1,0
9420514,4006000,1%,1,1,0
9420514,4010006,0.9%,1,1,0
9420514,4020008,0.9%,1,1,0
9420514,2330004,0.4%,1,1,0
9420514,1082119,0.1%,1,1,0
9420514,1082207,0.1%,1,1,0
9420514,2000005,0.1%,1,1,0
9420514,1002330,0.09%,1,1,0
9420514,1002640,0.09%,1,1,0
9420514,1072185,0.08%,1,1,0
9420514,1332052,0.05%,1,1,0
9420514,1432010,0.05%,1,1,0
9420514,1452015,0.05%,1,1,0
9420514,1462013,0.05%,1,1,0
9420514,1050083,0.045%,1,1,0
9420514,1052125,0.045%,1,1,0
9420514,1092027,0.045%,1,1,0
9420514,1302056,0.045%,1,1,0
9420514,1372010,0.045%,1,1,0
9420514,2043802,0.03%,1,1,0
9420514,2044702,0.03%,1,1,0
9420515,4000430,36%,1,1,0
9420515,2000002,2%,1,1,0
9420515,2000006,2%,1,1,0
9420515,4004003,1%,1,1,0
9420515,4006001,1%,1,1,0
9420515,4010003,0.9%,1,1,0
9420515,4020001,0.9%,1,1,0
9420515,1032023,0.1%,1,1,0
9420515,1082117,0.1%,1,1,0
9420515,2000005,0.1%,1,1,0
9420515,1002328,0.09%,1,1,0
9420515,1040109,0.08%,1,1,0
9420515,1060098,0.08%,1,1,0
9420515,1072179,0.08%,1,1,0
9420515,1452014,0.05%,1,1,0
9420515,1472053,0.05%,1,1,0
9420515,1092026,0.045%,1,1,0
9420515,1312030,0.045%,1,1,0
9420515,1382008,0.045%,1,1,0
9420515,1402035,0.045%,1,1,0
9420515,2040901,0.03%,1,1,0
9420515,2048004,0.03%,1,1,0
9420516,4000431,36%,1,1,0
9420516,2000006,2%,1,1,0
9420516,4004002,1%,1,1,0
9420516,4006001,1%,1,1,0
9420516,4010001,0.9%,1,1,0
9420516,4020000,0.9%,1,1,0
9420516,1082129,0.1%,1,1,0
9420516,2000005,0.1%,1,1,0
9420516,1002365,0.09%,1,1,0
9420516,1041118,0.08%,1,1,0
9420516,1061116,0.08%,1,1,0
9420516,1072223,0.08%,1,1,0
9420516,1452017,0.05%,1,1,0
9420516,1050089,0.045%,1,1,0
9420516,2040516,0.03%,1,1,0
9420516,2040701,0.03%,1,1,0
9420516,2043002,0.03%,1,1,0
9420517,4000432,36%,1,1,0
9420517,2000006,2%,1,1,0
9420517,2022003,2%,1,1,0
9420517,2290000,1%,1,1,0
9420517,2290008,1%,1,1,0
9420517,2290018,1%,1,1,0
9420517,2290038,1%,1,1,0
9420517,2290060,1%,1,1,0
9420517,2290080,1%,1,1,0
9420517,2290103,1%,1,1,0
9420517,4004003,1%,1,1,0
9420517,4006000,1%,1,1,0
9420517,4006001,1%,1,1,0
9420517,4010005,0.9%,1,1,0
9420517,4020007,0.9%,1,1,0
9420517,1032023,0.1%,1,1,0
9420517,1082139,0.1%,1,1,0
9420517,1082152,0.1%,1,1,0
9420517,2000005,0.1%,1,1,0
9420517,1002406,0.09%,1,1,0
9420517,1072225,0.08%,1,1,0
9420517,1452019,0.05%,1,1,0
9420517,1050097,0.045%,1,1,0
9420517,1051101,0.045%,1,1,0
9420517,1412021,0.045%,1,1,0
9420517,2040707,0.03%,1,1,0
9420517,2041023,0.03%,1,1,0
9420517,2043801,0.03%,1,1,0
9420518,4000433,36%,1,1,0
9420518,2000006,2%,1,1,0
9420518,2020013,2%,1,1,0
9420518,2022003,2%,1,1,0
9420518,2290123,1%,1,1,0
9420518,4004004,1%,1,1,0
9420518,4010001,0.9%,1,1,0
9420518,4020002,0.9%,1,1,0
9420518,1082136,0.1%,1,1,0
9420518,1082158,0.1%,1,1,0
9420518,1902044,0.1%,1,1,0
9420518,1912037,0.1%,1,1,0
9420518,2000005,0.1%,1,1,0
9420518,1002530,0.09%,1,1,0
9420518,1041122,0.08%,1,1,0
9420518,1061121,0.08%,1,1,0
9420518,1072208,0.08%,1,1,0
9420518,1050098,0.045%,1,1,0
9420518,1051101,0.045%,1,1,0
9420518,1092027,0.045%,1,1,0
9420518,1382035,0.045%,1,1,0
9420518,1402016,0.045%,1,1,0
9420518,2040302,0.03%,1,1,0
9420518,2040501,0.03%,1,1,0
9420518,2044902,0.03%,1,1,0
9420519,4000434,36%,1,1,0
9420519,2000006,2%,1,1,0
9420519,2022003,2%,1,1,0
9420519,2290113,1%,1,1,0
9420519,4004004,1%,1,1,0
9420519,4006000,1%,1,1,0
9420519,4006001,1%,1,1,0
9420519,4020002,0.9%,1,1,0
9420519,4020006,0.9%,1,1,0
9420519,2330005,0.4%,1,1,0
9420519,1082151,0.1%,1,1,0
9420519,2000005,0.1%,1,1,0
9420519,1002380,0.09%,1,1,0
9420519,1040121,0.08%,1,1,0
9420519,1060109,0.08%,1,1,0
9420519,1072215,0.08%,1,1,0
9420519,1051102,0.045%,1,1,0
9420519,1302056,0.045%,1,1,0
9420519,1322045,0.045%,1,1,0
9420519,2041004,0.03%,1,1,0
9420519,2041013,0.03%,1,1,0
9420519,2044201,0.03%,1,1,0
9420522,2020013,99.9999%,1,1,0
9420522,2020015,99.9999%,1,1,0
9420522,4001030,50%,1,1,0
9420522,2022468,30%,1,1,0
9420522,2022468,30%,1,1,0
9420522,2022468,30%,1,1,0
9420522,2022468,30%,1,1,0
9420522,2022468,30%,1,1,0
9420522,2022468,30%,1,1,0
9420522,2022468,30%,1,1,0
9420522,2022468,30%,1,1,0
9420522,1302056,15%,1,1,0
9420522,1312030,15%,1,1,0
9420522,1322045,15%,1,1,0
9420522,1332051,15%,1,1,0
9420522,1332052,15%,1,1,0
9420522,1372010,15%,1,1,0
9420522,1382035,15%,1,1,0
9420522,1402035,15%,1,1,0
9420522,1412021,15%,1,1,0
9420522,1422027,15%,1,1,0
9420522,1432030,15%,1,1,0
9420522,1442044,15%,1,1,0
9420522,1452019,15%,1,1,0
9420522,1452020,15%,1,1,0
9420522,1462015,15%,1,1,0
9420522,1462016,15%,1,1,0
9420522,1472053,15%,1,1,0
9420522,2000004,15%,1,1,0
9420522,2000005,15%,1,1,0
9420522,2290011,15%,1,1,0
9420522,2290025,15%,1,1,0
9420522,2290028,15%,1,1,0
9420522,2290037,15%,1,1,0
9420522,2290043,15%,1,1,0
9420522,2290066,15%,1,1,0
9420522,2290082,15%,1,1,0
9420522,2290083,15%,1,1,0
9420522,2290089,15%,1,1,0
9420522,2290091,15%,1,1,0
9420522,2290107,15%,1,1,0
9420522,4251200,15%,1,1,0
9420522,4251201,10%,1,1,0
9420522,4251202,5%,1,1,0
9420522,2002031,3%,1,1,0
9420522,2290001,1%,1,1,0
9420527,4000465,36%,1,1,0
9420527,2060001,3%,1,1,0
9420527,2061001,3%,1,1,0
9420527,2000006,2%,1,1,0
9420527,2002010,2%,1,1,0
9420527,2020028,2%,1,1,0
9420527,4010000,0.9%,1,1,0
9420527,4020001,0.9%,1,1,0
9420527,4130010,0.6%,1,1,0
9420527,2330000,0.4%,1,1,0
9420527,1302013,0.145%,1,1,0
9420527,1082064,0.1%,1,1,0
9420527,1082192,0.1%,1,1,0
9420527,1002625,0.09%,1,1,0
9420527,1072055,0.08%,1,1,0
9420527,1072124,0.08%,1,1,0
9420527,1332015,0.05%,1,1,0
9420527,1472017,0.05%,1,1,0
9420527,1492000,0.05%,1,1,0
9420527,1050046,0.045%,1,1,0
9420527,1050047,0.045%,1,1,0
9420527,1051039,0.045%,1,1,0
9420527,1052110,0.045%,1,1,0
9420527,2040101,0.03%,1,1,0
9420527,2040311,0.03%,1,1,0
9420528,4000466,36%,1,1,0
9420528,2050004,5%,1,1,0
9420528,2000010,2%,1,1,0
9420528,2020006,2%,1,1,0
9420528,4004001,1%,1,1,0
9420528,4006000,1%,1,1,0
9420528,4010001,0.9%,1,1,0
9420528,4020002,0.9%,1,1,0
9420528,4130000,0.6%,1,1,0
9420528,4131008,0.6%,1,1,0
9420528,2330001,0.4%,1,1,0
9420528,1032018,0.1%,1,1,0
9420528,1082050,0.1%,1,1,0
9420528,1082195,0.1%,1,1,0
9420528,1102003,0.1%,1,1,0
9420528,1002024,0.09%,1,1,0
9420528,1002628,0.09%,1,1,0
9420528,1060078,0.08%,1,1,0
9420528,1072134,0.08%,1,1,0
9420528,1072285,0.08%,1,1,0
9420528,1072300,0.08%,1,1,0
9420528,1332016,0.05%,1,1,0
9420528,1052113,0.045%,1,1,0
9420528,1302016,0.045%,1,1,0
9420528,1322017,0.045%,1,1,0
9420528,1372012,0.045%,1,1,0
9420528,2040516,0.03%,1,1,0
9420528,2040704,0.03%,1,1,0
9420528,2044501,0.03%,1,1,0
9420529,4000467,36%,1,1,0
9420529,4003002,20%,1,1,0
9420529,2000006,2%,1,1,0
9420529,4004000,1%,1,1,0
9420529,4006001,1%,1,1,0
9420529,1082072,0.1%,1,1,0
9420529,1082083,0.1%,1,1,0
9420529,1082198,0.1%,1,1,0
9420529,1002099,0.09%,1,1,0
9420529,1002184,0.09%,1,1,0
9420529,1002216,0.09%,1,1,0
9420529,1040089,0.08%,1,1,0
9420529,1040096,0.08%,1,1,0
9420529,1041080,0.08%,1,1,0
9420529,1060085,0.08%,1,1,0
9420529,1072303,0.08%,1,1,0
9420529,1452008,0.05%,1,1,0
9420529,1462006,0.05%,1,1,0
9420529,1472021,0.05%,1,1,0
9420529,1051030,0.045%,1,1,0
9420529,1051038,0.045%,1,1,0
9420529,1052098,0.045%,1,1,0
9420529,1092009,0.045%,1,1,0
9420529,1402010,0.045%,1,1,0
9420529,1412003,0.045%,1,1,0
9420529,2040005,0.03%,1,1,0
9420529,2040302,0.03%,1,1,0
9420529,2043801,0.03%,1,1,0
9420530,4000468,36%,1,1,0
9420530,2000002,2%,1,1,0
9420530,2000006,2%,1,1,0
9420530,2002009,2%,1,1,0
9420530,2020014,2%,1,1,0
9420530,4010004,0.9%,1,1,0
9420530,4020007,0.9%,1,1,0
9420530,2000004,0.15%,1,1,0
9420530,1032012,0.1%,1,1,0
9420530,1082028,0.1%,1,1,0
9420530,1002166,0.09%,1,1,0
9420530,1002212,0.09%,1,1,0
9420530,1040091,0.08%,1,1,0
9420530,1060080,0.08%,1,1,0
9420530,1432004,0.05%,1,1,0
9420530,1452007,0.05%,1,1,0
9420530,1462007,0.05%,1,1,0
9420530,1472013,0.05%,1,1,0
9420530,1482007,0.05%,1,1,0
9420530,1492007,0.05%,1,1,0
9420530,1051006,0.045%,1,1,0
9420530,1051010,0.045%,1,1,0
9420530,1382019,0.045%,1,1,0
9420530,2040901,0.03%,1,1,0
9420530,2041002,0.03%,1,1,0
9420530,1092008,0.007%,1,1,0
9420531,4000469,36%,1,1,0
9420531,4003005,20%,1,1,0
9420531,2060001,3%,1,1,0
9420531,2061001,3%,1,1,0
9420531,2000002,2%,1,1,0
9420531,2000006,2%,1,1,0
9420531,4004003,1%,1,1,0
9420531,4010002,0.9%,1,1,0
9420531,4020006,0.9%,1,1,0
9420531,2330002,0.4%,1,1,0
9420531,1082067,0.1%,1,1,0
9420531,1082091,0.1%,1,1,0
9420531,2000005,0.1%,1,1,0
9420531,1041081,0.08%,1,1,0
9420531,1041093,0.08%,1,1,0
9420531,1061080,0.08%,1,1,0
9420531,1061092,0.08%,1,1,0
9420531,1332017,0.05%,1,1,0
9420531,1452004,0.05%,1,1,0
9420531,1092012,0.045%,1,1,0
9420531,1302010,0.045%,1,1,0
9420531,1372007,0.045%,1,1,0
9420531,1402003,0.045%,1,1,0
9420531,1412007,0.045%,1,1,0
9420531,2040804,0.03%,1,1,0
9420531,2041005,0.03%,1,1,0
9420532,4000470,36%,1,1,0
9420532,2000002,2%,1,1,0
9420532,2000006,2%,1,1,0
9420532,1032008,0.1%,1,1,0
9420532,1082189,0.1%,1,1,0
9420532,1102017,0.1%,1,1,0
9420532,1002155,0.09%,1,1,0
9420532,1002243,0.09%,1,1,0
9420532,1002244,0.09%,1,1,0
9420532,1002270,0.09%,1,1,0
9420532,1002622,0.09%,1,1,0
9420532,1041087,0.08%,1,1,0
9420532,1041095,0.08%,1,1,0
9420532,1061086,0.08%,1,1,0
9420532,1061094,0.08%,1,1,0
9420532,1072110,0.08%,1,1,0
9420532,1072149,0.08%,1,1,0
9420532,1332021,0.05%,1,1,0
9420532,1332029,0.05%,1,1,0
9420532,1472020,0.05%,1,1,0
9420532,1492003,0.05%,1,1,0
9420532,1051043,0.045%,1,1,0
9420532,1051046,0.045%,1,1,0
9420532,1051047,0.045%,1,1,0
9420532,1052107,0.045%,1,1,0
9420532,1372017,0.045%,1,1,0
9420532,2043009,0.03%,1,1,0
9420532,2044102,0.03%,1,1,0
9420533,4000471,36%,1,1,0
9420533,2000006,2%,1,1,0
9420533,2000009,2%,1,1,0
9420533,2002004,2%,1,1,0
9420533,2002011,2%,1,1,0
9420533,1082180,0.1%,1,1,0
9420533,1402017,0.1%,1,1,0
9420533,1002248,0.09%,1,1,0
9420533,1002249,0.09%,1,1,0
9420533,1002254,0.09%,1,1,0
9420533,1040105,0.08%,1,1,0
9420533,1041096,0.08%,1,1,0
9420533,1060093,0.08%,1,1,0
9420533,1061095,0.08%,1,1,0
9420533,1332020,0.05%,1,1,0
9420533,1432007,0.05%,1,1,0
9420533,1050039,0.045%,1,1,0
9420533,1050052,0.045%,1,1,0
9420533,1051023,0.045%,1,1,0
9420533,1051038,0.045%,1,1,0
9420533,1312009,0.045%,1,1,0
9420533,1322012,0.045%,1,1,0
9420533,1372008,0.045%,1,1,0
9420533,1402017,0.045%,1,1,0
9420533,2044302,0.03%,1,1,0
9420533,2048001,0.03%,1,1,0
9420534,4000472,36%,1,1,0
9420534,2000002,2%,1,1,0
9420534,4004004,1%,1,1,0
9420534,4006000,1%,1,1,0
9420534,4010002,0.9%,1,1,0
9420534,4020008,0.9%,1,1,0
9420534,4130013,0.6%,1,1,0
9420534,2330003,0.4%,1,1,0
9420534,2000004,0.15%,1,1,0
9420534,1032011,0.1%,1,1,0
9420534,1082104,0.1%,1,1,0
9420534,1002254,0.09%,1,1,0
9420534,1041103,0.08%,1,1,0
9420534,1061077,0.08%,1,1,0
9420534,1061102,0.08%,1,1,0
9420534,1072041,0.08%,1,1,0
9420534,1452010,0.05%,1,1,0
9420534,1472016,0.05%,1,1,0
9420534,1050067,0.045%,1,1,0
9420534,1050068,0.045%,1,1,0
9420534,1442037,0.045%,1,1,0
9420534,2044701,0.03%,1,1,0
9420534,2044901,0.03%,1,1,0
9420534,1382015,0.007%,1,1,0
9420535,4000473,36%,1,1,0
9420535,2000002,2%,1,1,0
9420535,2020028,2%,1,1,0
9420535,2022003,2%,1,1,0
9420535,4010006,0.9%,1,1,0
9420535,4020000,0.9%,1,1,0
9420535,2000004,0.15%,1,1,0
9420535,1032020,0.1%,1,1,0
9420535,1082093,0.1%,1,1,0
9420535,1082106,0.1%,1,1,0
9420535,1102012,0.1%,1,1,0
9420535,1041076,0.08%,1,1,0
9420535,1061071,0.08%,1,1,0
9420535,1072018,0.08%,1,1,0
9420535,1072159,0.08%,1,1,0
9420535,1072161,0.08%,1,1,0
9420535,1492009,0.05%,1,1,0
9420535,1050060,0.045%,1,1,0
9420535,1050070,0.045%,1,1,0
9420535,1051016,0.045%,1,1,0
9420535,1051055,0.045%,1,1,0
9420535,1322007,0.045%,1,1,0
9420535,1442009,0.045%,1,1,0
9420535,2043701,0.03%,1,1,0
9420535,2044402,0.03%,1,1,0
9420535,4030009,0.03%,1,1,0
9420535,4030012,0.03%,1,1,0
9420535,1092029,0.007%,1,1,0
9420536,4000474,36%,1,1,0
9420536,2022003,2%,1,1,0
9420536,2330004,0.4%,1,1,0
9420536,2332000,0.4%,1,1,0
9420536,2000004,0.15%,1,1,0
9420536,1032021,0.1%,1,1,0
9420536,1082097,0.1%,1,1,0
9420536,1082105,0.1%,1,1,0
9420536,1082204,0.1%,1,1,0
9420536,2070008,0.1%,1,1,0
9420536,1002095,0.09%,1,1,0
9420536,1002273,0.09%,1,1,0
9420536,1002278,0.09%,1,1,0
9420536,1072154,0.08%,1,1,0
9420536,1072167,0.08%,1,1,0
9420536,1072309,0.08%,1,1,0
9420536,1332019,0.05%,1,1,0
9420536,1452011,0.05%,1,1,0
9420536,1462011,0.05%,1,1,0
9420536,1482009,0.05%,1,1,0
9420536,1050064,0.045%,1,1,0
9420536,1050074,0.045%,1,1,0
9420536,1050082,0.045%,1,1,0
9420536,1051058,0.045%,1,1,0
9420536,1051065,0.045%,1,1,0
9420536,1051079,0.045%,1,1,0
9420536,1092016,0.045%,1,1,0
9420536,1382007,0.045%,1,1,0
9420536,1422005,0.045%,1,1,0
9420536,2040805,0.03%,1,1,0
9420537,4000475,36%,1,1,0
9420537,2000006,2%,1,1,0
9420537,2022003,2%,1,1,0
9420537,4004002,1%,1,1,0
9420537,4006000,1%,1,1,0
9420537,4010005,0.9%,1,1,0
9420537,4020007,0.9%,1,1,0
9420537,1032022,0.1%,1,1,0
9420537,1082201,0.1%,1,1,0
9420537,1102030,0.1%,1,1,0
9420537,1002252,0.09%,1,1,0
9420537,1002284,0.09%,1,1,0
9420537,1002289,0.09%,1,1,0
9420537,1002634,0.09%,1,1,0
9420537,1041102,0.08%,1,1,0
9420537,1061101,0.08%,1,1,0
9420537,1072155,0.08%,1,1,0
9420537,1072165,0.08%,1,1,0
9420537,1072306,0.08%,1,1,0
9420537,1452011,0.05%,1,1,0
9420537,1462013,0.05%,1,1,0
9420537,1472027,0.05%,1,1,0
9420537,1050083,0.045%,1,1,0
9420537,1051080,0.045%,1,1,0
9420537,1052119,0.045%,1,1,0
9420537,1322009,0.045%,1,1,0
9420537,1372015,0.045%,1,1,0
9420537,2040513,0.03%,1,1,0
9420537,2043301,0.03%,1,1,0
9420538,4000476,36%,1,1,0
9420538,2000006,2%,1,1,0
9420538,4004002,1%,1,1,0
9420538,4006000,1%,1,1,0
9420538,4010001,0.9%,1,1,0
9420538,4010002,0.9%,1,1,0
9420538,2000004,0.15%,1,1,0
9420538,1082112,0.1%,1,1,0
9420538,1082123,0.1%,1,1,0
9420538,1102029,0.1%,1,1,0
9420538,2070004,0.1%,1,1,0
9420538,1002274,0.09%,1,1,0
9420538,1002278,0.09%,1,1,0
9420538,1040109,0.08%,1,1,0
9420538,1041106,0.08%,1,1,0
9420538,1060091,0.08%,1,1,0
9420538,1060094,0.08%,1,1,0
9420538,1060098,0.08%,1,1,0
9420538,1072155,0.08%,1,1,0
9420538,1072163,0.08%,1,1,0
9420538,1072179,0.08%,1,1,0
9420538,1072312,0.08%,1,1,0
9420538,1432010,0.05%,1,1,0
9420538,1482010,0.05%,1,1,0
9420538,1492010,0.05%,1,1,0
9420538,1092015,0.045%,1,1,0
9420538,1422012,0.045%,1,1,0
9420538,2040705,0.03%,1,1,0
9420538,2041017,0.03%,1,1,0
9420539,4000477,36%,1,1,0
9420539,2000006,2%,1,1,0
9420539,2000009,2%,1,1,0
9420539,2002008,2%,1,1,0
9420539,4004004,1%,1,1,0
9420539,4006000,1%,1,1,0
9420539,4006001,1%,1,1,0
9420539,4010000,0.9%,1,1,0
9420539,4010002,0.9%,1,1,0
9420539,4020005,0.9%,1,1,0
9420539,1082099,0.1%,1,1,0
9420539,1082108,0.1%,1,1,0
9420539,1082116,0.1%,1,1,0
9420539,1102031,0.1%,1,1,0
9420539,1102035,0.1%,1,1,0
9420539,1002284,0.09%,1,1,0
9420539,1050074,0.045%,1,1,0
9420539,1050078,0.045%,1,1,0
9420539,1050083,0.045%,1,1,0
9420539,1382028,0.045%,1,1,0
9420539,1402033,0.045%,1,1,0
9420539,1412009,0.045%,1,1,0
9420539,2040514,0.03%,1,1,0
9420539,2040802,0.03%,1,1,0
9420539,2044601,0.03%,1,1,0
9420539,2070005,0.004%,1,1,0
9420540,4000478,36%,1,1,0
9420540,2000011,2%,1,1,0
9420540,2002006,2%,1,1,0
9420540,2022003,2%,1,1,0
9420540,2290120,1%,1,1,0
9420540,4004000,1%,1,1,0
9420540,4006001,1%,1,1,0
9420540,4010003,0.9%,1,1,0
9420540,4010006,0.9%,1,1,0
9420540,4020000,0.9%,1,1,0
9420540,2070012,0.3%,1,1,0
9420540,2330005,0.2%,1,1,0
9420540,2000005,0.1%,1,1,0
9420540,1082134,0.01%,1,1,0
9420540,1002329,0.008%,1,1,0
9420540,1002366,0.008%,1,1,0
9420540,1002405,0.008%,1,1,0
9420540,1072198,0.008%,1,1,0
9420540,1072209,0.008%,1,1,0
9420540,1050095,0.007%,1,1,0
9420540,1051097,0.007%,1,1,0
9420540,1452017,0.005%,1,1,0
9420540,1472031,0.005%,1,1,0
9420540,2040613,0.003%,1,1,0
9420540,2040804,0.003%,1,1,0
9420540,2041014,0.003%,1,1,0
9420544,1002926,99.9999%,1,1,0
9420544,2020013,99.9999%,1,1,0
9420544,4001241,36%,1,1,0
9420544,1002926,30%,1,1,0
9420544,2022468,30%,1,1,0
9420544,2022468,30%,1,1,0
9420544,2022468,30%,1,1,0
9420544,2022468,30%,1,1,0
9420544,2022468,30%,1,1,0
9420544,2022468,30%,1,1,0
9420544,2022468,30%,1,1,0
9420544,2022468,30%,1,1,0
9420544,2280007,30%,1,1,0
9420544,2280008,30%,1,1,0
9420544,2280009,30%,1,1,0
9420544,2280010,30%,1,1,0
9420544,2020014,20%,1,1,0
9420544,4001002,3%,1,1,0
9420544,4310015,3%,1,1,0
9420544,1032031,1%,1,1,0
9420544,2290002,1%,1,1,0
9420544,2290015,1%,1,1,0
9420544,2290022,1%,1,1,0
9420544,2290027,1%,1,1,0
9420544,2290034,1%,1,1,0
9420544,2290052,1%,1,1,0
9420544,2290054,1%,1,1,0
9420544,2290089,1%,1,1,0
9420544,2290094,1%,1,1,0
9420544,2290098,1%,1,1,0
9420544,2290105,1%,1,1,0
9420544,2290110,1%,1,1,0
9420544,2290119,1%,1,1,0
9420544,1302056,0.7%,1,1,0
9420544,1312030,0.7%,1,1,0
9420544,1322045,0.7%,1,1,0
9420544,1372010,0.7%,1,1,0
9420544,1382035,0.7%,1,1,0
9420544,1402035,0.7%,1,1,0
9420544,1412021,0.7%,1,1,0
9420544,1422027,0.7%,1,1,0
9420544,1442044,0.7%,1,1,0
9420544,1332051,0.5%,1,1,0
9420544,1332052,0.5%,1,1,0
9420544,1432030,0.5%,1,1,0
9420544,1452019,0.5%,1,1,0
9420544,1452020,0.5%,1,1,0
9420544,1472053,0.5%,1,1,0
9420544,1482012,0.5%,1,1,0
9420544,1492012,0.5%,1,1,0
9420544,2040001,0.3%,1,1,0
9420544,2040004,0.3%,1,1,0
9420544,2040301,0.3%,1,1,0
9420544,2040401,0.3%,1,1,0
9420544,2040501,0.3%,1,1,0
9420544,2040504,0.3%,1,1,0
9420544,2040513,0.3%,1,1,0
9420544,2040516,0.3%,1,1,0
9420544,2040601,0.3%,1,1,0
9420544,2040701,0.3%,1,1,0
9420544,2040704,0.3%,1,1,0
9420544,2040707,0.3%,1,1,0
9420544,2040801,0.3%,1,1,0
9420544,2040804,0.3%,1,1,0
9420544,2040901,0.3%,1,1,0
9420544,2043001,0.3%,1,1,0
9420544,2043101,0.3%,1,1,0
9420544,2043201,0.3%,1,1,0
9420544,2043301,0.3%,1,1,0
9420544,2043701,0.3%,1,1,0
9420544,2043801,0.3%,1,1,0
9420544,2044001,0.3%,1,1,0
9420544,2044101,0.3%,1,1,0
9420544,2044201,0.3%,1,1,0
9420544,2044301,0.3%,1,1,0
9420544,2044401,0.3%,1,1,0
9420544,2044501,0.3%,1,1,0
9420544,2044601,0.3%,1,1,0
9420544,2044701,0.3%,1,1,0
9420549,1002927,99.9999%,1,1,0
9420549,2020013,99.9999%,1,1,0
9420549,4001242,36%,1,1,0
9420549,1002927,30%,1,1,0
9420549,2022468,30%,1,1,0
9420549,2022468,30%,1,1,0
9420549,2022468,30%,1,1,0
9420549,2022468,30%,1,1,0
9420549,2022468,30%,1,1,0
9420549,2022468,30%,1,1,0
9420549,2022468,30%,1,1,0
9420549,2022468,30%,1,1,0
9420549,2280007,30%,1,1,0
9420549,2280008,30%,1,1,0
9420549,2280009,30%,1,1,0
9420549,2280010,30%,1,1,0
9420549,2020014,20%,1,1,0
9420549,1032031,1%,1,1,0
9420549,1902043,1%,1,1,0
9420549,1912036,1%,1,1,0
9420549,2290002,1%,1,1,0
9420549,2290015,1%,1,1,0
9420549,2290022,1%,1,1,0
9420549,2290027,1%,1,1,0
9420549,2290034,1%,1,1,0
9420549,2290052,1%,1,1,0
9420549,2290054,1%,1,1,0
9420549,2290089,1%,1,1,0
9420549,2290094,1%,1,1,0
9420549,2290098,1%,1,1,0
9420549,2290105,1%,1,1,0
9420549,2290110,1%,1,1,0
9420549,2290119,1%,1,1,0
9420549,1302056,0.7%,1,1,0
9420549,1312030,0.7%,1,1,0
9420549,1322045,0.7%,1,1,0
9420549,1372010,0.7%,1,1,0
9420549,1382035,0.7%,1,1,0
9420549,1402035,0.7%,1,1,0
9420549,1412021,0.7%,1,1,0
9420549,1422027,0.7%,1,1,0
9420549,1442044,0.7%,1,1,0
9420549,1332051,0.5%,1,1,0
9420549,1332052,0.5%,1,1,0
9420549,1432030,0.5%,1,1,0
9420549,1452019,0.5%,1,1,0
9420549,1452020,0.5%,1,1,0
9420549,1462015,0.5%,1,1,0
9420549,1462016,0.5%,1,1,0
9420549,1472053,0.5%,1,1,0
9420549,1482012,0.5%,1,1,0
9420549,1492012,0.5%,1,1,0
9420549,2040001,0.3%,1,1,0
9420549,2040004,0.3%,1,1,0
9420549,2040301,0.3%,1,1,0
9420549,2040401,0.3%,1,1,0
9420549,2040501,0.3%,1,1,0
9420549,2040504,0.3%,1,1,0
9420549,2040513,0.3%,1,1,0
9420549,2040516,0.3%,1,1,0
9420549,2040601,0.3%,1,1,0
9420549,2040701,0.3%,1,1,0
9420549,2040704,0.3%,1,1,0
9420549,2040707,0.3%,1,1,0
9420549,2040801,0.3%,1,1,0
9420549,2040804,0.3%,1,1,0
9420549,2040901,0.3%,1,1,0
9420549,2043001,0.3%,1,1,0
9420549,2043101,0.3%,1,1,0
9420549,2043201,0.3%,1,1,0
9420549,2043301,0.3%,1,1,0
9420549,2043701,0.3%,1,1,0
9420549,2043801,0.3%,1,1,0
9420549,2044001,0.3%,1,1,0
9420549,2044101,0.3%,1,1,0
9420549,2044201,0.3%,1,1,0
9420549,2044301,0.3%,1,1,0
9420549,2044401,0.3%,1,1,0
9420549,2044501,0.3%,1,1,0
9420549,2044601,0.3%,1,1,0
9420549,2044701,0.3%,1,1,0
9500100,2380005,0.1%,1,1,0
9500101,2380006,0.1%,1,1,0
9500102,2380007,0.1%,1,1,0
9500103,2380012,0.1%,1,1,0
9500104,2380010,0.1%,1,1,0
9500105,2380011,0.1%,1,1,0
9500106,2381007,0.1%,1,1,0
9500107,2382001,0.1%,1,1,0
9500108,2382002,0.1%,1,1,0
9500110,2382020,0.1%,1,1,0
9500111,2382019,0.1%,1,1,0
9500112,2382023,0.1%,1,1,0
9500113,2382025,0.1%,1,1,0
9500115,2382030,0.1%,1,1,0
9500117,2382026,0.1%,1,1,0
9500118,2382037,0.1%,1,1,0
9500119,2382038,0.1%,1,1,0
9500120,2382066,0.1%,1,1,0
9500121,2383008,0.1%,1,1,0
9500122,2383011,0.1%,1,1,0
9500123,2383043,0.1%,1,1,0
9500124,2388006,2.5%,1,1,0
9500125,2383044,0.1%,1,1,0
9500126,2384006,0.1%,1,1,0
9500127,4031170,50%,1,1,7100
9500127,4031175,30%,1,1,7101
9500128,2384016,0.1%,1,1,0
9500129,2384036,0.1%,1,1,0
9500130,2384022,2.5%,1,1,0
9500131,2384030,0.1%,1,1,0
9500132,2384035,0.1%,1,1,0
9500133,2385004,0.1%,1,1,0
9500134,2385006,0.1%,1,1,0
9500135,4031170,50%,1,1,7100
9500135,4031175,40%,1,1,7101
9500136,4031170,50%,1,1,7100
9500136,4031175,45%,1,1,7101
9500136,4031177,10%,1,1,7104
9500136,4031176,5%,1,1,7104
9500136,4031178,1%,1,1,7104
9500137,4031170,50%,1,1,7100
9500137,4031175,45%,1,1,7101
9500137,4031177,10%,1,1,7104
9500137,4031176,5%,1,1,7104
9500137,4031178,1%,1,1,7104
9500138,2385021,0.1%,1,1,0
9500139,2388026,2.5%,1,1,0
9500140,2388017,2.5%,1,1,0
9500156,2383008,0.1%,1,1,0
9500157,2382019,0.1%,1,1,0
9500158,2384021,2.5%,1,1,0
9500159,2384022,2.5%,1,1,0
9500160,2384023,2.5%,1,1,0
9500161,2385005,0.1%,1,1,0
9500162,2385007,0.1%,1,1,0
9500163,2385011,0.1%,1,1,0
9500164,2385016,0.1%,1,1,0
9500165,2385017,0.1%,1,1,0
9500166,2385018,0.1%,1,1,0
9500168,2002001,70%,1,4,0
9500168,2002003,70%,1,4,0
9500168,2002005,70%,1,4,0
9500168,2020014,70%,1,4,0
9500168,2020015,70%,1,4,0
9500168,2020017,70%,1,4,0
9500168,2020018,70%,1,4,0
9500168,2022456,70%,1,4,0
9500169,2002001,70%,1,4,0
9500169,2002003,70%,1,4,0
9500169,2002005,70%,1,4,0
9500169,2020014,70%,1,4,0
9500169,2020015,70%,1,4,0
9500169,2020017,70%,1,4,0
9500169,2020018,70%,1,4,0
9500169,2022456,70%,1,4,0
9500169,2388026,2.5%,1,1,0
9500170,2002001,70%,1,4,0
9500170,2002003,70%,1,4,0
9500170,2002005,70%,1,4,0
9500170,2020014,70%,1,4,0
9500170,2020015,70%,1,4,0
9500170,2020017,70%,1,4,0
9500170,2020018,70%,1,4,0
9500170,2022456,70%,1,4,0
9500170,2388012,2.5%,1,1,0
9500171,2002001,70%,1,4,0
9500171,2002003,70%,1,4,0
9500171,2002005,70%,1,4,0
9500171,2020014,70%,1,4,0
9500171,2020015,70%,1,4,0
9500171,2020017,70%,1,4,0
9500171,2020018,70%,1,4,0
9500171,2022456,70%,1,4,0
9500171,2388017,2.5%,1,1,0
9500172,2002001,70%,1,4,0
9500172,2002003,70%,1,4,0
9500172,2002005,70%,1,4,0
9500172,2020014,70%,1,4,0
9500172,2020015,70%,1,4,0
9500172,2020017,70%,1,4,0
9500172,2020018,70%,1,4,0
9500172,2022456,70%,1,4,0
9500172,2388004,2.5%,1,1,0
9500173,2002001,70%,1,4,0
9500173,2002003,70%,1,4,0
9500173,2002005,70%,1,4,0
9500173,2020014,70%,1,4,0
9500173,2020015,70%,1,4,0
9500173,2020017,70%,1,4,0
9500173,2020018,70%,1,4,0
9500173,2022456,70%,1,4,0
9500173,2388019,2.5%,1,1,0
9500174,2002001,70%,1,4,0
9500174,2002003,70%,1,4,0
9500174,2002005,70%,1,4,0
9500174,2020014,70%,1,4,0
9500174,2020015,70%,1,4,0
9500174,2020017,70%,1,4,0
9500174,2020018,70%,1,4,0
9500174,2022456,70%,1,4,0
9500174,2388018,2.5%,1,1,0
9500174,2043001,0.75%,1,1,0
9500174,2043101,0.75%,1,1,0
9500174,2043201,0.75%,1,1,0
9500174,2043301,0.75%,1,1,0
9500174,2043401,0.75%,1,1,0
9500174,2043601,0.75%,1,1,0
9500174,2043701,0.75%,1,1,0
9500174,2043801,0.75%,1,1,0
9500174,2044001,0.75%,1,1,0
9500174,2044101,0.75%,1,1,0
9500174,2044201,0.75%,1,1,0
9500174,2044301,0.75%,1,1,0
9500174,2044401,0.75%,1,1,0
9500174,2044501,0.75%,1,1,0
9500174,2044601,0.75%,1,1,0
9500174,2044701,0.75%,1,1,0
9500174,2044801,0.75%,1,1,0
9500175,2002001,70%,1,4,0
9500175,2002003,70%,1,4,0
9500175,2002005,70%,1,4,0
9500175,2020014,70%,1,4,0
9500175,2020015,70%,1,4,0
9500175,2020017,70%,1,4,0
9500175,2020018,70%,1,4,0
9500175,2022456,70%,1,4,0
9500175,2043001,0.75%,1,1,0
9500175,2043101,0.75%,1,1,0
9500175,2043201,0.75%,1,1,0
9500175,2043301,0.75%,1,1,0
9500175,2043401,0.75%,1,1,0
9500175,2043601,0.75%,1,1,0
9500175,2043701,0.75%,1,1,0
9500175,2044001,0.75%,1,1,0
9500175,2044101,0.75%,1,1,0
9500175,2044201,0.75%,1,1,0
9500175,2044301,0.75%,1,1,0
9500175,2044401,0.75%,1,1,0
9500175,2044501,0.75%,1,1,0
9500175,2044601,0.75%,1,1,0
9500175,2044701,0.75%,1,1,0
9500175,2044801,0.75%,1,1,0
9500176,2002001,70%,1,4,0
9500176,2002003,70%,1,4,0
9500176,2002005,70%,1,4,0
9500176,2020014,70%,1,4,0
9500176,2020015,70%,1,4,0
9500176,2020017,70%,1,4,0
9500176,2020018,70%,1,4,0
9500176,2388053,2.5%,1,1,0
9500176,4001002,1.3%,1,4,0
9500176,4310015,1%,1,4,0
9500177,2388052,2.5%,1,1,0
9500177,2043001,0.45%,1,1,0
9500177,2043101,0.45%,1,1,0
9500177,2043201,0.45%,1,1,0
9500177,2043301,0.45%,1,1,0
9500177,2043401,0.45%,1,1,0
9500177,2043601,0.45%,1,1,0
9500177,2043701,0.45%,1,1,0
9500177,2044001,0.45%,1,1,0
9500177,2044101,0.45%,1,1,0
9500177,2044201,0.45%,1,1,0
9500177,2044301,0.45%,1,1,0
9500177,2044401,0.45%,1,1,0
9500177,2044501,0.45%,1,1,0
9500177,2044601,0.45%,1,1,0
9500177,2044701,0.45%,1,1,0
9500177,2044801,0.45%,1,1,0
9500178,2388054,0.1%,1,1,0
9500179,4031354,5%,1,1,0
9500179,1002338,0.1%,1,1,0
9500179,1002339,0.1%,1,1,0
9500179,1032020,0.1%,1,1,0
9500179,1092009,0.1%,1,1,0
9500179,1302012,0.1%,1,1,0
9500179,1402012,0.1%,1,1,0
9500179,1442008,0.1%,1,1,0
9500179,1382014,0.03%,1,1,0
9500179,1442025,0.03%,1,1,0
9500179,1452023,0.03%,1,1,0
9500179,2070006,0.002%,1,1,0
9500180,2388022,2%,1,1,0
9500181,2022455,99.9999%,1,1,0
9500181,2388022,2.5%,1,1,0
9500181,2388022,2%,1,1,0
9500181,2040801,1%,1,1,0
9500181,2040105,0.75%,1,1,0
9500181,2040106,0.75%,1,1,0
9500181,2040200,0.75%,1,1,0
9500181,2040201,0.75%,1,1,0
9500181,2040205,0.75%,1,1,0
9500181,2040206,0.75%,1,1,0
9500181,2040826,0.5%,1,1,0
9500181,1002418,0.1%,1,1,0
9500181,1002677,0.1%,1,1,0
9500181,1302024,0.1%,1,1,0
9500181,2100037,0.1%,1,1,0
9500181,2100038,0.1%,1,1,0
9500181,2100039,0.1%,1,1,0
9500181,2280013,0.03%,1,1,0
9500181,1092030,0.005%,1,1,0
9500306,2388000,2.5%,1,1,0
9500307,2388025,2.5%,1,1,0
9500308,2388002,2.5%,1,1,0
9500309,2388003,2.5%,1,1,0
9500310,2388005,2.5%,1,1,0
9500311,2388007,2.5%,1,1,0
9500312,2388009,2.5%,1,1,0
9500313,2388010,2.5%,1,1,0
9500314,2388013,2.5%,1,1,0
9500315,2388015,2.5%,1,1,0
9500316,2388016,2.5%,1,1,0
9500317,4001141,36%,1,1,0
9500317,2388028,2.5%,1,1,0
9500319,4000422,999.9999%,1,1,0
9500319,4000422,999.9999%,1,1,0
9500319,4000422,999.9999%,1,1,0
9500319,4000422,999.9999%,1,1,0
9500319,4000422,999.9999%,1,1,0
9500319,4000422,999.9999%,1,1,0
9500319,4000422,999.9999%,1,1,0
9500319,4000422,999.9999%,1,1,0
9500319,4000422,999.9999%,1,1,0
9500319,4000422,999.9999%,1,1,0
9500319,4000422,999.9999%,1,1,0
9500319,4000422,999.9999%,1,1,0
9500319,4000422,999.9999%,1,1,0
9500319,4000422,999.9999%,1,1,0
9500319,4000422,999.9999%,1,1,0
9500319,4000422,999.9999%,1,1,0
9500319,4000422,999.9999%,1,1,0
9500319,4000422,999.9999%,1,1,0
9500319,4000422,999.9999%,1,1,0
9500319,4000422,999.9999%,1,1,0
9500320,1012011,2%,1,1,0
9500320,1012012,2%,1,1,0
9500320,1012013,2%,1,1,0
9500320,1012014,2%,1,1,0
9500320,1012016,0.2%,1,1,0
9500320,1122018,0.2%,1,1,0
9500320,2388027,0.1%,1,1,0
9500321,2388016,0.1%,1,1,0
9500322,2388028,2.5%,1,1,0
9500326,2388006,2.5%,1,1,0
9500327,2388026,2.5%,1,1,0
9500328,2388017,2.5%,1,1,0
9500329,2388012,2.5%,1,1,0
9500330,2388004,2.5%,1,1,0
9500331,2388022,2.5%,1,1,0
9500332,2388020,2.5%,1,1,0
9500333,2388033,2.5%,1,1,0
9500334,2388011,2.5%,1,1,0
9500335,2388014,2.5%,1,1,0
9500337,2388000,2.5%,1,1,0
9500338,2388025,2.5%,1,1,0
9500339,2388029,2.5%,1,1,0
9500341,2388002,2.5%,1,1,0
9500344,2388005,2.5%,1,1,0
9500346,2388007,2.5%,1,1,0
9500347,2388031,2.5%,1,1,0
9500348,2388009,2.5%,1,1,0
9500349,2388011,2.5%,1,1,0
9500352,2388013,2.5%,1,1,0
9500356,2388032,2.5%,1,1,0
9500359,2388018,2.5%,1,1,0
9500360,2388019,2.5%,1,1,0
9500361,2388033,2.5%,1,1,0
9500363,2388020,2.5%,1,1,0
9500366,2382042,0.1%,1,1,0
9500367,2382055,0.1%,1,1,0
9500368,2382067,0.1%,1,1,0
9500369,2383011,0.1%,1,1,0
9500370,2383000,0.1%,1,1,0
9500371,2382050,0.1%,1,1,0
9500372,2382061,0.1%,1,1,0
9500400,4031224,100%,1,1,0
9500400,4031223,99.9999%,1,1,3608
9500400,4031224,99.9999%,1,1,3608
9600000,1012070,999.9999%,1,1,0
9600000,1092022,999.9999%,1,1,0
9600000,1302063,999.9999%,1,1,0
9600000,1432013,999.9999%,1,1,0
9600001,4000187,100%,1,1,0
9600002,4000188,100%,1,1,0
9600003,4000189,100%,1,1,0
9600004,4000190,100%,1,1,0
9600005,4000191,100%,1,1,0
9600006,4000192,100%,1,1,0
9600006,4030009,0.5%,1,1,0
9600006,1902013,0.1%,1,1,0
9600006,1912009,0.1%,1,1,0
9600007,4000193,100%,1,1,0
9600007,4031029,5%,1,1,0
9600008,4000194,50%,1,1,0
9600009,4031227,99.9999%,1,1,0
9600009,1302031,68%,1,1,0
9600009,2022468,30%,1,1,0
9600009,2022468,30%,1,1,0
9600009,2022468,30%,1,1,0
9600009,2022468,30%,1,1,0
9600009,2022468,30%,1,1,0
9600009,2043001,30%,1,1,0
9600009,2043101,30%,1,1,0
9600009,2043201,30%,1,1,0
9600009,2043301,30%,1,1,0
9600009,2043701,30%,1,1,0
9600009,2043801,30%,1,1,0
9600009,2044001,30%,1,1,0
9600009,2044101,30%,1,1,0
9600009,2044201,30%,1,1,0
9600009,2044301,30%,1,1,0
9600009,2044401,30%,1,1,0
9600009,2044501,30%,1,1,0
9600009,2044601,30%,1,1,0
9600009,2044701,30%,1,1,0
9600009,4004004,30%,1,1,0
9600009,4020008,30%,1,1,0
9600009,1332029,28%,1,1,0
9600009,1372011,28%,1,1,0
9600009,1382014,28%,1,1,0
9600009,1442025,28%,1,1,0
9600009,1452023,28%,1,1,0
9600009,4251200,15%,1,1,0
9600009,2044801,10%,1,1,0
9600009,2044901,10%,1,1,0
9600009,2000005,8%,1,5,0
9600009,2388052,0.6%,1,1,0
9600009,2388044,0.2%,1,1,0
9600010,2388052,2.5%,1,1,0
9600012,4000393,5%,1,1,0
9600012,4004001,1%,1,1,0
9600012,4006001,1%,1,1,0
9600012,2040001,0.045%,1,1,0
9600012,2040501,0.045%,1,1,0
9600012,2040902,0.045%,1,1,0
9600012,2041022,0.045%,1,1,0
9600012,2043301,0.045%,1,1,0
9600012,2044001,0.045%,1,1,0
9600012,2044701,0.045%,1,1,0
9600013,4000394,5%,1,1,0
9600013,4004001,1%,1,1,0
9600013,4006001,1%,1,1,0
9600013,1442057,0.45%,1,1,0
9600013,2040001,0.045%,1,1,0
9600013,2040501,0.045%,1,1,0
9600013,2041013,0.045%,1,1,0
9600013,2041022,0.045%,1,1,0
9600013,2044001,0.045%,1,1,0
9600014,4000395,5%,1,1,0
9600014,4004001,1%,1,1,0
9600015,4000396,5%,1,1,0
9600015,4006001,1%,1,1,0
9600016,4000397,5%,1,1,0
9600017,4000403,5%,1,1,0
9600018,4000398,5%,1,1,0
9600018,4004001,1%,1,1,0
9600018,2040902,0.045%,1,1,0
9600019,4000406,50%,1,1,0
9600019,4006001,1%,1,1,0
9600019,2044701,0.045%,1,1,0
9600020,4000407,50%,1,1,0
9600020,2041022,0.045%,1,1,0
9600021,4000404,50%,1,1,0
9600021,4004001,1%,1,1,0
9600021,4006001,1%,1,1,0
9600021,2040602,0.045%,1,1,0
9600021,2043301,0.045%,1,1,0
9600022,4000405,50%,1,1,0
9600022,4004001,1%,1,1,0
9600023,4000401,50%,1,1,0
9600023,4004001,1%,1,1,0
9600023,4006001,1%,1,1,0
9600024,4000402,50%,1,1,0
9600024,2040001,0.045%,1,1,0
9600024,2041022,0.045%,1,1,0
9600025,2022468,20%,1,1,0
9600025,2022468,20%,1,1,0
9600025,2022468,20%,1,1,0
9600025,2022468,20%,1,1,0
9600025,2022468,20%,1,1,0
9600025,2040502,10%,1,1,0
9600025,2040705,10%,1,1,0
9600025,2040708,10%,1,1,0
9600025,4021000,10%,1,1,0
9600025,4021001,10%,1,1,0
9600025,4021002,10%,1,1,0
9600025,4021003,10%,1,1,0
9600025,4021004,10%,1,1,0
9600025,4021005,10%,1,1,0
9600025,4021006,10%,1,1,0
9600025,4021007,10%,1,1,0
9600025,4021008,10%,1,1,0
9600025,4001002,2.5%,1,1,0
9600025,4310015,2.5%,1,1,0
9600026,2022468,20%,1,1,0
9600026,2022468,20%,1,1,0
9600026,2022468,20%,1,1,0
9600037,3994059,36%,1,1,0
9600037,2381048,0.05%,1,1,0
9600038,3994060,36%,1,1,0
9600038,2381049,0.05%,1,1,0
9600039,3994061,36%,1,1,0
9600039,2381050,0.05%,1,1,0
9600040,3994062,36%,1,1,0
9600040,2381051,0.05%,1,1,0
9600041,3994063,36%,1,1,0
9600041,2381052,0.05%,1,1,0
9600042,3994064,36%,1,1,0
9600042,2381053,0.05%,1,1,0
9600043,3994065,36%,1,1,0
9600043,2381054,0.05%,1,1,0
9600044,3994066,36%,1,1,0
9600044,2381055,0.05%,1,1,0
9600045,3994067,36%,1,1,0
9600045,2381056,0.05%,1,1,0
9600046,3994068,36%,1,1,0
9600046,2381057,0.05%,1,1,0
9600047,3994069,36%,1,1,0
9600047,2381058,0.05%,1,1,0
9600048,3994070,36%,1,1,0
9600048,2381059,0.05%,1,1,0
9600049,3994071,36%,1,1,0
9600049,2381060,0.05%,1,1,0
9600050,3994072,36%,1,1,0
9600050,2381061,0.05%,1,1,0
9600051,3994073,36%,1,1,0
9600051,2381062,0.05%,1,1,0
9600052,3994074,36%,1,1,0
9600052,2381063,0.05%,1,1,0
9600053,3994075,36%,1,1,0
9600053,2381064,0.05%,1,1,0
9600054,3994076,36%,1,1,0
9600054,2381065,0.05%,1,1,0
9600055,3994077,36%,1,1,0
9600055,2381066,0.05%,1,1,0
9600056,3994078,36%,1,1,0
9600056,2381067,0.05%,1,1,0
9600057,3994079,36%,1,1,0
9600057,2381068,0.05%,1,1,0
9600058,3994080,36%,1,1,0
9600058,2381069,0.05%,1,1,0
9600059,3994081,36%,1,1,0
9600059,2381070,0.05%,1,1,0
9600060,3994082,36%,1,1,0
9600060,2381071,0.05%,1,1,0
9600061,3994083,36%,1,1,0
9600061,2381072,0.05%,1,1,0
9600062,3994084,36%,1,1,0
9600062,2381073,0.05%,1,1,0
9600065,1012011,20%,1,1,0
9600065,1012012,20%,1,1,0
9600065,1012013,20%,1,1,0
9600065,1012014,20%,1,1,0
9600065,1012016,20%,1,1,0
9600065,1122018,20%,1,1,0
9600065,3010002,10%,1,1,0
9600065,3010003,10%,1,1,0
9600065,3010006,10%,1,1,0
9600065,3010048,10%,1,1,0
9700001,2022468,20%,1,1,0
9700001,2022468,20%,1,1,0
9700001,2022468,20%,1,1,0
9700001,2022468,20%,1,1,0
9700001,2022468,20%,1,1,0
9700001,2022468,20%,1,1,0
9700001,2022468,20%,1,1,0
9700001,2022468,20%,1,1,0
9700001,2022468,20%,1,1,0
9700001,2022468,20%,1,1,0
9700001,2614015,10%,1,1,0
9700001,2614015,10%,1,1,0
9700001,2614015,10%,1,1,0
9700001,2614015,10%,1,1,0
9700001,4000464,10%,1,1,0
9700001,4000464,10%,1,1,0
9700001,4000464,10%,1,1,0
9700001,4310149,10%,1,1,0
9700001,4310149,10%,1,1,0
9700001,4310149,10%,1,1,0
9700002,2340000,50%,1,1,0
9700002,1382259,30%,1,1,0
9700002,1402251,30%,1,1,0
9700002,1412177,30%,1,1,0
9700002,1422184,30%,1,1,0
9700002,1432214,30%,1,1,0
9700002,1442268,30%,1,1,0
9700002,1452252,30%,1,1,0
9700002,1462239,30%,1,1,0
9700002,1472261,30%,1,1,0
9700002,1472261,30%,1,1,0
9700002,1482216,30%,1,1,0
9700002,1492231,30%,1,1,0
9700002,2002031,30%,1,1,0
9700002,2002031,30%,1,1,0
9700002,2022279,30%,1,1,0
9700002,2022279,30%,1,1,0
9700002,2022468,30%,1,1,0
9700002,2022468,30%,1,1,0
9700002,2022468,30%,1,1,0
9700002,2022468,30%,1,1,0
9700002,2022468,30%,1,1,0
9700002,2022468,30%,1,1,0
9700002,2022468,30%,1,1,0
9700002,2022468,30%,1,1,0
9700002,2022468,30%,1,1,0
9700002,2022468,30%,1,1,0
9700002,2002023,10%,1,1,0
9700002,2002023,10%,1,1,0
9700002,2614015,10%,1,1,0
9700002,2614015,10%,1,1,0
9700002,2614015,10%,1,1,0
9700002,4000464,10%,1,1,0
9700002,4000464,10%,1,1,0
9700002,4000464,10%,1,1,0
9700002,4000464,10%,1,1,0
9700002,4000464,5%,1,1,0
9700002,2460005,3%,1,1,0
9700002,2614015,3%,1,1,0
9700006,2022468,30%,1,1,0
9700006,2022468,30%,1,1,0
9700006,2022468,30%,1,1,0
9700006,2022468,30%,1,1,0
9700006,2022468,30%,1,1,0
9700006,2022468,30%,1,1,0
9700006,2022468,30%,1,1,0
9700006,2022468,30%,1,1,0
9700006,2022468,30%,1,1,0
9700006,2022468,30%,1,1,0
9700006,2614015,10%,1,1,0
9700006,2614015,10%,1,1,0
9700006,2614015,10%,1,1,0
9700006,2614015,10%,1,1,0
9700006,2614015,10%,1,1,0
9700006,4000464,10%,1,1,0
9700006,4000464,10%,1,1,0
9700006,4000464,10%,1,1,0
9700006,4000464,10%,1,1,0
9700006,4000464,10%,1,1,0
9700006,4310149,10%,1,1,0
9700006,4310149,10%,1,1,0
9700006,4310149,10%,1,1,0
9700006,4310149,10%,1,1,0
9700006,4310149,10%,1,1,0
9700011,2022468,30%,1,1,0
9700011,2022468,30%,1,1,0
9700011,2022468,30%,1,1,0
9700011,2022468,30%,1,1,0
9700011,2022468,30%,1,1,0
9700011,2022468,30%,1,1,0
9700011,2022468,30%,1,1,0
9700011,2022468,30%,1,1,0
9700011,2022468,30%,1,1,0
9700011,2022468,30%,1,1,0
9700011,4000464,20%,1,1,0
9700011,4000464,20%,1,1,0
9700011,4000464,20%,1,1,0
9700011,4000464,20%,1,1,0
9700011,4000464,20%,1,1,0
9700011,4000464,20%,1,1,0
9700011,4310149,20%,1,1,0
9700011,4310149,20%,1,1,0
9700011,4310149,20%,1,1,0
9700011,4310149,20%,1,1,0
9700011,4310149,20%,1,1,0
9700011,4310149,20%,1,1,0
9700011,2614015,10%,1,1,0
9700011,2614015,10%,1,1,0
9700011,2614015,10%,1,1,0
9700011,2614015,10%,1,1,0
9700011,2614015,10%,1,1,0
9700014,2002023,15%,1,1,0
9700014,2002023,15%,1,1,0
9700019,2022613,99.9999%,1,1,0
9700020,2022615,99.9999%,1,1,0
9700029,2022618,99.9999%,1,1,0
100100,0,100%,2,4,0
100101,0,100%,4,8,0
100121,0,100%,6,12,0
100124,0,100%,18,36,0
100130,0,100%,2,4,0
100131,0,100%,6,12,0
100132,0,100%,10,20,0
100133,0,100%,14,28,0
100134,0,100%,18,36,0
120100,0,100%,4,8,0
130100,0,100%,8,16,0
130101,0,100%,8,16,0
210100,0,100%,12,24,0
1110100,0,100%,30,60,0
1110101,0,100%,20,40,0
1110130,0,100%,30,60,0
1120100,0,100%,24,48,0
1130100,0,100%,34,68,0
1140100,0,100%,38,76,0
1140130,0,100%,38,76,0
1210100,0,100%,14,28,0
1210101,0,100%,20,40,0
1210102,0,100%,16,32,0
1210103,0,100%,30,60,0
2100100,0,100%,40,80,0
2100101,0,100%,42,84,0
2100102,0,100%,44,88,0
2100103,0,100%,50,100,0
2100104,0,100%,56,112,0
2100105,0,100%,46,92,0
2100106,0,100%,48,96,0
2100107,0,100%,54,108,0
2100108,0,100%,58,116,0
2110200,0,100%,44,88,0
2110300,0,100%,48,96,0
2110301,0,100%,58,116,0
2130100,0,100%,44,88,0
2130103,0,100%,42,84,0
2220000,0,100%,40,80,0
2220100,0,100%,40,80,0
2230100,0,100%,54,108,0
2230101,0,100%,48,96,0
2230102,0,100%,50,100,0
2230103,0,100%,46,92,0
2230104,0,100%,56,112,0
2230105,0,100%,46,92,0
2230106,0,100%,50,100,0
2230107,0,100%,48,96,0
2230108,0,100%,44,88,0
2230109,0,100%,56,112,0
2230110,0,100%,46,92,0
2230111,0,100%,48,96,0
2230131,0,100%,48,96,0
2230200,0,100%,58,116,0
2300100,0,100%,40,80,0
3000000,0,100%,60,120,0
3000001,0,100%,60,120,0
3000002,0,100%,60,120,0
3000003,0,100%,60,120,0
3000004,0,100%,60,120,0
3000005,0,100%,60,120,0
3000006,0,100%,60,120,0
3100101,0,100%,64,128,0
3100102,0,100%,60,120,0
3110100,0,100%,64,128,0
3110101,0,100%,64,128,0
3110102,0,100%,64,128,0
3110300,0,100%,64,128,0
3110301,0,100%,64,128,0
3110302,0,100%,70,140,0
3110303,0,100%,76,152,0
3210100,0,100%,64,128,0
3210200,0,100%,66,132,0
3210201,0,100%,66,132,0
3210202,0,100%,66,132,0
3210203,0,100%,72,144,0
3210204,0,100%,68,136,0
3210205,0,100%,68,136,0
3210206,0,100%,72,144,0
3210207,0,100%,68,136,0
3210208,0,100%,72,144,0
3210450,0,100%,72,144,0
3210800,0,100%,74,148,0
3220000,0,100%,70,140,0
3220001,0,100%,76,152,0
3230100,0,100%,70,140,0
3230101,0,100%,70,140,0
3230102,0,100%,74,148,0
3230103,0,100%,76,152,0
3230104,0,100%,64,128,0
3230200,0,100%,70,140,0
3230300,0,100%,70,140,0
3230302,0,100%,70,140,0
3230303,0,100%,74,148,0
3230304,0,100%,76,152,0
3230305,0,100%,78,156,0
3230306,0,100%,74,148,0
3230307,0,100%,62,124,0
3230308,0,100%,78,156,0
3230400,0,100%,60,120,0
3230405,0,100%,76,152,0
3300000,0,100%,60,120,0
3300001,0,100%,60,120,0
3300002,0,100%,62,124,0
3300003,0,100%,64,128,0
3300004,0,100%,66,132,0
3300005,0,100%,70,140,0
3300006,0,100%,70,140,0
3300007,0,100%,70,140,0
3300008,0,100%,76,152,0
4110300,0,100%,84,168,0
4110301,0,100%,90,180,0
4110302,0,100%,94,188,0
4130100,0,100%,90,180,0
4130101,0,100%,92,184,0
4130102,0,100%,94,188,0
4130103,0,100%,94,188,0
4130104,0,100%,94,188,0
4220000,0,100%,90,180,0
4220001,0,100%,90,180,0
4230100,0,100%,80,160,0
4230101,0,100%,80,160,0
4230102,0,100%,96,192,0
4230103,0,100%,84,168,0
4230104,0,100%,96,192,0
4230105,0,100%,84,168,0
4230106,0,100%,90,180,0
4230107,0,100%,82,164,0
4230108,0,100%,86,172,0
4230109,0,100%,84,168,0
4230110,0,100%,90,180,0
4230111,0,100%,82,164,0
4230112,0,100%,88,176,0
4230113,0,100%,80,160,0
4230114,0,100%,82,164,0
4230115,0,100%,92,184,0
4230116,0,100%,80,160,0
4230117,0,100%,84,168,0
4230118,0,100%,90,180,0
4230119,0,100%,82,164,0
4230120,0,100%,88,176,0
4230121,0,100%,92,184,0
4230122,0,100%,84,168,0
4230123,0,100%,86,172,0
4230124,0,100%,84,168,0
4230125,0,100%,88,176,0
4230126,0,100%,94,188,0
4230200,0,100%,80,160,0
4230201,0,100%,80,160,0
4230300,0,100%,90,180,0
4230400,0,100%,90,180,0
4230500,0,100%,80,160,0
4230501,0,100%,82,164,0
4230502,0,100%,86,172,0
4230503,0,100%,90,180,0
4230504,0,100%,90,180,0
4230505,0,100%,94,188,0
4230506,0,100%,96,192,0
4230600,0,100%,80,160,0
4240000,0,100%,98,196,0
4250000,0,100%,84,168,0
4250001,0,100%,92,184,0
5090000,0,100%,112,224,0
5090001,0,100%,118,236,0
5100000,0,100%,100,200,0
5100002,0,100%,102,204,0
5100003,0,100%,100,200,0
5100004,0,100%,112,224,0
5100005,0,100%,106,212,0
5110300,0,100%,100,200,0
5110301,0,100%,108,216,0
5110302,0,100%,116,232,0
5120000,0,100%,104,208,0
5120001,0,100%,106,212,0
5120002,0,100%,106,212,0
5120003,0,100%,106,212,0
5120100,0,100%,108,216,0
5120500,0,100%,112,224,0
5120501,0,100%,106,212,0
5120502,0,100%,108,216,0
5120503,0,100%,100,200,0
5120504,0,100%,102,204,0
5120505,0,100%,116,232,0
5120506,0,100%,110,220,0
5130100,0,100%,100,200,0
5130101,0,100%,110,220,0
5130102,0,100%,116,232,0
5130103,0,100%,104,208,0
5130104,0,100%,110,220,0
5130105,0,100%,112,224,0
5130107,0,100%,114,228,0
5130108,0,100%,114,228,0
5140000,0,100%,116,232,0
5150000,0,100%,118,236,0
5150001,0,100%,114,228,0
5200000,0,100%,46,92,0
5200001,0,100%,60,120,0
5200002,0,100%,60,120,0
5220000,0,100%,110,220,0
5220001,0,100%,110,220,0
5220002,0,100%,100,200,0
5220003,0,100%,118,236,0
5220004,0,100%,100,200,0
5250000,0,100%,110,220,0
5250001,0,100%,102,204,0
5250002,0,100%,114,228,0
5300000,0,100%,64,128,0
5300001,0,100%,66,132,0
5300100,0,100%,110,220,0
5400000,0,100%,70,140,0
6090000,0,100%,130,260,0
6090001,0,100%,128,256,0
6090003,0,100%,124,248,0
6090004,0,100%,126,252,0
6110300,0,100%,130,260,0
6110301,0,100%,136,272,0
6130100,0,100%,120,240,0
6130101,0,100%,120,240,0
6130103,0,100%,120,240,0
6130104,0,100%,70,140,0
6130200,0,100%,122,244,0
6130202,0,100%,120,240,0
6130203,0,100%,120,240,0
6130204,0,100%,128,256,0
6130207,0,100%,124,248,0
6130208,0,100%,136,272,0
6130209,0,100%,132,264,0
6220000,0,100%,130,260,0
6220001,0,100%,130,260,0
6230100,0,100%,124,248,0
6230200,0,100%,128,256,0
6230300,0,100%,132,264,0
6230400,0,100%,126,252,0
6230401,0,100%,126,252,0
6230500,0,100%,134,268,0
6230600,0,100%,128,256,0
6230601,0,100%,136,272,0
6230602,0,100%,126,252,0
6300000,0,100%,130,260,0
6300005,0,100%,130,260,0
6300100,0,100%,148,296,0
6400000,0,100%,136,272,0
6400005,0,100%,88,176,0
6400100,0,100%,154,308,0
7090000,0,100%,150,300,0
7110300,0,100%,150,300,0
7110301,0,100%,146,292,0
7130000,0,100%,146,292,0
7130001,0,100%,144,288,0
7130002,0,100%,144,288,0
7130003,0,100%,152,304,0
7130004,0,100%,156,312,0
7130010,0,100%,170,340,0
7130020,0,100%,170,340,0
7130100,0,100%,140,280,0
7130101,0,100%,150,300,0
7130102,0,100%,156,312,0
7130103,0,100%,146,292,0
7130104,0,100%,140,280,0
7130200,0,100%,150,300,0
7130300,0,100%,178,356,0
7130400,0,100%,140,280,0
7130401,0,100%,140,280,0
7130402,0,100%,140,280,0
7130500,0,100%,140,280,0
7130501,0,100%,148,296,0
7130600,0,100%,144,288,0
7130601,0,100%,152,304,0
7140000,0,100%,166,332,0
7160000,0,100%,174,348,0
7220000,0,100%,142,284,0
7220001,0,100%,140,280,0
7220002,0,100%,154,308,0
8090000,0,100%,160,320,0
8110300,0,100%,160,320,0
8130100,0,100%,160,320,0
8140000,0,100%,160,320,0
8140001,0,100%,160,320,0
8140002,0,100%,166,332,0
8140100,0,100%,164,328,0
8140101,0,100%,176,352,0
8140102,0,100%,176,352,0
8140103,0,100%,176,352,0
8140110,0,100%,170,340,0
8140111,0,100%,176,352,0
8140200,0,100%,140,280,0
8140300,0,100%,152,304,0
8140500,0,100%,180,360,0
8140600,0,100%,184,368,0
8140700,0,100%,180,360,0
8140701,0,100%,186,372,0
8140702,0,100%,190,380,0
8140703,0,100%,194,388,0
8141000,0,100%,186,372,0
8141100,0,100%,196,392,0
8141300,0,100%,188,376,0
8142000,0,100%,190,380,0
8142100,0,100%,194,388,0
8143000,0,100%,198,396,0
8150000,0,100%,200,400,0
8150100,0,100%,200,400,0
8150101,0,100%,204,408,0
8150200,0,100%,200,400,0
8150201,0,100%,210,420,0
8150300,0,100%,194,388,0
8150301,0,100%,202,404,0
8150302,0,100%,206,412,0
8160000,0,100%,216,432,0
8170000,0,100%,216,432,0
8180000,0,100%,210,420,0
8180001,0,100%,210,420,0
8190000,0,100%,210,420,0
8190003,0,100%,220,440,0
8190004,0,100%,226,452,0
8190005,0,100%,220,440,0
8200000,0,100%,160,320,0
8200001,0,100%,182,364,0
8200002,0,100%,188,376,0
8200003,0,100%,196,392,0
8200004,0,100%,202,404,0
8200005,0,100%,212,424,0
8200006,0,100%,218,436,0
8200007,0,100%,226,452,0
8200008,0,100%,232,464,0
8200009,0,100%,242,484,0
8200010,0,100%,248,496,0
8200011,0,100%,256,512,0
8200012,0,100%,262,524,0
8220000,0,100%,166,332,0
8220001,0,100%,180,360,0
8220002,0,100%,170,340,0
8220003,0,100%,240,480,0
8220004,0,100%,242,484,0
8220005,0,100%,262,524,0
8220006,0,100%,282,564,0
8220007,0,100%,180,360,0
8220009,0,100%,170,340,0
8500002,0,100%,250,500,0
8510000,0,100%,220,440,0
8520000,0,100%,220,440,0
8800002,0,100%,280,560,0
8810018,0,100%,320,640,0
8810019,0,100%,194,388,0
8810020,0,100%,202,404,0
8810021,0,100%,206,412,0
8810022,0,100%,200,400,0
8810023,0,100%,210,420,0
8820000,0,100%,360,720,0
8820001,0,100%,360,720,0
8820010,0,100%,2,4,0
8820011,0,100%,2,4,0
8830000,0,100%,210,420,0
9000001,0,100%,70,140,0
9000002,0,100%,70,140,0
9000100,0,100%,70,140,0
9000101,0,100%,70,140,0
9000200,0,100%,70,140,0
9000201,0,100%,70,140,0
9000300,0,100%,70,140,0
9000301,0,100%,70,140,0
9001000,0,100%,160,320,0
9001001,0,100%,160,320,0
9001002,0,100%,160,320,0
9001003,0,100%,160,320,0
9001004,0,100%,160,320,0
9001005,0,100%,70,140,0
9001006,0,100%,70,140,0
9001009,0,100%,160,320,0
9001011,0,100%,70,140,0
9001012,0,100%,70,140,0
9200016,0,100%,60,120,0
9200018,0,100%,100,200,0
9200019,0,100%,116,232,0
9300000,0,100%,42,84,0
9300001,0,100%,64,128,0
9300002,0,100%,70,140,0
9300003,0,100%,80,160,0
9300004,0,100%,108,216,0
9300005,0,100%,64,128,0
9300006,0,100%,68,136,0
9300007,0,100%,70,140,0
9300008,0,100%,86,172,0
9300010,0,100%,94,188,0
9300011,0,100%,78,156,0
9300012,0,100%,112,224,0
9300014,0,100%,86,172,0
9300018,0,100%,2,4,0
9300019,0,100%,130,260,0
9300022,0,100%,132,264,0
9300023,0,100%,132,264,0
9300024,0,100%,134,268,0
9300025,0,100%,136,272,0
9300027,0,100%,46,92,0
9300028,0,100%,230,460,0
9300033,0,100%,124,248,0
9300039,0,100%,130,260,0
9300040,0,100%,108,216,0
9300041,0,100%,114,228,0
9300042,0,100%,114,228,0
9300043,0,100%,114,228,0
9300045,0,100%,108,216,0
9300046,0,100%,106,212,0
9300047,0,100%,112,224,0
9300048,0,100%,118,236,0
9300051,0,100%,102,204,0
9300052,0,100%,102,204,0
9300053,0,100%,102,204,0
9300058,0,100%,14,28,0
9300059,0,100%,20,40,0
9300060,0,100%,84,168,0
9300061,0,100%,60,120,0
9300062,0,100%,16,32,0
9300063,0,100%,12,24,0
9300065,0,100%,200,400,0
9300066,0,100%,200,400,0
9300067,0,100%,210,420,0
9300068,0,100%,210,420,0
9300069,0,100%,194,388,0
9300070,0,100%,194,388,0
9300071,0,100%,202,404,0
9300072,0,100%,202,404,0
9300073,0,100%,206,412,0
9300074,0,100%,206,412,0
9300075,0,100%,220,440,0
9300076,0,100%,220,440,0
9300077,0,100%,226,452,0
9300078,0,100%,210,420,0
9300079,0,100%,220,440,0
9300080,0,100%,136,272,0
9300081,0,100%,16,32,0
9300082,0,100%,12,24,0
9300086,0,100%,216,432,0
9300090,0,100%,240,480,0
9300094,0,100%,200,400,0
9300095,0,100%,160,320,0
9300096,0,100%,176,352,0
9300097,0,100%,170,340,0
9300098,0,100%,184,368,0
9300099,0,100%,200,400,0
9300100,0,100%,216,432,0
9300105,0,100%,126,252,0
9300106,0,100%,136,272,0
9300107,0,100%,140,280,0
9300114,0,100%,116,232,0
9300115,0,100%,118,236,0
9300116,0,100%,120,240,0
9300119,0,100%,120,240,0
9300120,0,100%,118,236,0
9300121,0,100%,120,240,0
9300122,0,100%,124,248,0
9300124,0,100%,120,240,0
9300125,0,100%,124,248,0
9300126,0,100%,118,236,0
9300127,0,100%,60,120,0
9300128,0,100%,60,120,0
9300129,0,100%,60,120,0
9300130,0,100%,60,120,0
9300131,0,100%,78,156,0
9300132,0,100%,60,120,0
9300133,0,100%,60,120,0
9300134,0,100%,60,120,0
9300135,0,100%,60,120,0
9300136,0,100%,60,120,0
9300139,0,100%,162,324,0
9300145,0,100%,148,296,0
9300147,0,100%,154,308,0
9300148,0,100%,158,316,0
9300169,0,100%,64,128,0
9300170,0,100%,68,136,0
9300171,0,100%,70,140,0
9300173,0,100%,130,260,0
9300175,0,100%,130,260,0
9300178,0,100%,130,260,0
9300182,0,100%,170,340,0
9300184,0,100%,40,80,0
9300185,0,100%,70,140,0
9300186,0,100%,76,152,0
9300187,0,100%,80,160,0
9300188,0,100%,100,200,0
9300189,0,100%,100,200,0
9300190,0,100%,110,220,0
9300191,0,100%,120,240,0
9300192,0,100%,112,224,0
9300193,0,100%,118,236,0
9300194,0,100%,130,260,0
9300195,0,100%,130,260,0
9300196,0,100%,130,260,0
9300197,0,100%,130,260,0
9300198,0,100%,120,240,0
9300199,0,100%,140,280,0
9300200,0,100%,142,284,0
9300201,0,100%,170,340,0
9300202,0,100%,154,308,0
9300203,0,100%,160,320,0
9300204,0,100%,166,332,0
9300205,0,100%,162,324,0
9300206,0,100%,170,340,0
9300207,0,100%,170,340,0
9300208,0,100%,180,360,0
9300209,0,100%,180,360,0
9300210,0,100%,200,400,0
9300211,0,100%,210,420,0
9300212,0,100%,210,420,0
9300213,0,100%,240,480,0
9300214,0,100%,250,500,0
9300215,0,100%,300,600,0
9300217,0,100%,4,8,0
9300218,0,100%,8,16,0
9300219,0,100%,8,16,0
9300220,0,100%,34,68,0
9300221,0,100%,50,100,0
9300222,0,100%,56,112,0
9300223,0,100%,12,24,0
9300224,0,100%,74,148,0
9300225,0,100%,74,148,0
9300226,0,100%,80,160,0
9300227,0,100%,74,148,0
9300228,0,100%,96,192,0
9300229,0,100%,16,32,0
9300230,0,100%,82,164,0
9300231,0,100%,92,184,0
9300232,0,100%,68,136,0
9300233,0,100%,80,160,0
9300234,0,100%,64,128,0
9300235,0,100%,104,208,0
9300236,0,100%,112,224,0
9300237,0,100%,118,236,0
9300238,0,100%,48,96,0
9300239,0,100%,84,168,0
9300240,0,100%,90,180,0
9300241,0,100%,136,272,0
9300242,0,100%,140,280,0
9300243,0,100%,112,224,0
9300244,0,100%,112,224,0
9300245,0,100%,120,240,0
9300246,0,100%,124,248,0
9300247,0,100%,130,260,0
9300248,0,100%,132,264,0
9300249,0,100%,140,280,0
9300250,0,100%,150,300,0
9300251,0,100%,146,292,0
9300252,0,100%,90,180,0
9300253,0,100%,100,200,0
9300254,0,100%,146,292,0
9300255,0,100%,94,188,0
9300256,0,100%,120,240,0
9300257,0,100%,120,240,0
9300258,0,100%,130,260,0
9300259,0,100%,40,80,0
9300260,0,100%,160,320,0
9300261,0,100%,176,352,0
9300262,0,100%,176,352,0
9300263,0,100%,176,352,0
9300264,0,100%,206,412,0
9300265,0,100%,202,404,0
9300266,0,100%,142,284,0
9300267,0,100%,160,320,0
9300270,0,100%,160,320,0
9300274,0,100%,16,32,0
9300281,0,100%,20,40,0
9300287,0,100%,180,360,0
9300289,0,100%,180,360,0
9300294,0,100%,200,400,0
9300315,0,100%,102,204,0
9300316,0,100%,106,212,0
9300317,0,100%,110,220,0
9300318,0,100%,114,228,0
9300319,0,100%,118,236,0
9300320,0,100%,122,244,0
9300321,0,100%,126,252,0
9300322,0,100%,130,260,0
9300323,0,100%,134,268,0
9300324,0,100%,138,276,0
9300340,0,100%,30,60,0
9300367,0,100%,20,40,0
9300368,0,100%,40,80,0
9300369,0,100%,60,120,0
9300370,0,100%,80,160,0
9300371,0,100%,100,200,0
9300372,0,100%,120,240,0
9300373,0,100%,140,280,0
9300374,0,100%,160,320,0
9300375,0,100%,180,360,0
9300376,0,100%,180,360,0
9300377,0,100%,220,440,0
9302010,0,100%,2,4,0
9303000,0,100%,20,40,0
9303003,0,100%,20,40,0
9303006,0,100%,52,104,0
9303007,0,100%,52,104,0
9303014,0,100%,162,324,0
9400002,0,100%,60,120,0
9400003,0,100%,120,240,0
9400004,0,100%,90,180,0
9400009,0,100%,400,800,0
9400010,0,100%,400,800,0
9400011,0,100%,80,160,0
9400012,0,100%,120,240,0
9400013,0,100%,200,400,0
9400014,0,100%,230,460,0
9400100,0,100%,90,180,0
9400101,0,100%,94,188,0
9400102,0,100%,100,200,0
9400103,0,100%,144,288,0
9400110,0,100%,124,248,0
9400111,0,100%,128,256,0
9400112,0,100%,304,608,0
9400113,0,100%,310,620,0
9400120,0,100%,190,380,0
9400121,0,100%,260,520,0
9400200,0,100%,110,220,0
9400202,0,100%,2,4,0
9400203,0,100%,80,160,0
9400204,0,100%,110,220,0
9400205,0,100%,180,360,0
9400238,0,100%,60,120,0
9400240,0,100%,108,216,0
9400242,0,100%,20,40,0
9400243,0,100%,110,220,0
9400244,0,100%,118,236,0
9400245,0,100%,48,96,0
9400249,0,100%,108,216,0
9400316,0,100%,116,232,0
9400317,0,100%,120,240,0
9400318,0,100%,124,248,0
9400321,0,100%,140,280,0
9400543,0,100%,82,164,0
9400545,0,100%,160,320,0
9400546,0,100%,88,176,0
9400547,0,100%,54,108,0
9400557,0,100%,60,120,0
9400558,0,100%,60,120,0
9400559,0,100%,100,200,0
9400560,0,100%,100,200,0
9400578,0,100%,180,360,0
9400581,0,100%,160,320,0
9400582,0,100%,240,480,0
9400589,0,100%,240,480,0
9400590,0,100%,240,480,0
9400591,0,100%,240,480,0
9400592,0,100%,240,480,0
9400593,0,100%,240,480,0
9400609,0,100%,50,100,0
9400610,0,100%,50,100,0
9400611,0,100%,50,100,0
9400612,0,100%,50,100,0
9400613,0,100%,50,100,0
9400614,0,100%,16,32,0
9400615,0,100%,20,40,0
9400616,0,100%,30,60,0
9400617,0,100%,14,28,0
9400618,0,100%,44,88,0
9400619,0,100%,48,96,0
9400620,0,100%,20,40,0
9400621,0,100%,44,88,0
9400622,0,100%,40,80,0
9400623,0,100%,50,100,0
9400633,0,100%,64,128,0
9400655,0,100%,16,32,0
9400656,0,100%,20,40,0
9400657,0,100%,30,60,0
9400748,0,100%,20,40,0
9410000,0,100%,46,92,0
9410001,0,100%,50,100,0
9410002,0,100%,84,168,0
9410003,0,100%,80,160,0
9410004,0,100%,94,188,0
9410005,0,100%,76,152,0
9410006,0,100%,76,152,0
9410007,0,100%,76,152,0
9410008,0,100%,100,200,0
9410009,0,100%,72,144,0
9410011,0,100%,72,144,0
9410013,0,100%,120,240,0
9410014,0,100%,170,340,0
9410015,0,100%,170,340,0
9410067,0,100%,60,120,0
9420001,0,100%,16,32,0
9420002,0,100%,120,240,0
9420003,0,100%,80,160,0
9420005,0,100%,30,60,0
9420500,0,100%,56,112,0
9420501,0,100%,76,152,0
9420502,0,100%,36,72,0
9420503,0,100%,66,132,0
9420504,0,100%,100,200,0
9420505,0,100%,106,212,0
9420506,0,100%,46,92,0
9420507,0,100%,96,192,0
9420508,0,100%,86,172,0
9420509,0,100%,116,232,0
9420510,0,100%,126,252,0
9420511,0,100%,120,240,0
9420512,0,100%,136,272,0
9420513,0,100%,200,400,0
9420514,0,100%,170,340,0
9420515,0,100%,180,360,0
9420516,0,100%,190,380,0
9420517,0,100%,220,440,0
9420518,0,100%,210,420,0
9420519,0,100%,230,460,0
9420522,0,100%,280,560,0
9420527,0,100%,90,180,0
9420528,0,100%,94,188,0
9420529,0,100%,104,208,0
9420530,0,100%,112,224,0
9420531,0,100%,118,236,0
9420532,0,100%,118,236,0
9420533,0,100%,122,244,0
9420534,0,100%,130,260,0
9420535,0,100%,136,272,0
9420536,0,100%,144,288,0
9420537,0,100%,150,300,0
9420538,0,100%,164,328,0
9420539,0,100%,174,348,0
9420540,0,100%,188,376,0
9420544,0,100%,280,560,0
9420549,0,100%,280,560,0
9500100,0,100%,12,24,0
9500101,0,100%,14,28,0
9500102,0,100%,16,32,0
9500103,0,100%,30,60,0
9500104,0,100%,24,48,0
9500105,0,100%,30,60,0
9500106,0,100%,44,88,0
9500107,0,100%,60,120,0
9500108,0,100%,64,128,0
9500110,0,100%,70,140,0
9500111,0,100%,70,140,0
9500112,0,100%,70,140,0
9500113,0,100%,72,144,0
9500115,0,100%,74,148,0
9500117,0,100%,72,144,0
9500118,0,100%,78,156,0
9500119,0,100%,78,156,0
9500120,0,100%,90,180,0
9500121,0,100%,96,192,0
9500122,0,100%,98,196,0
9500123,0,100%,118,236,0
9500124,0,100%,120,240,0
9500125,0,100%,120,240,0
9500126,0,100%,128,256,0
9500127,0,100%,134,268,0
9500128,0,100%,136,272,0
9500129,0,100%,140,280,0
9500130,0,100%,140,280,0
9500131,0,100%,146,292,0
9500132,0,100%,150,300,0
9500133,0,100%,156,312,0
9500134,0,100%,160,320,0
9500135,0,100%,170,340,0
9500136,0,100%,196,392,0
9500137,0,100%,190,380,0
9500138,0,100%,180,360,0
9500139,0,100%,160,320,0
9500140,0,100%,200,400,0
9500156,0,100%,96,192,0
9500157,0,100%,70,140,0
9500158,0,100%,140,280,0
9500159,0,100%,140,280,0
9500160,0,100%,140,280,0
9500161,0,100%,160,320,0
9500162,0,100%,160,320,0
9500163,0,100%,166,332,0
9500164,0,100%,176,352,0
9500165,0,100%,176,352,0
9500166,0,100%,176,352,0
9500168,0,100%,40,80,0
9500169,0,100%,60,120,0
9500170,0,100%,90,180,0
9500171,0,100%,100,200,0
9500172,0,100%,100,200,0
9500173,0,100%,160,320,0
9500174,0,100%,160,320,0
9500175,0,100%,120,240,0
9500176,0,100%,120,240,0
9500177,0,100%,100,200,0
9500178,0,100%,80,160,0
9500179,0,100%,80,160,0
9500180,0,100%,180,360,0
9500181,0,100%,180,360,0
9500306,0,100%,40,80,0
9500307,0,100%,70,140,0
9500308,0,100%,100,200,0
9500309,0,100%,110,220,0
9500310,0,100%,118,236,0
9500311,0,100%,130,260,0
9500312,0,100%,140,280,0
9500313,0,100%,142,284,0
9500314,0,100%,154,308,0
9500315,0,100%,166,332,0
9500316,0,100%,180,360,0
9500317,0,100%,20,40,0
9500319,0,100%,140,280,0
9500320,0,100%,20,40,0
9500321,0,100%,20,40,0
9500322,0,100%,20,40,0
9500326,0,100%,90,180,0
9500327,0,100%,60,120,0
9500328,0,100%,70,140,0
9500329,0,100%,80,160,0
9500330,0,100%,100,200,0
9500331,0,100%,110,220,0
9500332,0,100%,90,180,0
9500333,0,100%,100,200,0
9500334,0,100%,110,220,0
9500335,0,100%,100,200,0
9500337,0,100%,40,80,0
9500338,0,100%,70,140,0
9500339,0,100%,76,152,0
9500341,0,100%,100,200,0
9500344,0,100%,118,236,0
9500346,0,100%,130,260,0
9500347,0,100%,130,260,0
9500348,0,100%,140,280,0
9500349,0,100%,120,240,0
9500352,0,100%,154,308,0
9500356,0,100%,170,340,0
9500359,0,100%,210,420,0
9500360,0,100%,210,420,0
9500361,0,100%,240,480,0
9500363,0,100%,220,440,0
9500366,0,100%,30,60,0
9500367,0,100%,30,60,0
9500368,0,100%,30,60,0
9500369,0,100%,30,60,0
9500370,0,100%,30,60,0
9500371,0,100%,30,60,0
9500372,0,100%,30,60,0
9500400,0,100%,2,4,0
9600000,0,100%,2,4,0
9600001,0,100%,40,80,0
9600002,0,100%,44,88,0
9600003,0,100%,50,100,0
9600004,0,100%,60,120,0
9600005,0,100%,70,140,0
9600006,0,100%,66,132,0
9600007,0,100%,76,152,0
9600008,0,100%,74,148,0
9600009,0,100%,100,200,0
9600010,0,100%,100,200,0
9600012,0,100%,160,320,0
9600013,0,100%,180,360,0
9600014,0,100%,190,380,0
9600015,0,100%,190,380,0
9600016,0,100%,190,380,0
9600017,0,100%,200,400,0
9600018,0,100%,210,420,0
9600019,0,100%,260,520,0
9600020,0,100%,240,480,0
9600021,0,100%,260,520,0
9600022,0,100%,250,500,0
9600023,0,100%,240,480,0
9600024,0,100%,250,500,0
9600025,0,100%,300,600,0
9600026,0,100%,280,560,0
9600037,0,100%,60,120,0
9600038,0,100%,60,120,0
9600039,0,100%,60,120,0
9600040,0,100%,60,120,0
9600041,0,100%,60,120,0
9600042,0,100%,60,120,0
9600043,0,100%,60,120,0
9600044,0,100%,60,120,0
9600045,0,100%,60,120,0
9600046,0,100%,60,120,0
9600047,0,100%,60,120,0
9600048,0,100%,60,120,0
9600049,0,100%,60,120,0
9600050,0,100%,60,120,0
9600051,0,100%,60,120,0
9600052,0,100%,60,120,0
9600053,0,100%,60,120,0
9600054,0,100%,60,120,0
9600055,0,100%,60,120,0
9600056,0,100%,60,120,0
9600057,0,100%,60,120,0
9600058,0,100%,60,120,0
9600059,0,100%,60,120,0
9600060,0,100%,60,120,0
9600061,0,100%,60,120,0
9600062,0,100%,60,120,0
9600065,0,100%,100,200,0
9700001,0,100%,50,100,0
9700002,0,100%,50,100,0
9700006,0,100%,80,160,0
9700011,0,100%,90,180,0
9700014,0,100%,100,200,0
9700019,0,100%,80,160,0
9700020,0,100%,30,60,0
9700029,0,100%,80,160,0
